FIPS,State,County,PCT_LACCESS_POP10,PCT_LACCESS_LOWI10,PCT_LACCESS_HHNV10,GROCPTH11,SUPERCPTH11,CONVSPTH11,SPECSPTH11,SNAPSPTH12,WICSPTH11,FFRPTH11,FSRPTH11,PC_SNAPBEN12,PCT_FREE_LUNCH10,PCT_DIABETES_ADULTS08,RECFACPTH11,METRO13,PCT_65OLDER10,PCT_18YOUNGER10,PERPOV10
1001,AL,Autauga,33.769657300333,9.7935303961319,3.2847855556541,0.090581351,0.0181163,0.561604377,0.0181163,0.674004155108021,0.0905665829777718,0.615953188,0.579720647,18.4714870452881,36.1167205169628,11.4,0.072465081,1,11.9953821626871,26.7779589892067,0
1003,AL,Baldwin,19.318472596371,5.46026062434935,2.14782715952621,0.14474573,0.0321657,0.573621967,0.107219059,0.725055471111344,0.139380291104317,0.648675309,1.15796584,15.8907222747803,36.7619385762471,9.8,0.085775247,1,16.7711848133213,22.9874084437495,0
1005,AL,Barbour,20.8409717095579,11.4203157161228,4.13586937061433,0.219370407,0.0,0.804358159,0.109685203,1.28059017438084,0.255941510200501,0.694672955,0.621549486,31.1162223815918,66.3889612080187,13.6,0.073123469,0,14.2368066431147,21.9069818261281,1
1007,AL,Bibb,4.55975268322501,2.14466099165866,3.45858009548548,0.26379424,0.0439657,0.835348428,0.0,0.719122007346108,0.263771057128906,0.26379424,0.219828534,22.4350490570068,53.502277904328,11.1,0.0,1,12.6816495745145,22.6969234126118,0
1009,AL,Blount,2.70084009496157,1.06246765359302,3.2693798439938,0.121608005,0.0173726,0.521177165,0.0173726,0.657143845329091,0.13899989426136,0.347451444,0.260588583,20.2723045349121,43.9313602622192,11.4,0.0521177,1,14.7220962283242,24.6083528139283,0
1011,AL,Bullock,37.4746522614449,20.151730144174,7.28556096874769,0.18735363,0.0,0.18735363,0.093676815,1.36846795239005,0.187318533658981,0.37470726,0.18735363,33.892448425293,90.1203293223559,14.9,0.0,0,13.4597764339381,22.2649807586586,1
1013,AL,Butler,6.24347021306235,2.83202911453761,4.65235745809504,0.143678161,0.0478927,1.053639847,0.0,1.34190180725858,0.19158923625946,0.814176245,0.670498084,32.6678924560547,67.874109263658,15.1,0.0,0,16.6563231011601,24.1371079390844,1
1015,AL,Calhoun,26.0610857412735,10.0438238858489,2.64551812963895,0.20376109,0.0254701,0.738633952,0.0169801,1.17580025462647,0.161294430494308,0.772594133,0.662223543,29.9752311706543,50.9823920979171,14.5,0.067920363,1,14.3288466079682,22.8772391458354,0
1017,AL,Chambers,19.7229671857821,8.8215249060472,4.42615957398336,0.23507978,0.029385,0.764009286,0.029385,1.0054603100047,0.176315009593964,0.675854368,0.528929505,28.581974029541,65.1300962917435,16.1,0.0,0,16.6768960982025,22.513517463101,0
1019,AL,Cherokee,0.305553251616403,0.132686376343904,3.56425239313189,0.153887585,0.0384719,0.654022237,0.0384719,1.19134545175051,0.230822503566742,0.654022237,0.269303274,27.4225025177002,50.8208772359716,13.6,0.0384719,0,17.8960329370118,21.4167532417561,0
1021,AL,Chilton,3.33771255654121,1.68860430459585,3.01851128419516,0.160227065,0.0228896,0.755356162,0.114447903,1.06688879253292,0.160230726003647,0.480681194,0.480681194,28.1759586334228,52.3094541290241,10.2,0.0457792,1,13.5668950347135,25.1128474211214,0
1023,AL,Choctaw,18.848790450188,11.6280684220673,6.48999786485748,0.220474756,0.0,1.175865363,0.073491585,1.19807330252573,0.220474749803543,0.440949511,0.440949511,31.9420890808105,68.343697003957,14.7,0.0,0,18.1759145681507,22.6639728696154,1
1025,AL,Clarke,19.5899081921323,11.2325126633504,7.27489939226082,0.195449926,0.07817997,0.625439762,0.07817997,1.5963859412053,0.390899837017059,0.938159643,0.508169807,33.3505630493164,60.0649350649351,14.1,0.07817997,0,16.1576278403592,24.7319320249294,1
1027,AL,Clay,5.33140753610718,1.92894833572518,3.28696529748998,0.219170076,0.0,0.36528346,0.0,0.756729934251334,0.219202101230621,0.292226768,0.438340152,19.7446784973145,52.4201355275895,13.2,0.0,0,17.5782371518806,22.5667527993109,0
1029,AL,Cleburne,0.980921024931906,0.536935554806783,3.54451826149258,0.20096463,0.0,0.602893891,0.0,1.12369651204603,0.334941059350967,0.535905681,0.20096463,23.7255687713623,48.5575121768453,11.0,0.0,0,15.769436281058,23.7176061982367,0
1031,AL,Coffee,22.8143677473256,7.42541165762085,4.45418854799407,0.099139469,0.0198279,0.495697347,0.0,0.731678763755561,0.11896500736475,0.71380418,0.416385772,16.1651630401611,36.3352364537326,12.1,0.0594837,0,14.4350124129094,24.1931608873228,0
1033,AL,Colbert,17.49017261828,5.08981574014763,2.33825817182416,0.183371841,0.0183372,0.898522023,0.073348737,1.02395033611285,0.165031626820564,0.880184839,0.568452708,22.5326347351074,44.4128113879004,13.5,0.091685921,1,17.3862717718821,22.1099434114794,0
1035,AL,Conecuh,28.1658721688061,14.7830950415939,6.62153420289746,0.379161295,0.0,1.364980663,0.075832259,1.75256143594484,0.151607036590576,0.227496777,0.379161295,39.9764862060547,81.275599765945,14.5,0.0,0,17.8560628968854,22.996673722407,1
1037,AL,Coosa,24.5882896120721,6.52448032255445,3.5283618495966,0.0,0.0,0.957854406,0.0,0.455954769286887,0.087054930627346,0.0,0.0,23.2880935668945,64.9960845732185,13.2,0.0,0,17.072536614958,20.5390415113961,0
1039,AL,Covington,8.82865337712673,3.04675343294484,4.26916141179753,0.236736197,0.026304,0.868032722,0.105216088,1.28441575549993,0.263026386499405,0.604992503,0.499776416,27.7976169586182,47.0196413321947,13.1,0.052608,0,18.3741559645174,22.5685158215279,0
1041,AL,Crenshaw,38.7162836206112,15.8353735546143,6.59457476080741,0.431716794,0.0,0.791480789,0.0,1.43790385571256,0.359738111495972,0.287811196,0.647575191,27.707914352417,50.3697259678121,12.6,0.0,0,15.8924205378973,23.7882928232418,0
1043,AL,Cullman,7.82949998604683,3.15337429880734,3.09226749826959,0.161669423,0.0124361,0.708858241,0.0621805,0.963451019393337,0.136814221739769,0.646677693,0.547188817,18.9764347076416,44.7588524974596,11.9,0.0373083,0,15.931646892023,23.1835932641843,0
1045,AL,Dale,27.555590623509,10.2838225669618,2.68597864553924,0.159658331,0.0199573,0.71846249,0.0399146,0.72522665397933,0.159642398357391,0.638633325,0.598718742,27.4772796630859,51.87854623524,13.5,0.0598719,0,13.4504785974408,24.8293566297188,0
1047,AL,Dallas,17.7672232028493,11.5634544299549,6.25208419615301,0.184945441,0.0231182,0.832254485,0.0,1.2967369665298,0.254299968481064,0.462363603,0.416127242,53.308406829834,77.0073447030997,15.6,0.0231182,0,14.0689183021451,26.4605203103606,1
1049,AL,DeKalb,3.76865468839694,2.25434084405849,4.13519661586286,0.196207588,0.0140148,0.644682074,0.0280297,1.17942224723316,0.154165267944336,0.54657828,0.462489314,26.102746963501,58.7118360518611,11.2,0.070074138,0,13.8871310242023,25.8279542673923,0
1051,AL,Elmore,18.9293026978905,6.55957621421939,3.10542941565686,0.087493438,0.0249981,0.737444692,0.0124991,0.815463418869141,0.137484535574913,0.399970002,0.449966253,20.3991107940674,41.0466193269528,9.9,0.0499963,1,11.8986671374349,23.5892715281894,0
1053,AL,Escambia,13.5408183697344,7.57671332523599,3.94120231926499,0.15705984,0.0,0.759122559,0.0,1.11201768700321,0.157063946127892,0.602062719,0.471179519,34.0209846496582,61.7094017094017,12.3,0.0523533,0,15.1674104230277,22.6493384482894,1
1055,AL,Etowah,23.7280405487798,8.61938578817429,2.76908117850033,0.162907028,0.0191655,0.680376411,0.0095828,0.967507088665799,0.153318390250206,0.728290243,0.507886617,21.8754291534424,48.6614369318889,11.6,0.067079364,1,15.8077180886718,22.9684956430145,0
1057,AL,Fayette,2.53762481328676,1.32962788743743,3.49312947985554,0.410557185,0.058651,0.64516129,0.0,0.745843883098785,0.293306738138199,0.879765396,0.410557185,28.5056648254395,48.2815734989648,12.7,0.0,0,17.8875935270576,22.2550896119715,0
1059,AL,Franklin,9.69522706613506,3.64389457646723,3.73974692882207,0.188875248,0.0314792,1.007334655,0.0314792,0.968168508548219,0.220326706767082,0.535146536,0.566625744,27.3206348419189,56.9868238557559,12.8,0.094437624,0,15.2188998233661,24.8139036083775,0
1061,AL,Geneva,2.26202707436108,0.930311950329936,1.66903830964848,0.411061286,0.0,0.523168909,0.0373692,0.860223039124677,0.224223628640175,0.411061286,0.33632287,29.0465927124023,54.0839406886152,12.6,0.0,1,17.4468085106383,22.3628219484882,0
1063,AL,Greene,36.3351571507788,20.9543777283803,8.00254826086214,0.224542495,0.0,1.234983721,0.0,1.70872765509989,0.224592924118042,0.0,0.0,49.0472946166992,87.2754491017964,18.2,0.0,0,16.0751796572692,24.2564953012714,1
1065,AL,Hale,0.552759256208705,0.226269136771758,8.07456204332396,0.325563224,0.0,0.846464383,0.0,0.98020102244173,0.260450571775436,0.26045058,0.325563224,34.0494804382324,67.6459219172787,15.1,0.0,1,15.0380710659898,24.8413705583756,1
1067,AL,Henry,2.23276436586013,0.99880500683284,4.94449577861015,0.172651934,0.0,0.863259669,0.0575506,1.01714197566572,0.17264199256897,0.575506446,0.517955801,24.7080879211426,53.3566433566434,13.5,0.0575506,1,17.5933418101954,22.6447809501792,0
1069,AL,Houston,21.0782473916253,7.3320376719232,2.4345560770696,0.156146309,0.0292774,0.712417535,0.06831401,1.17019013171892,0.214696988463402,0.888082133,0.761213257,24.8358516693115,53.6454678828858,12.4,0.0487957,1,14.451436280737,24.5462692152402,0
1071,AL,Jackson,9.1214280883021,4.0849241391838,3.4973670877979,0.206720289,0.0187928,0.732917387,0.0375855,1.03893572744362,0.20673194527626,0.563782605,0.544989852,22.5414981842041,50.0,11.9,0.0187928,0,16.48223645894,22.5167678058128,0
1073,AL,Jefferson,31.7801463799753,11.421992033587,2.86011795045617,0.155064922,0.0273644,0.696271905,0.072971728,0.835720927037864,0.145902648568153,0.919747822,0.586814313,24.6150035858154,42.5186561450432,12.0,0.094255149,1,13.1279367499613,23.4678783718522,0
1075,AL,Lamar,0.634317065439406,0.358371225761606,3.41851223934093,0.279974802,0.0,0.559949605,0.0,0.864950791313089,0.279974788427353,0.349968503,0.839924407,26.254825592041,50.1057082452431,12.7,0.0,0,18.7585828069212,22.1573743477067,0
1077,AL,Lauderdale,15.7306124721024,5.57933060578007,2.33443063525587,0.205176938,0.0215976,0.593933242,0.0323964,0.871676283921535,0.183573424816132,0.734317463,0.745116249,18.5092239379883,41.55695913553,12.8,0.064792717,1,16.7761490254452,21.5534629863336,0
1079,AL,Lawrence,3.92975475106663,1.64445826783187,3.40728363431064,0.17622698,0.0293712,0.616794431,0.0293712,0.802844927793211,0.176216632127762,0.528680941,0.528680941,24.5673713684082,50.2587176602925,12.9,0.0293712,1,14.557791432482,23.1922886513876,0
1081,AL,Lee,31.2269121232746,11.3516802840583,2.7635946462112,0.090204487,0.0208164,0.5204105,0.0208164,0.598160585461698,0.097134530544281,0.742452313,0.68694186,15.9100713729858,39.7747595340519,9.6,0.0555105,1,9.06686061020913,22.5252590073228,0
1083,AL,Limestone,12.2459677214997,3.94986145513128,2.77342905486398,0.151993453,0.0116918,0.654741027,0.0233836,0.708277241578631,0.105211474001408,0.467672162,0.43259675,18.0538692474365,39.2253638949306,10.4,0.0350754,1,12.3058152738518,23.989514628784,0
1085,AL,Lowndes,48.7007870919766,26.2192500522391,12.7121638540414,0.179694519,0.0,0.718778077,0.0,1.53510791808664,0.359098672866821,0.08984726,0.179694519,52.2081871032715,90.7717215326498,17.1,0.08984726,1,14.647313921586,24.1791308965395,1
1087,AL,Macon,34.988386829788,19.2128451902635,9.91654515610717,0.234918248,0.0,0.704754745,0.0,0.633065497930363,0.187961086630821,0.516820147,0.093967299,52.8887367248535,98.060098896919,16.2,0.0,0,14.1292187208652,20.6041394741749,1
1089,AL,Madison,32.869926039037,8.1045192151696,2.09962801169373,0.111923044,0.0294534,0.621467429,0.0441801,0.663353542419649,0.108975134789944,0.88360298,0.700991697,14.7957210540771,32.1264977096794,13.0,0.164939223,1,12.2077828984113,23.7417528097942,0
1091,AL,Marengo,26.570555011295,15.139067413595,4.83317990475211,0.242142477,0.0484285,0.871712916,0.0,1.25402349558028,0.290542840957642,0.677998935,0.532713449,32.404224395752,61.9857504022064,15.9,0.096856991,0,16.2838255576164,24.6873067960242,1
1093,AL,Marion,1.74841142581019,0.636106871723752,3.46557734462707,0.195758564,0.065252855,0.587275693,0.0326264,0.752904452578011,0.228377535939217,0.75040783,0.554649266,25.8393478393555,47.6431317013959,11.7,0.0,0,18.3422147127632,21.6564855731739,0
1095,AL,Marshall,13.7753976895457,6.56073071824546,3.50725807420187,0.234316754,0.0319523,0.62839493,0.0532538,0.940814833572494,0.159758016467094,0.745553307,0.702950261,23.2574806213379,48.5624518347264,11.5,0.042603,0,14.902331781679,25.0045689590299,0
1097,AL,Mobile,27.3064843928706,10.5885387726883,2.24803888208617,0.142776939,0.0193596,0.551748171,0.072598443,1.11933567830132,0.130674034357071,0.621926666,0.498509312,31.4581890106201,62.8533911310098,12.2,0.072598443,1,12.9109038431737,25.0806311018131,0
1099,AL,Monroe,30.9911517557748,16.9465622156425,6.82927993117186,0.263157895,0.0,0.701754386,0.0,1.13190573105625,0.307071417570114,0.438596491,0.438596491,30.8437004089355,60.8882159979813,13.5,0.0,0,15.6840645049419,25.3207907057396,1
1101,AL,Montgomery,28.0166370798913,11.2817478344067,2.62188869727428,0.152730383,0.0261824,0.593466631,0.069819604,0.847639282957273,0.122181110084057,0.763651914,0.58473918,32.3510513305664,64.5372489193999,12.7,0.082910779,1,11.9552848541395,24.4882566063402,0
1103,AL,Morgan,11.7245558358658,3.51208564407925,2.14399788033175,0.158324098,0.0166657,0.824951878,0.0583299,0.833367941636558,0.141651317477226,0.808286183,0.51663653,19.2310352325439,,11.0,0.0499971,1,14.1191731525651,23.9551426897648,0
1105,AL,Perry,9.17441959825085,5.59664810156483,11.5054573105118,0.38197097,0.0,0.668449198,0.0,1.84166584814851,0.382592052221298,0.190985485,0.668449198,58.8750343322754,96.8903436988543,17.5,0.0,0,16.7028609196488,24.1053724860731,1
1107,AL,Pickens,4.31191459156902,2.12177788537308,7.55375448848541,0.206675623,0.0,0.516689057,0.0,1.23250021472129,0.310013443231583,0.310013434,0.516689057,27.5375823974609,68.0550774526678,14.9,0.103337811,1,16.8945609237314,23.3009217056619,1
1109,AL,Pike,11.3462751531167,5.77462150938518,4.32288065182129,0.242666909,0.0303334,0.57633391,0.0,1.21049565025214,0.181724563241005,0.819000819,0.546000546,31.0589351654053,62.4542124542125,12.9,0.0606667,0,12.7997811483632,20.3106477400529,1
1111,AL,Randolph,4.63085886842535,2.04691545399329,4.6074378374933,0.175901495,0.0439754,0.659630607,0.087950748,0.801176038221242,0.219847857952118,0.395778364,0.483729112,33.7335052490234,57.8630136986301,12.9,0.0439754,0,16.9685331471217,23.8860035787544,0
1113,AL,Russell,16.0760046279592,7.79916613125722,3.56134586753773,0.145897543,0.0182372,0.62006456,0.0364744,0.913755332641531,0.218854293227196,0.784199296,0.401218244,36.6633033752441,61.5274803711635,13.6,0.072948772,1,12.6919372202391,25.4953066273821,0
1115,AL,St. Clair,4.47845479681521,1.16289657673177,2.98417261970233,0.142499198,0.0237499,0.676871193,0.0118749,0.772356292846221,0.166740104556084,0.546246927,0.510622128,19.745023727417,41.7933627595226,11.4,0.0474997,1,13.0501357769191,23.7172969028507,0
1117,AL,Shelby,26.6620220878156,3.8181155761209,1.30801067724155,0.141496324,0.0252672,0.510397453,0.0202138,0.504708678998645,0.131318435072899,0.687267858,0.641786896,9.55875968933106,23.4894190426607,8.0,0.101068803,1,10.5733398262296,25.610374964759,0
1119,AL,Sumter,16.1576618862208,10.5790237344487,7.92606217002663,0.370617449,0.0,1.037728856,0.0,1.25989920806336,0.518864452838898,0.518864428,0.370617449,43.6587715148926,85.5820750121773,17.1,0.07412349,0,14.989464506285,22.2916515294631,1
1121,AL,Talladega,15.0105837698585,5.94025119188919,3.84353770394569,0.13448748,0.0244523,0.855829421,0.0,1.09158288691568,0.146740525960922,0.562402191,0.550176056,27.776424407959,63.1090487238979,13.6,0.0244523,0,14.0853799321919,23.4351265630506,0
1123,AL,Tallapoosa,11.0484493460604,4.83976329899827,5.87989386852262,0.144948543,0.0241581,1.014639803,0.0,0.836005311568856,0.193250715732574,0.628110354,0.531477992,27.9016399383545,53.8585989322116,14.3,0.0241581,0,17.2842176086121,22.1525374855825,0
1125,AL,Tuscaloosa,20.2811408926328,7.37470609761605,2.25318453711216,0.137265568,0.0203356,0.549062273,0.0305035,0.766212142574204,0.111834645271301,0.79817386,0.564314003,18.6785297393799,48.1605232289482,11.1,0.066090829,1,10.8139487095183,21.4665872102581,0
1127,AL,Walker,11.2345925134807,3.87593613164761,4.71148504830996,0.150202022,0.0300404,0.796070715,0.0150202,0.942550953121618,0.150202021002769,0.735989906,0.540727278,24.9745273590088,47.405316824472,13.3,0.090121213,1,16.2541217194098,22.540023573997,0
1129,AL,Washington,9.71674240878386,3.46776794339572,4.79596632686558,0.172860847,0.0,0.518582541,0.0,1.01311200732558,0.230494409799576,0.172860847,0.403341976,24.786075592041,52.0479812755998,12.9,0.0,0,14.7318127524032,25.50480632501,0
1131,AL,Wilcox,44.3292251825124,27.5670225267726,12.6049968364541,0.786713287,0.0,0.611888112,0.0,1.84439973172368,0.524383842945099,0.437062937,0.437062937,56.2680587768555,96.433952787544,17.1,0.0,0,15.012853470437,26.9922879177378,1
1133,AL,Winston,4.13030716576368,1.45210968180699,2.03041591357308,0.36954915,0.0,0.903342367,0.0,1.05428350201869,0.328434199094772,0.4927322,0.944403383,19.9771213531494,46.3814292216659,10.0,0.0,0,17.6972716876327,21.6427054402875,0
2013,AK,Aleutians East,39.0337622081904,22.2769487799719,20.5236051607828,1.22624157,0.0,0.0,0.0,1.58177791838026,0.920245409011841,0.306560392,0.0,11.4759883880615,37.8181818181818,5.5,0.0,0,4.93473416109519,11.8115249920408,0
2016,AK,Aleutians West,13.7471062706965,7.53363830740036,8.94693040138952,0.536960802,0.0,0.357973868,0.0,0.97650381587645,0.716717422008514,0.357973868,0.357973868,6.91392755508423,12.7134724857685,5.9,0.0,0,3.4705988131631,14.6556374752742,0
2020,AK,Anchorage,30.1478544138043,4.57183492324992,0.96576468366898,0.108001931,0.0303755,0.20250362,0.091126629,0.389303774153578,0.0810389220714569,0.678387126,0.749263393,15.6575212478638,31.9321951614208,7.0,0.118127112,1,7.24370001302146,25.9695846154901,0
2050,AK,Bethel,78.0147836319144,38.5697836288255,60.8710174177822,1.320624713,0.0,0.344510795,0.0,3.19790375295841,1.09101355075836,0.40192926,0.344510795,91.8762283325195,66.8069753457607,5.5,0.0,0,6.11885029095398,36.5485217186857,0
2060,AK,Bristol Bay,43.5448916381276,7.2435251997146,13.8757026394905,2.912621359,0.0,0.970873786,0.0,2.01816347124117,1.94174754619598,0.0,1.941747573,17.0068035125732,33.3333333333333,6.8,0.0,0,8.32497492477432,22.567703109328,0
2068,AK,Denali,100.000000741717,18.5275186843021,2.75695085508192,0.0,0.0,1.604278075,0.0,0.0,,0.534759358,4.278074866,10.5203418731689,0.0,6.0,0.0,0,7.50273822562979,22.5082146768894,0
2070,AK,Dillingham,32.5682835161836,16.513495358528,26.8090615334457,1.212611156,0.0,0.404203719,0.0,1.78784266984505,1.21261119842529,0.202101859,0.606305578,60.9394989013672,63.6120996441281,7.8,0.0,0,7.57169383123582,32.906952754281,0
2090,AK,Fairbanks North Star,37.1476380622797,9.97811555203745,3.16798485160654,0.081519524,0.0305698,0.224178691,0.091709464,0.248490771767459,0.0815461128950119,0.438167441,0.591016548,11.3506517410278,16.1396540009408,5.2,0.071329583,1,6.53303409475205,25.6207663377092,0
2100,AK,Haines,20.7031787129413,4.89001456095311,2.01586221561059,1.165501166,0.0,0.0,0.0,1.17554858934169,0.777302742004395,0.388500389,2.71950272,12.2510986328125,40.0,6.6,0.0,0,13.755980861244,19.896331738437,0
2105,AK,Hoonah-Angoon,78.8333136975405,32.1405466773097,28.2178691950214,0.0,0.0,0.0,0.0,3.28792860497886,0.956937789916992,0.0,0.0,32.487190246582,40.8163265306122,,0.0,0,13.3953488372093,19.7209302325581,0
2110,AK,Juneau,32.4161728749042,6.13461526967872,2.85834151271219,0.186555562,0.093277781,0.155462969,0.0310926,0.404431338821313,0.155511319637299,0.715129656,0.870592625,15.6094045639038,21.6529250098155,5.3,0.186555562,0,8.42525979216627,23.4564348521183,0
2122,AK,Kenai Peninsula,20.3784987064715,5.90728742052977,3.33756928043652,0.337453822,0.0355215,0.35521455,0.195368002,0.597539543057997,0.195374935865402,0.586104007,1.207729469,14.8480052947998,27.7152353382653,6.3,0.159846547,0,11.3285198555957,23.6660649819495,0
2130,AK,Ketchikan Gateway,7.68772136045804,0.888592193936217,2.22665335231762,0.219876869,0.0,0.366461448,0.219876869,0.580593657014297,0.219538971781731,0.513046028,0.879507476,24.8114356994629,32.3097463284379,7.2,0.366461448,0,10.1432069451658,23.944498033687,0
2150,AK,Kodiak Island,10.4153995126322,3.69789106942884,4.97514671991076,0.361794501,0.0,0.1447178,0.0,0.708148980499567,0.217296823859215,0.361794501,0.795947902,12.1732835769653,34.9317738791423,6.2,0.0,0,6.73190111830489,28.64920541495,0
2164,AK,Lake and Peninsula,99.9999995955034,45.9140934517317,53.5421410679523,0.0,0.0,0.0,0.0,3.77871825876663,1.2135922908783,0.0,0.0,46.3468933105469,62.5,7.2,0.0,0,7.78663396689148,30.1655426118945,0
2170,AK,Matanuska-Susitna,22.9627822909305,5.77279866973903,2.576472980532,0.130831543,0.0327079,0.218052572,0.0436105,0.38949516458167,0.0872257873415947,0.403397259,0.501520917,17.6449871063232,26.4242637156742,5.8,0.0763184,1,7.94314287319512,28.899376369459,0
2180,AK,Nome,53.3719662468099,35.9692351353818,43.8059900036597,1.534526854,0.0,0.204603581,0.0,2.88283745167255,1.94373404979706,0.306905371,0.511508951,84.8529586791992,72.1048513302035,7.1,0.0,0,6.3527180783818,34.3341761483354,0
2185,AK,North Slope,38.4796782984211,3.81936577496376,15.3748270154736,1.047230076,0.0,0.209446015,0.0,1.34812817587888,0.837696313858032,0.314169023,0.628338046,28.8898067474365,34.1671101649814,7.1,0.104723008,0,4.26299045599152,23.8706256627784,0
2188,AK,Northwest Arctic,57.4549657445001,32.3322622352147,43.6709966331821,0.908500973,0.0,0.38935756,0.0,2.43277848911652,1.68721604347229,0.129785853,0.0,80.2409057617188,71.0362694300518,6.6,0.0,0,6.04811910142231,35.2917718995082,0
2195,AK,Petersburg,4.80586321189804,1.54770290346293,5.2293494510768,0.0,0.0,0.0,0.0,0.780437044745057,0.921942234039307,0.0,0.0,22.135814666748,45.144804088586,,0.0,0,11.480996068152,23.3551769331586,0
2198,AK,Prince of Wales-Hyder,25.0149251570117,7.83811685123357,4.63013743893099,0.0,0.0,0.0,0.0,1.36208195676114,0.627549409866333,0.0,0.0,32.1969680786133,51.3790386130812,,0.0,0,10.0557654254362,25.6161180068358,0
2220,AK,Sitka,18.2109313330946,5.89463422162609,1.8857702390337,0.337533753,0.0,0.337533753,0.112511251,0.35006264278871,0.337609708309174,0.337533753,0.900090009,15.5176239013672,29.4742729306488,6.8,0.225022502,0,11.3500731899561,23.5333858799685,0
2230,AK,Skagway,0.30991257868935,0.0966394049089352,0.275893912484041,0.0,0.0,0.0,0.0,1.04275286757039,,0.0,0.0,29.5295295715332,3.125,,0.0,0,9.09090909090909,15.702479338843,0
2240,AK,Southeast Fairbanks,29.0692579430818,9.16646601886634,4.45125693138672,0.559518814,0.0,0.699398517,0.0,0.979843225083987,0.419697821140289,0.699398517,1.398797035,25.062744140625,32.0266272189349,6.3,0.0,0,9.44657846066297,26.3053065869967,0
2261,AK,Valdez-Cordova,27.9542956939807,10.8638961869648,5.3370810299645,0.718538288,0.0,0.718538288,0.205296654,1.68090288497822,0.513452470302582,0.821186615,1.539724902,15.1343946456909,25.0779787897692,6.2,0.205296654,0,8.28144458281445,24.3669572436696,0
2270,AK,Wade Hampton,66.430852002044,44.0966733723299,68.4704045762997,0.0,0.0,0.0,0.0,2.78524779101037,,0.0,0.0,,,6.4,0.0,0,5.41627564016624,41.5739375251374,1
2275,AK,Wrangell,21.5544294931285,2.17215184015401,1.98939083172681,0.0,0.0,0.0,0.0,1.04036620890553,0.835073053836823,0.0,0.0,17.4642467498779,41.3294797687861,,0.0,0,15.7872520050654,21.9501899535669,0
2282,AK,Yakutat,0.380989835716485,0.0890781929787452,3.58309652892579,3.048780488,0.0,0.0,0.0,2.9940119760479,3.04878044128418,0.0,0.0,22.2138557434082,71.4285714285714,7.3,0.0,0,9.66767371601208,24.4712990936556,0
2290,AK,Yukon-Koyukuk,99.9999999174615,50.0888213529234,50.1782305600149,2.131060202,0.0,1.065530101,0.0,6.6580011554015,1.5982950925827,0.0,0.532765051,86.3560943603516,26.7197986577181,6.9,0.0,0,10.1825340014316,27.7738010021475,1
4001,AZ,Apache,65.3637090916053,43.8280386544464,11.9356936013007,0.138544452,0.0,0.471051137,0.0,0.812897055809823,0.360180646181107,0.221671123,0.193962233,48.6487121582031,24.5493149587373,13.6,0.0,0,11.5607259710842,31.6843312173159,1
4003,AZ,Cochise,39.3048067101528,12.3356354335201,2.95960580084553,0.112822673,0.015043,0.428726157,0.0601721,0.767165324127349,0.120200432837009,0.518984295,0.684457549,22.0012245178223,43.1360231940082,8.4,0.082736627,1,17.2734609352397,23.0307736817261,0
4005,AZ,Coconino,30.2461549000208,13.0958482292468,2.83394412558584,0.126694539,0.0223579,0.618567457,0.09688406,0.569806853857409,0.16385018825531,0.916672256,1.102987755,22.6491775512695,29.161227154047,7.1,0.059621,1,8.87063777237188,23.6480907001138,0
4007,AZ,Gila,23.90305271997,11.5456433856678,3.52909718926863,0.131032159,0.0187189,0.580285276,0.0374378,0.824803050830448,0.168400570750237,0.617723035,0.935943993,32.867374420166,42.1613021661975,10.9,0.093594399,0,23.2289120659738,21.4023172938784,0
4009,AZ,Graham,31.3339851586413,13.7023186277925,4.75693003096249,0.161620515,0.0269368,0.511798298,0.0269368,0.674844986102202,0.134647488594055,0.53873505,0.457924793,26.3742160797119,29.8199316982304,9.1,0.080810258,0,11.4481461579796,28.4121440085975,0
4011,AZ,Greenlee,70.6093923778353,25.8671366626861,6.23443614254856,0.116699732,0.0,0.933597853,0.116699732,1.08876770430963,0.11659087985754,0.116699732,0.70019839,15.8489627838135,24.3360098826436,8.2,0.0,0,12.0421950930426,29.1928410572478,0
4012,AZ,La Paz,43.3299246944164,18.9422494789787,6.69718932754938,0.340103003,0.0485861,0.923136721,0.097172286,1.59426721233338,0.388198763132095,0.777378292,1.263239724,26.3436145782471,59.3000393236335,12.0,0.0,0,32.6175020742838,17.9510957098931,0
4013,AZ,Maricopa,12.8966744835505,3.6673818967017,0.78453996860169,0.12533511,0.0219659,0.258164484,0.0571115,0.531306496499769,0.107353039085865,0.685079127,0.583002078,19.7942733764648,32.5289156537916,7.4,0.072099991,1,12.120168179283,26.4037230192315,0
4015,AZ,Mohave,44.1456989161237,17.2537897743666,2.44651450105711,0.108517114,0.0147978,0.434068455,0.024663,0.629915967488631,0.108480729162693,0.547518164,0.64123749,27.4362640380859,49.8791799828514,11.1,0.073988941,1,23.3073241885047,20.6133296034688,0
4017,AZ,Navajo,33.1088502312733,18.232078512282,7.25642206395157,0.148812292,0.0186015,0.558046095,0.0186015,0.782023269277457,0.241759270429611,0.539444558,0.678956082,42.5724983215332,39.4630245118405,12.9,0.0279023,0,13.2537296764046,29.7564425913689,1
4019,AZ,Pima,23.6883545782775,7.26106541686967,1.23520070791091,0.116479641,0.0121544,0.309937131,0.0597591,0.591079080822066,0.0890321508049965,0.618861396,0.618861396,22.2970676422119,39.5271008632936,7.8,0.102299511,1,15.4339192645239,22.9852600781627,0
4021,AZ,Pinal,17.3484233488066,4.77103355228251,2.82587377231937,0.081961579,0.0158635,0.19565022,0.0264392,0.405302492481252,0.0871264114975929,0.359573377,0.277611798,18.9180698394775,41.3497831108107,8.4,0.0237953,1,13.8571466588605,26.532187242196,0
4023,AZ,Santa Cruz,27.5249041880103,10.7810755298261,1.38584604638748,0.147012496,0.0210018,0.336028562,0.126010711,0.558456475628748,0.104856975376606,0.588049984,0.861073191,31.5433902740479,66.0294973801669,6.3,0.0210018,0,13.1252636018558,30.7043441585829,0
4025,AZ,Yavapai,33.2874608002184,12.0812856195862,2.26461904138049,0.15174291,0.0237098,0.393583172,0.0569036,0.63488480367951,0.108992859721184,0.630681468,0.981586946,18.1574745178223,34.8640299019795,8.0,0.099581284,1,24.0564271938512,19.0818497580947,0
4027,AZ,Yuma,22.3511278784904,10.5296899476169,2.04854543820334,0.162897804,0.0246815,0.310986716,0.0246815,0.53327467311929,0.128152683377266,0.498566006,0.380094876,25.1280269622803,33.6920008398068,10.0,0.0394904,1,15.6556032919372,28.1914268637197,0
5001,AR,Arkansas,22.0705841501417,7.92258021445207,2.84759947575523,0.158990938,0.052997,0.688960729,0.0,0.948373209118498,0.264942765235901,0.847951667,0.63596375,24.845703125,53.7378792618079,12.6,0.052997,0,16.3783584836216,23.2662074767338,0
5003,AR,Ashley,19.8670861220724,11.2959356252153,4.16334511311852,0.322982513,0.0461404,0.922807179,0.0,1.0066282599269,0.276867717504501,0.738245744,0.415263231,27.2833595275879,76.5025970813752,11.3,0.0,0,16.217452981284,24.390243902439,0
5005,AR,Baxter,11.9958177923962,5.41741245713596,2.81818584247959,0.169323432,0.0241891,0.532159358,0.072567185,0.686188527252647,0.120927758514881,0.701482789,0.919184345,17.1531639099121,46.975845410628,11.8,0.096756247,0,28.0851781369691,18.0810830342302,0
5007,AR,Benton,19.6943944525188,6.33760408043811,2.15799528102369,0.117993069,0.0305908,0.349609093,0.0305908,0.564362431903376,0.09600530564785,0.642406709,0.603075686,10.9350662231445,36.5379632029023,7.8,0.109252842,1,12.1921577309015,27.942658094597,0
5009,AR,Boone,30.0105789379863,10.7585471150575,3.09852229277908,0.134905431,0.0269811,0.512640639,0.0539622,0.980076977344371,0.107903964817524,0.64754607,0.593583898,19.9242343902588,42.578922569499,10.1,0.0269811,0,18.082540714847,23.2636912988104,0
5011,AR,Bradley,10.9022319042102,4.69519934166442,2.45215088031201,0.262582057,0.0,0.525164114,0.0,0.855488286391156,0.174871027469635,0.262582057,0.350109409,29.4426689147949,63.6542239685658,12.2,0.087527352,0,17.7354883559263,23.2968369829684,1
5013,AR,Calhoun,65.3440771079738,31.8821454741921,3.83795088849161,0.381460996,0.0,0.381460996,0.0,0.879341749890082,0.19073049724102,0.190730498,0.381460996,16.5624599456787,50.4332755632582,12.6,0.0,0,17.1944858420268,20.5290611028316,0
5015,AR,Carroll,8.59542592634748,4.05445586719905,2.01759159211705,0.218595162,0.0364325,0.510055377,0.145730108,0.860195581311119,0.182069763541222,0.546487904,1.821626348,15.1929693222046,53.1920460491889,10.9,0.072865054,0,18.69489178751,22.5278729140858,0
5017,AR,Chicot,5.09891159598211,2.94882227456995,3.90228426342407,0.42760626,0.0,0.85521252,0.085521252,1.30470276101344,0.341763496398926,0.513127512,0.598648764,36.3413429260254,98.2132221560453,14.7,0.0,0,18.2118644067797,23.0847457627119,1
5019,AR,Clark,9.14315047002979,3.91202683100871,3.77092335866697,0.1745353,0.0436338,0.436338249,0.0,0.574061155679572,0.174466788768768,0.785408849,0.479972074,17.9526634216309,48.6379114642452,10.1,0.08726765,0,14.8293107197217,19.482496194825,0
5021,AR,Clay,10.4184871049223,5.02638912101954,2.18954348979004,0.189012097,0.0,0.315020161,0.0,0.908569242540168,0.188988283276558,0.56703629,0.441028226,16.1084938049316,49.4286767416144,12.0,0.063004032,0,20.0211403345147,22.3217061493502,0
5023,AR,Cleburne,13.6553452113582,4.82848580148144,3.14815211628511,0.308999614,0.038625,0.540749324,0.115874855,0.858906798925398,0.115874856710434,0.579374276,0.926998841,14.3722763061523,42.4179722140112,11.9,0.038625,0,23.5579514824798,19.8767809010397,0
5025,AR,Cleveland,24.5019947159827,8.80240646821174,3.67587331922878,0.230627306,0.0,0.461254613,0.0,0.705150496503226,0.115300357341766,0.230627306,0.115313653,22.7043876647949,38.1191672648959,11.8,0.0,1,16.2964667970998,24.7554379100012,0
5027,AR,Columbia,17.9456247170191,7.38317675744155,3.98849137666616,0.202576777,0.0405154,0.648245685,0.081030711,0.827442487639439,0.242885485291481,0.60773033,0.405153553,26.2448883056641,56.3117763343688,12.0,0.162061421,0,15.9986966438579,22.7842945584881,1
5029,AR,Conway,21.1614083627459,9.3877200810959,5.18746557785581,0.189438788,0.0473597,0.852474544,0.0473597,0.919966802900049,0.141998395323753,0.331517878,0.568316363,23.9385623931885,51.5391648887534,10.4,0.094719394,0,16.8852536078597,24.1855873642646,0
5031,AR,Craighead,25.0199238536902,10.2996719124989,2.70524878205106,0.172922388,0.0305157,0.325500966,0.0305157,0.860613960328203,0.162614852190018,0.813752416,0.76289289,19.7388191223145,46.2206301985308,10.1,0.091547147,1,12.1729933743247,25.0313656771357,0
5033,AR,Crawford,21.1002981825707,9.61216870350289,3.26111133127666,0.129451933,0.032363,0.40453729,0.032363,0.612092252391868,0.129435181617737,0.485444748,0.614896681,20.7993412017822,49.8541243037751,8.2,0.064725966,1,13.2901788596888,26.3931038935882,0
5035,AR,Crittenden,12.0252522701524,4.39332608683788,2.74369330300982,0.198004118,0.0198004,0.594012355,0.0396008,1.25780505521014,0.257369667291641,0.653413591,0.376207825,37.7522773742676,78.823095369858,13.8,0.0396008,1,10.7598915563239,29.0931594043456,1
5037,AR,Cross,16.492072945649,7.91434397198954,4.13557553814359,0.224769611,0.0561924,0.337154417,0.0,0.989651077305887,0.224618151783943,0.505731625,0.618116431,21.1783771514893,58.1255138394081,12.3,0.112384806,0,15.4392837157247,25.1482932288752,0
5039,AR,Dallas,18.8070223360944,9.76168386808477,6.7187207274671,0.248539829,0.0,0.994159314,0.0,1.12683110053837,0.124177321791649,0.372809743,0.248539829,23.677698135376,54.8497854077253,13.6,0.0,0,18.1616559881715,23.570724494825,0
5041,AR,Desha,30.2134013068012,15.9008708135203,6.42706380184044,0.471438674,0.0,0.550011786,0.0,1.46804835924007,0.235682293772697,0.707158011,0.707158011,36.915641784668,69.9186991869919,13.3,0.078573112,0,15.1445264452645,25.9609471094711,1
5043,AR,Drew,19.0479343405984,7.39506337622043,3.23687379777197,0.106809079,0.0534045,0.640854473,0.0534045,0.79585267388714,0.106769166886806,0.694259012,0.587449933,26.6918754577637,54.1180183023036,10.6,0.0534045,0,14.7765951699173,23.5615106164569,0
5045,AR,Faulkner,25.3354439009289,9.07514241330352,3.07473573712526,0.120458085,0.0172083,0.361374255,0.0172083,0.480888035224873,0.0860067084431648,0.619498722,0.619498722,14.6039695739746,34.8264842742614,9.3,0.103249787,1,9.99496630959845,24.4990594946881,0
5047,AR,Franklin,10.4471018388701,5.56022761162858,3.89835856834327,0.111154338,0.0,0.277885844,0.0555772,0.706566916043225,0.111104935407639,0.333463013,0.555771689,21.2779788970947,43.5920047031158,10.9,0.0,0,16.5903448275862,24.4468965517241,0
5049,AR,Fulton,18.9478519175352,9.29829046052291,2.48156351911984,0.081712698,0.0,0.326850793,0.0,0.649456080532554,0.0817060247063637,0.326850793,0.571988887,19.1865234375,50.9969788519637,11.4,0.0,0,22.3928133932217,21.2168231931401,0
5051,AR,Garland,31.5152153994947,11.5282545326153,3.46120035422616,0.144577318,0.0413078,0.475039759,0.0619617,0.720651923401064,0.123900383710861,0.8055022,1.043022079,19.2131843566895,49.0095224855773,10.2,0.072288659,1,20.9301841206365,20.9249770890611,0
5053,AR,Grant,11.8773879127502,4.04451328035784,3.00415482615246,0.111532456,0.0557662,0.55766228,0.0,0.551354757403907,0.111451655626297,0.27883114,0.55766228,15.7345247268677,35.25085369057,9.4,0.0,1,14.5129670083459,24.1696073489049,0
5055,AR,Greene,22.0622798989519,8.26647109906322,3.10258842652183,0.116956329,0.0233913,0.397651517,0.0,0.681525071627706,0.0935519337654114,0.631564174,0.608172908,22.0676727294922,45.5163043478261,9.6,0.093565063,0,14.335946780708,25.160370634355,0
5057,AR,Hempstead,24.4818986728692,10.5990308997244,3.2500865383354,0.222321032,0.0444642,0.622498888,0.0,0.730046633591085,0.177888467907906,0.444642063,0.578034682,25.0421352386475,68.8550012923236,13.0,0.133392619,0,15.0205670308284,25.99849617409,0
5059,AR,Hot Spring,18.2868940291205,8.63914138970018,2.45817621244011,0.181110206,0.030185,0.543330617,0.0,0.850951268690983,0.150893285870552,0.482960548,0.332035377,19.4673347473145,48.0988949241431,10.7,0.030185,0,15.685083376363,23.345381648088,0
5061,AR,Howard,14.7063379162686,7.3329383568443,2.5044681707482,0.289414659,0.072353665,0.723536647,0.0,0.813008130081301,0.361794501543045,0.578829318,0.434121988,22.9691867828369,58.7072481957954,11.8,0.072353665,0,15.2585394154761,26.2745666835884,0
5063,AR,Independence,18.6828762930761,7.76573589264996,3.07440417590318,0.13569994,0.02714,0.569939749,0.05428,0.886788206167004,0.162685394287109,0.732779678,0.651359713,19.0449752807617,46.6922953708153,10.1,0.05428,0,15.6356591262586,23.9910497448632,0
5065,AR,Izard,5.91595507309945,2.6508893576883,2.79525776600028,0.294833051,0.0,0.589666102,0.0,1.32353668794221,0.294789582490921,0.294833051,0.442249576,18.1338844299316,46.4571124134257,9.8,0.0,0,23.576226635514,19.1661799065421,0
5067,AR,Jackson,13.7941784406036,8.55572486106057,4.50580284043569,0.167747707,0.0,0.44732722,0.0559159,1.18371212121212,0.279532611370087,0.335495415,0.559159025,26.2599697113037,58.6122448979592,11.4,0.111831805,0,15.8693115519253,20.7479024281825,0
5069,AR,Jefferson,17.0287156926183,6.86804695176935,1.99727375361176,0.171034628,0.0131565,0.513103884,0.092095569,1.14422600805642,0.118371210992336,0.763077571,0.447321335,34.3290367126465,61.025721455458,12.5,0.026313,1,13.2433654032414,23.7980241492865,1
5071,AR,Johnson,9.0796026130547,4.36378391808493,2.96085106213011,0.039,0.039,0.468000468,0.0,0.733562410717733,0.0779180303215981,0.546000546,0.39000039,21.6198463439941,60.1469237832874,9.9,0.039,0,14.6789350039154,24.7807361002349,0
5073,AR,Lafayette,21.1078674680234,8.87738618694269,8.73024807735254,0.132749237,0.0,0.929244657,0.265498473,1.54424600510273,0.265428006649017,0.265498473,0.39824771,26.2039031982422,72.8122344944775,13.5,0.0,0,19.3982995421844,23.2308698495749,1
5075,AR,Lawrence,25.2468503033741,13.0928125510554,2.17738372189199,0.231535078,0.0,0.463070155,0.115767539,1.31279880868407,0.289351850748062,0.347302616,0.694605233,21.1989593505859,54.0017590149516,11.2,0.0,0,18.1452770600057,22.9227677289693,0
5077,AR,Lee,31.4230230490872,15.8424731073243,9.51358677110552,0.097172286,0.0,0.0,0.0,1.1175280605586,0.097153402864933,0.291516859,0.194344573,37.5642166137695,84.5874886672711,12.7,0.0,0,15.4163468917882,20.7214121258634,1
5079,AR,Lincoln,34.3332947162185,20.6318126839217,9.41419502839121,0.069754464,0.0,0.48828125,0.0,0.502328440063353,0.0697398707270622,0.069754464,0.558035714,22.9185771942139,50.8782201405152,10.4,0.069754464,1,12.4380925428046,19.4071034385171,0
5081,AR,Little River,6.55364547533663,3.55186690047069,4.64910645031909,0.231767614,0.077255871,0.5407911,0.0,0.928864463193746,0.231785520911217,0.309023486,0.309023486,21.9800777435303,50.753524550316,11.9,0.0,1,17.1057626603903,23.8174777921191,0
5083,AR,Logan,13.7509160949278,6.83610311810889,2.75003613331418,0.134958838,0.0,0.764766746,0.0,0.629274136074846,0.0899280607700348,0.404876513,0.629807909,26.5301933288574,50.0140964195094,9.6,0.0449863,0,17.1878495056592,24.5649353554333,0
5085,AR,Lonoke,19.0432736088443,6.34203180934433,2.46316899421349,0.129574707,0.0143972,0.388724121,0.0143972,0.616895049089095,0.12950199842453,0.561490397,0.518298828,15.1567087173462,32.2498545666085,10.9,0.0287944,1,11.1548364444965,27.5484229621394,0
5087,AR,Madison,26.1097976741798,11.9800112813403,3.07230123253873,0.255493102,0.0,0.574859479,0.063873275,0.463406839245765,0.127713918685913,0.191619826,0.574859479,18.2274971008301,51.3142857142857,9.8,0.0,1,15.6009416555322,24.1840045810269,0
5089,AR,Marion,13.5433657859156,5.50044933307599,1.93344522796153,0.239908835,0.0599772,0.299886043,0.0,0.679019797199421,0.239923223853111,0.359863252,0.839680921,21.0953330993652,53.861686017163,11.8,0.0,0,23.8035188854861,17.9126884044917,0
5091,AR,Miller,25.250139731698,9.87869828599337,2.317564534809,0.159996343,0.0228566,0.639985372,0.0228566,0.826954515591817,0.114267431199551,0.571415511,0.617128751,20.0138969421387,54.8692860418896,13.8,0.068569861,1,13.763747641618,24.2717776448392,0
5093,AR,Mississippi,12.9129579009324,6.87686699196203,3.88286359491641,0.326008998,0.0217339,0.608550129,0.0217339,1.26750362143892,0.260733544826508,0.630284063,0.54334833,29.6206016540527,72.6487523992322,12.6,0.0434679,0,12.2310671256454,28.1927710843374,1
5095,AR,Monroe,12.5199121998003,6.24655900745272,5.6862925278044,0.493949123,0.0,0.987898246,0.0,2.1078180889116,0.370461851358414,0.493949123,0.617436404,32.004753112793,89.7497982243745,13.3,0.0,0,18.9102957418088,22.5794576021598,1
5097,AR,Montgomery,23.554572890178,9.85764780630784,3.85687977155922,0.106416942,0.0,0.532084708,0.0,0.740542469664525,0.212833881378174,0.212833883,0.744918591,19.699728012085,60.882140274765,10.9,0.0,0,22.4096131548435,21.0603984399705,0
5099,AR,Nevada,26.3836557844744,10.8516649561091,4.77922048192113,0.111049417,0.0,1.221543587,0.0,0.887021475256769,0.111012436449528,0.333148251,0.111049417,24.783878326416,62.9731589814178,13.2,0.0,0,17.6503278870735,23.6856730021118,1
5101,AR,Newton,35.2911202003544,15.1774581746188,7.11601913018113,0.484144275,0.0,0.121036069,0.121036069,1.04089372578119,0.121036067605019,0.242072137,0.363108206,18.6471519470215,58.9565217391304,12.7,0.0,0,20.4201680672269,20.8403361344538,1
5103,AR,Ouachita,28.1343992483384,15.4310044672559,5.32078641293477,0.194340796,0.0,0.50528607,0.0,1.02378327295637,0.271981984376907,0.427549751,0.427549751,28.5600814819336,60.0138121546961,13.4,0.116604478,0,17.0405819295559,23.5260336906585,0
5105,AR,Perry,10.6031809580212,5.16989286134388,3.8370101496412,0.096366965,0.0,0.481834827,0.0,0.620627397878583,0.0963669642806053,0.289100896,0.289100896,19.7816753387451,41.3056379821959,10.0,0.0,1,16.7257060794639,22.9966491144088,0
5107,AR,Phillips,36.9611923697494,24.0554005342247,9.30957822060199,0.373744452,0.0467181,0.373744452,0.093436113,1.57573133179369,0.233568459749222,0.513898622,0.420462509,45.9096755981445,88.253223915592,13.8,0.0467181,0,14.9561060808016,28.0967045088937,1
5109,AR,Pike,19.493434022695,9.11874932942237,4.13443811747317,0.445156695,0.0,0.534188034,0.0,1.34109836697193,0.355903536081314,0.267094017,0.534188034,20.8555603027344,52.8580603725112,11.0,0.0,0,17.3766716854132,24.6833761402887,0
5111,AR,Poinsett,11.377096522161,5.48235035150954,2.43983518881221,0.245499182,0.0409165,0.613747954,0.0409165,1.09364929169924,0.245448961853981,0.736497545,0.368248773,29.8369159698486,71.0063176895307,11.9,0.0,1,15.8646218931782,24.2403286824228,1
5113,AR,Polk,36.8423777600289,18.8487962153863,2.60956471953888,0.291913983,0.0486523,0.632480296,0.0,0.7612394769837,0.194571450352669,0.486523304,0.875741948,25.2579669952393,63.9231431029538,10.7,0.0486523,0,19.4802052076275,23.8166682799342,0
5115,AR,Pope,14.1599472542228,5.90888886767226,2.29550935005897,0.095764037,0.0159607,0.526702206,0.0319213,0.532409251440559,0.143595635890961,0.813994318,0.446898841,15.7768154144287,44.9551345962114,9.6,0.095764037,0,13.1376105191567,23.0608543576125,0
5117,AR,Prairie,6.1400590812967,1.60305089221951,4.33206795615395,0.348837209,0.0,1.162790698,0.11627907,0.975407897848191,0.465278595685959,0.465116279,0.697674419,18.6429347991943,58.443579766537,11.1,0.0,0,19.7016637980493,21.5490533562823,0
5119,AR,Pulaski,30.5626883334951,10.1194294170123,2.66370804915093,0.157753589,0.0181029,0.52239713,0.0594809,0.704883794871531,0.105948083102703,0.879282299,0.840490433,22.5743293762207,55.0108134505372,10.0,0.126720096,1,11.9943147972034,24.0850376749193,0
5121,AR,Randolph,30.6643669719735,14.1726587872583,3.60748646486183,0.278241514,0.0556483,0.333889816,0.0,0.669269380925823,0.111290410161018,0.556483027,0.500834725,21.6660118103027,58.4232365145228,11.4,0.111296605,0,18.7044354165507,23.2121987867995,0
5123,AR,St. Francis,30.2447462957467,14.666874338948,10.0823864015213,0.250178699,0.0357398,0.679056469,0.0357398,1.31320745686458,0.214369937777519,0.42887777,0.536097212,35.9692077636719,99.3415276558385,12.9,0.0,0,12.1983155212683,23.628706914856,1
5125,AR,Saline,22.4227963943626,6.15496137162023,3.02637402702527,0.082185026,0.0182633,0.283081756,0.0,0.54539764853145,0.0912900194525719,0.520505164,0.39266179,12.9519872665405,30.0091379835516,9.6,0.082185026,1,14.8201049310107,24.4020612782165,0
5127,AR,Scott,17.8418261525438,7.4110134772411,2.89113768137647,0.178015131,0.0,0.534045394,0.0,1.18831365425371,0.177967607975006,0.178015131,0.712060525,25.7965354919434,54.8363095238095,10.9,0.0,0,17.047983619692,25.6654500133535,0
5129,AR,Searcy,33.2607496324563,19.1284903299378,6.368814114888,0.371747212,0.0,0.743494424,0.123915737,1.50909620748512,0.247800767421722,0.495662949,0.371747212,19.8432540893555,61.4574187884109,12.5,0.0,0,21.2934716290421,20.4392922513728,1
5131,AR,Sebastian,14.3045551414459,5.29427960085849,1.36795521224437,0.173329342,0.0315144,0.44120196,0.094543277,0.857527388508348,0.118085131049156,0.701195972,0.77210343,21.0705337524414,52.0059057122493,10.1,0.118179096,1,13.1362132586843,25.3546888917165,0
5133,AR,Sevier,33.9347454072733,19.856970795546,3.51818416326715,0.116448326,0.0582242,0.756914119,0.0,1.14494187964526,0.17424638569355,0.349344978,0.407569141,24.6827201843262,62.7242322894497,12.1,0.0582242,0,12.5864696916403,29.5462539570876,0
5135,AR,Sharp,20.678178362101,8.83336620233474,4.01283999439499,0.173721698,0.0579072,0.405350628,0.0579072,0.830694656190141,0.231602102518082,0.521165094,0.810701257,24.0346031188965,53.4188034188034,11.2,0.0579072,0,23.9457831325301,21.5303521779425,0
5137,AR,Stone,24.4912009163778,12.3595671052588,5.64188562438263,0.160038409,0.080019205,0.320076818,0.080019205,0.730474611071626,0.240019202232361,0.720172841,0.800192046,19.3631553649902,48.3578708946772,11.0,0.0,0,22.8013554945942,20.6148136194933,0
5139,AR,Union,21.6983018157867,11.1894159438821,4.72783941018634,0.193297412,0.0241622,0.990649238,0.144973059,0.999176189427492,0.14493453502655,0.579892237,0.579892237,24.2227668762207,50.9431524547804,11.1,0.0483244,0,15.5647349840294,24.1624438627249,0
5141,AR,Van Buren,12.8557855705289,6.48708196645082,5.60986027022866,0.116292592,0.0581463,0.872194441,0.0,0.606772362497553,0.232706964015961,0.29073148,0.523316665,20.2367763519287,53.7945492662474,11.1,0.0581463,0,22.6828563168546,20.4509973980919,0
5143,AR,Washington,19.9155434635338,7.29958799735701,1.71408322533896,0.149229303,0.0240692,0.341783242,0.0529523,0.686656165793959,0.12497716397047,0.770215757,0.876120423,16.7375240325928,46.3914984525212,7.8,0.115532364,1,9.67227242508557,25.3534582522838,0
5145,AR,White,14.3029276238584,5.79907086225358,3.01788224696787,0.153836293,0.0128197,0.48714826,0.0128197,0.766522704784715,0.153718054294586,0.640984552,0.705083007,17.8825302124023,42.3982535474817,8.8,0.12819691,0,14.0744200529348,23.9153562717318,0
5147,AR,Woodruff,5.32861957539021,2.45783365466145,7.94504924423969,0.2787068,0.0,0.696767001,0.0,1.12676056338028,0.418060213327408,0.418060201,0.2787068,31.6303424835205,73.8745980707396,12.2,0.0,0,17.8099173553719,23.030303030303,1
5149,AR,Yell,7.52979490607776,3.48236706598643,2.78810113250332,0.182448458,0.0456121,0.456121146,0.0,0.813119338561615,0.136580929160118,0.50173326,0.50173326,19.4843444824219,62.8310502283105,11.7,0.0,0,15.4022988505747,26.2835249042146,0
6001,CA,Alameda,10.6222597614563,1.60412838343544,0.449325001149595,0.25257552,0.0039159,0.193837027,0.101813388,0.559747092724092,0.116264030337334,0.711388415,0.914362541,12.0336027145386,34.9122603137711,7.6,0.094634239,1,11.1070132446429,22.5536344139562,0
6003,CA,Alpine,55.5400795805009,12.9882342102254,1.46456425799941,0.914913083,0.0,0.0,0.0,0.0,,1.829826167,2.74473925,17.1921920776367,45.4545454545455,8.4,0.0,0,14.1276595744681,21.7872340425532,0
6005,CA,Amador,12.4974579413817,3.15009199324027,2.50905797402022,0.293028584,0.0,0.266389621,0.0532779,0.796543809909545,0.239757046103477,0.319667546,1.038919524,12.9472942352295,32.2340919647004,9.3,0.106555849,0,20.6479220813316,16.7834921635032,0
6007,CA,Butte,22.1587343188535,7.21909629389655,2.09568848975454,0.209088058,0.00454539,0.295450517,0.081817066,0.869673812135411,0.131846949458122,0.668172707,0.56817407,19.1203289031982,47.3296146694877,8.3,0.072726281,1,15.3713636363636,20.9854545454545,0
6009,CA,Calaveras,8.57298952154722,2.14707815147033,2.23494222451209,0.287846246,0.0,0.442840378,0.088568076,0.690998763279842,0.243578389286995,0.575692492,0.863538737,16.3539752960205,35.7621303708544,7.3,0.110710095,0,20.9860020185177,19.6213085260433,0
6011,CA,Colusa,8.2682819551374,2.68231773074604,1.82476194384151,0.468033324,0.0,0.655246654,0.140409997,0.980804259492784,0.422000288963318,0.748853318,0.468033324,10.8821229934692,58.5221257675206,7.6,0.0,0,11.6485363462347,29.9267005929315,0
6013,CA,Contra Costa,19.6393639740171,2.7035880115957,0.786487780676679,0.196964496,0.00468963,0.204467905,0.06377898,0.454413390675718,0.114505395293236,0.561817776,0.643417353,9.59656238555908,30.4927781990578,7.0,0.105985657,1,12.4342127213365,24.8330592693215,0
6015,CA,Del Norte,27.1074916800147,10.2173224375682,2.65757435253624,0.246071642,0.0,0.246071642,0.0351531,0.966183574879227,0.246114894747734,0.527296376,0.562449467,27.6093559265137,53.8353601496726,8.1,0.070306183,0,13.5372247465921,21.4540370499825,0
6017,CA,El Dorado,27.9278912548146,4.75281782795274,1.52280335728606,0.176820003,0.0,0.31496063,0.082884376,0.499831082016604,0.105019956827164,0.535985633,0.911728139,9.44349098205566,22.1667808107491,7.1,0.082884376,1,14.6494493477228,22.7413315070309,0
6019,CA,Fresno,12.2125497672353,5.45208378274372,1.24515546876075,0.247777447,0.00531711,0.29988515,0.081883534,0.961604397111494,0.301230788230896,0.605087413,0.521077034,33.138355255127,59.8202731476946,8.5,0.0414735,1,10.040410554033,29.8250308990274,0
6021,CA,Glenn,12.9109910374029,5.33826335264245,2.79501403048906,0.213068182,0.0,0.674715909,0.213068182,0.854410784033533,0.284252405166626,0.426136364,0.568181818,16.6463508605957,55.1041034970689,7.7,0.0355114,0,13.2885285541569,27.9674276367257,0
6023,CA,Humboldt,16.3258577016268,6.50285007374263,1.63532089842107,0.325349936,0.00739432,0.391898787,0.118309068,0.87952215308012,0.192286357283592,0.702460089,0.961261175,16.7526035308838,40.2598120508568,9.4,0.096126117,0,13.166398015198,20.1013199824696,0
6025,CA,Imperial,16.1469952849907,8.04700348996058,1.85571143497786,0.22707017,0.022707,0.323574993,0.0340605,0.56749252134337,0.187699437141418,0.459817095,0.442786832,27.6464443206787,62.93807394715,6.7,0.0340605,1,10.4006233956729,29.2778236156949,0
6027,CA,Inyo,41.1353673261665,10.7776359570129,2.17433257389154,0.21737949,0.0,0.815173088,0.108689745,0.847075786248536,0.217474043369293,0.706483343,1.576001304,14.3894033432007,40.4018658055257,8.0,0.21737949,0,19.0607139005716,21.0287932707862,0
6029,CA,Kern,15.2525790403905,5.40417624745015,1.06565107640163,0.213250515,0.00471272,0.292188551,0.06597806,0.786167194995939,0.271181643009186,0.622078851,0.471271857,23.5670547485352,59.0360121062713,7.0,0.0483054,1,8.98454201905361,30.2610313340027,0
6031,CA,Kings,21.396949411825,5.64046780107655,1.11650833129573,0.210484773,0.00657765,0.289416563,0.0263106,0.772971115985307,0.164597138762474,0.591988423,0.302571861,20.8139133453369,57.4540139740482,5.7,0.072354141,1,7.86367023571401,27.8124223764887,0
6033,CA,Lake,17.6023452163226,7.73338959854719,2.77334972869084,0.34228992,0.0,0.435641716,0.0311173,0.824437741275026,0.233473941683769,0.466758981,0.715697105,23.4343662261963,57.8995123057729,9.2,0.0622345,0,17.6911776076703,21.1428129590969,0
6035,CA,Lassen,48.3043754695512,29.7211497002903,1.77821085896224,0.204415372,0.0,0.496437332,0.087606588,0.708103076039377,0.175243884325027,0.379628548,0.525639528,13.0233106613159,29.1939443535188,6.5,0.116808784,0,9.95558102880069,18.0341023069208,0
6037,CA,Los Angeles,6.24792472009594,1.41943731433875,0.22467955338264,0.203419017,0.00414728,0.184301069,0.093768985,0.649081965568744,0.159870773553848,0.729415482,0.72071631,16.6904678344727,51.3262663024699,7.8,0.072223361,1,10.8538738446042,24.4658788086495,0
6039,CA,Madera,19.8227629705034,7.53312155825944,1.72091201100111,0.230451158,0.0,0.296294345,0.065843188,0.906047029041682,0.224123612046242,0.493823909,0.316047302,24.6121349334717,63.1047244357017,7.8,0.0460902,1,11.4420176979419,28.4022138998442,0
6041,CA,Marin,16.4003077291124,1.97660091823672,0.505331330529549,0.250484335,0.00391382,0.17220798,0.097845443,0.38954344336878,0.0783198848366737,0.669262832,1.181972956,5.62411689758301,20.4608961504323,6.4,0.219173793,1,16.7157272521978,20.6862671299359,0
6043,CA,Mariposa,17.2909837427078,5.92027693237757,3.30857840810692,0.495212942,0.0,0.440189281,0.0550237,0.791212882807409,0.110083661973476,0.495212942,0.660283922,14.3957595825195,40.3361344537815,8.3,0.11004732,0,20.9358391321024,17.7634102240973,0
6045,CA,Mendocino,18.0011356187968,7.48360100104226,2.07741202739405,0.537960557,0.0,0.469284741,0.068675816,1.08851473974775,0.229005888104439,0.595190404,1.213272746,22.9315452575684,55.635103926097,7.0,0.194581478,0,15.3607085529536,22.1548024271126,0
6047,CA,Merced,14.306044586945,5.50461052598386,1.61592682303986,0.21571067,0.00770395,0.288898219,0.0616316,0.855873887268638,0.273779273033142,0.489200985,0.288898219,29.2761859893799,65.0595034477792,7.5,0.0500757,1,9.36694905646363,31.5481658997705,0
6049,CA,Modoc,35.7530296749205,14.9925964179525,3.11228263286769,0.525486075,0.0,0.42038886,0.0,0.964940495336121,0.420521438121796,0.735680504,0.945874934,14.3266735076904,50.9991311902693,8.2,0.0,0,19.6675614288664,21.928556679744,0
6051,CA,Mono,47.9713174235421,8.15181303275905,3.12637651577365,0.348942704,0.0,0.697885407,0.139577081,0.557568999163646,0.138667404651642,1.256193733,2.651964547,7.1822943687439,41.3752222880854,7.0,0.069788541,0,9.6958174904943,20.9759188846641,0
6053,CA,Monterey,11.9120399316319,3.11799671157215,0.916907556083925,0.265930924,0.00712315,0.261182158,0.10922163,0.63208533093387,0.19736436009407,0.58409828,0.793044007,14.9861297607422,57.5236950643249,7.8,0.0593596,1,10.7026263862554,26.7464468735619,0
6055,CA,Napa,14.1426669922855,2.64400025910237,0.968575915559293,0.27555201,0.00725137,0.27555201,0.116021899,0.429117671736968,0.166969150304794,0.551104021,0.971683405,7.51809787750244,34.9078172885149,7.3,0.145027374,1,15.0889481550951,23.0693707687348,0
6057,CA,Nevada,23.9361461564639,5.34288228619559,1.65348523948483,0.253256884,0.0,0.28364771,0.131693579,0.57736133154275,0.101320199668407,0.536904593,0.992766983,10.683521270752,24.5080371945506,6.9,0.182344956,0,19.4139565023693,19.3451055040298,0
6059,CA,Orange,7.3278992420831,0.958060706381229,0.288571330965679,0.181760721,0.00589494,0.200755535,0.069101824,0.38439566119937,0.140943542122841,0.843304246,0.80302214,9.98532581329346,37.7966034441711,7.0,0.098904032,1,11.6162807384946,24.4718347290176,0
6061,CA,Placer,15.212823703333,2.23939556655728,0.938717794186244,0.179550842,0.0084164,0.272131745,0.0561096,0.483850454266455,0.103841580450535,0.768702044,0.833228128,7.00582504272461,20.1657991131675,7.1,0.13185765,1,15.3722964595674,24.4193989071038,0
6063,CA,Plumas,7.68552470205368,1.78410650093274,1.66245404194142,0.507202272,0.0,0.710083181,0.101440454,1.13837483031771,0.304336786270142,0.659362954,1.978088862,11.9256505966187,28.8677614520311,8.0,0.152160682,0,20.7627330434348,17.9987004548408,0
6065,CA,Riverside,19.8197327414279,6.17863095101425,0.964333959214771,0.157878965,0.00760324,0.190528157,0.0491974,0.454612303894496,0.123528569936752,0.595288677,0.487054372,16.6091270446777,45.5248480792839,8.1,0.0590369,1,11.8095158064724,28.3200762134067,0
6067,CA,Sacramento,13.409047858546,3.66032980332217,0.762720858892917,0.179852855,0.0083652,0.249563264,0.0585567,0.627936105561766,0.119966045022011,0.653186533,0.621816848,21.2978038787842,44.0350555962448,8.4,0.084349595,1,11.1751015655616,25.588953388385,0
6069,CA,San Benito,17.6643136902612,2.97667662240497,0.482292799631489,0.214155691,0.0,0.142770461,0.0535389,0.385287016853011,0.160765960812569,0.464003998,0.499696613,15.290735244751,45.6179775280899,7.2,0.0535389,1,9.69802239953681,29.0687365430893,0
6071,CA,San Bernardino,22.3109159458357,7.4625558443679,1.267885846018,0.162433614,0.00533364,0.218194407,0.0450935,0.607989603998373,0.13051663339138,0.652643716,0.462087267,24.9578914642334,55.5850015596173,7.7,0.0528515,1,8.9105301172852,29.2150687152677,0
6073,CA,San Diego,14.7550033683753,2.7273860467904,0.457952801556226,0.195874407,0.00414043,0.22358347,0.073890833,0.482468661569926,0.160006523132324,0.747826192,0.750055657,11.3754081726074,39.9019926939273,7.1,0.102555381,1,11.3534560155952,23.3956307488128,0
6075,CA,San Francisco,3.31485542764002,1.37728193022273,0.440880388308379,0.390790573,0.00122505,0.13475537,0.229084129,0.625507297618774,0.0772364586591721,0.92246176,2.160986115,9.31833362579346,49.4277880958698,7.9,0.135980419,1,13.6409867926754,13.3531205176129,0
6077,CA,San Joaquin,11.3787437877439,3.58304151264746,0.605777423500091,0.238824523,0.00575481,0.222998802,0.079128607,0.692534903094928,0.155532643198967,0.57691948,0.506423085,22.3615398406982,51.067738569392,7.9,0.0517933,1,10.3867469422419,29.2896895693311,0
6079,CA,San Luis Obispo,17.0536948569845,3.98926132572229,1.10505803966898,0.25815969,0.003688,0.298727642,0.121703854,0.468818988563971,0.121748752892017,0.807671031,1.150654619,9.10787296295166,33.5132139315092,6.4,0.132767841,1,15.2137874253163,18.8553499705159,0
6081,CA,San Mateo,11.5035003749043,1.53371283545471,0.327338479073204,0.23044572,0.0054868,0.196153203,0.085045444,0.340519754203576,0.101591974496841,0.687222059,1.017801932,5.42950916290283,29.4588406243808,6.8,0.144028575,1,13.3985477088904,22.238399000071,0
6083,CA,Santa Barbara,13.7919902831593,2.95770495008946,0.735675620089519,0.279304696,0.0046942,0.23236273,0.09623103,0.493914188786525,0.1292654722929,0.671270109,0.910674134,10.7295579910278,45.0211206831292,7.5,0.122049111,1,12.8328949386051,23.1300204059968,0
6085,CA,Santa Clara,9.54631128646821,1.26600999612176,0.334127485375469,0.179731968,0.00496193,0.179180643,0.074428882,0.394420910104141,0.08939578384161,0.71010667,0.85731046,8.45694923400879,31.1318587370395,7.4,0.110816336,1,11.0540725914634,24.1095012353773,0
6087,CA,Santa Cruz,16.1521870094061,4.03508569191366,0.854500875445737,0.260276195,0.00377212,0.192378057,0.098075088,0.513851820753491,0.101932182908058,0.645032308,0.91285274,12.2257251739502,43.315566789384,6.2,0.165973226,1,11.112804994245,21.1211134910169,0
6089,CA,Shasta,23.0556164788509,7.41295986011652,2.01406247742543,0.213969988,0.0112616,0.433570765,0.090092626,0.807267460308572,0.135156437754631,0.748894958,0.630648385,19.8486747741699,42.3368351696621,7.1,0.078831048,1,16.909204787189,22.3740710855814,0
6091,CA,Sierra,88.1179970036565,21.4427357349251,4.43764192855962,0.0,0.0,0.322580645,0.0,0.648088139987038,0.322684735059738,0.322580645,0.64516129,13.2551069259644,32.5526932084309,8.8,0.0,0,20.8641975308642,17.037037037037,0
6093,CA,Siskiyou,19.5746328937191,8.44422491376757,3.25717491063723,0.403460797,0.0,0.650020173,0.112072444,0.962540200208362,0.313830971717835,0.650020173,1.120724436,19.8531532287598,52.2220489630438,8.0,0.067243466,0,19.5590200445434,20.7683741648107,0
6095,CA,Solano,22.3832169020933,4.06823237676613,1.07970041149268,0.168005914,0.0120004,0.280809885,0.064802281,0.526234065426521,0.110495910048485,0.64802281,0.583220529,14.4194049835205,37.1840320591862,9.9,0.09120321,1,11.3336591313773,24.5642854377952,0
6097,CA,Sonoma,16.4182066034228,3.82303147142439,1.01752163376939,0.274690358,0.00409986,0.26239079,0.125045611,0.577775337905383,0.139509215950966,0.559630357,1.000364887,10.2771663665771,34.9905827210904,6.6,0.118895827,1,13.9216910047574,22.0036868797507,0
6099,CA,Stanislaus,13.4099827328945,4.8237908343633,1.1218522470599,0.25867028,0.00579113,0.29920816,0.0598416,0.850861691130338,0.220241338014603,0.631232699,0.492245683,24.181339263916,53.5730667787929,8.1,0.073354259,1,10.6581164848878,28.604751065695,0
6101,CA,Sutter,35.2693770666738,10.4389596728745,1.19662002239834,0.285532995,0.0211506,0.391285956,0.074027073,1.03309409049132,0.116420596837997,0.539340102,0.539340102,17.8119678497314,44.9533502968618,7.9,0.084602369,1,12.6560900176277,27.5626207289655,0
6103,CA,Tehama,15.7060118529334,8.1293709010586,1.96344900933982,0.205218874,0.0,0.410437748,0.110502471,0.916054211483666,0.126310467720032,0.536726285,0.489368084,21.9082565307617,60.5363644436551,8.7,0.0157861,0,15.8690890755243,25.4636559885288,0
6105,CA,Trinity,16.8166353906533,6.83298918430766,1.22514044927446,0.658039044,0.0,0.584923594,0.0,1.15826309823057,0.219282209873199,0.877385392,0.658039044,16.9052562713623,48.2938114517062,9.6,0.219346348,0,20.0855940809517,18.2794138981576,0
6107,CA,Tulare,14.2989768044191,8.05591298996716,1.75222932719365,0.239182042,0.00670604,0.288359658,0.067060386,0.971472737182054,0.221543908119202,0.48059943,0.469422699,35.0609741210938,65.5831486040596,7.6,0.0335302,1,9.44843604060799,32.5940399702383,0
6109,CA,Tuolumne,28.0053728769576,8.69000896906972,2.39821934770866,0.218850306,0.0182375,0.401225562,0.0364751,0.661938972004148,0.14591883122921,0.565363292,1.258389262,13.7744216918945,36.7381394563566,6.8,0.109425153,0,20.3991691501851,17.4875824076583,0
6111,CA,Ventura,15.4597874141821,2.46868069648894,0.550514741908782,0.204575266,0.00361015,0.203371882,0.08303349,0.494628466436438,0.142135113477707,0.665471305,0.664267921,11.1882038116455,37.4457175744258,7.1,0.095067329,1,11.6976672440054,25.739143320078,0
6113,CA,Yolo,9.39774324113981,2.34537076626586,0.591107859578315,0.192990964,0.009897,0.247424313,0.0445364,0.662198662864944,0.158447995781899,0.682891104,0.613612296,11.9092359542847,42.5261458788714,6.7,0.084124266,1,9.84371343646222,22.7190576004859,0
6115,CA,Yuba,20.7720278694429,11.8408002323843,1.68045286667399,0.124119099,0.013791,0.344775275,0.096537077,0.932452074705866,0.262097895145416,0.427521342,0.317193253,25.9444103240967,57.5174197255944,6.2,0.027582,1,10.0547432610353,29.0901531425404,0
8001,CO,Adams,14.8880042106119,4.53016591794132,0.715803208092453,0.126261787,0.0265814,0.26359917,0.0465175,0.472151750007615,0.0796102657914162,0.591436793,0.451884291,16.4151058197022,41.5447861491027,6.5,0.0509477,1,8.34731648109275,28.5602679329624,0
8003,CO,Alamosa,6.62949239303425,2.71464256422406,1.76892688871365,0.248185146,0.0620463,0.496370292,0.0620463,0.763768474940137,0.248108178377152,0.806601725,1.178879444,32.7957992553711,56.122022565817,5.6,0.18613886,0,11.3434768533506,24.7847199741017,1
8005,CO,Arapahoe,17.0035012465869,3.53882185009142,0.676952471155591,0.131634057,0.0205144,0.258139515,0.0581241,0.469177303964205,0.0682775601744652,0.765870879,0.711165816,11.9217863082886,31.9412509971376,5.9,0.104281526,1,10.0663807707302,25.7558089730299,0
8007,CO,Archuleta,22.6851000927691,7.74062704253757,1.44149856495215,0.332944898,0.0,0.499417346,0.249708673,0.711129522231428,0.166361674666405,0.665889795,1.914433161,12.4271421432495,40.2144772117962,5.4,0.083236224,0,17.5107580271433,19.9271764316452,0
8009,CO,Baca,25.2171199774243,8.3489116833716,0.779424961812451,0.529380625,0.0,0.794070937,0.0,1.53292455345241,0.529520809650421,0.264690312,0.529380625,13.0082397460938,39.5569620253165,8.2,0.0,0,24.0496304118268,21.4889123548046,0
8011,CO,Bent,25.6905419191983,12.6554702810882,2.18683745368879,0.316055626,0.0,0.474083439,0.0,1.11149604480628,0.157753586769104,0.158027813,0.474083439,18.4261798858643,59.1549295774648,5.6,0.0,0,13.6636405600862,16.8641329435298,0
8013,CO,Boulder,15.5696754444202,2.84222492911184,0.566455951448362,0.163051797,0.0166379,0.269534604,0.073206929,0.355640130399562,0.0631445348262787,0.848534863,1.104759116,7.85938787460327,21.8202640797629,3.5,0.186344911,1,10.0218286501882,21.3038120359714,0
8014,CO,Broomfield,14.9960104323414,1.28091848643636,0.275375279242425,0.139263643,0.0348159,0.226303421,0.121855688,0.313046759751621,0.121777251362801,1.166333014,0.80076595,4.52469491958618,15.4814348646948,4.5,0.121855688,1,9.85524879672208,26.2162500670973,0
8015,CO,Chaffee,7.63490623297136,1.85755767606758,0.706940967629438,0.332981852,0.055497,1.109939508,0.110993951,0.817263544536272,0.166389346122742,1.220933459,1.997891115,9.19597244262695,26.8968871595331,5.0,0.332981852,0,19.7821326295693,16.7780335785277,0
8017,CO,Cheyenne,33.8590553236232,11.5543296002541,3.25194113174893,1.079330815,0.0,1.079330815,0.0,1.06723585912487,1.0741138458252,0.539665407,1.079330815,7.51879692077637,24.7619047619048,6.1,0.0,0,17.8649237472767,24.5098039215686,0
8019,CO,Clear Creek,13.8963910547632,2.37532537524674,2.15770656085477,0.22217285,0.0,0.777604977,0.111086425,0.44316419233326,0.111098766326904,1.110864252,2.55498778,9.64279079437256,18.5035389282103,5.4,0.111086425,1,12.455985915493,17.2865316901408,0
8021,CO,Conejos,5.61744426724973,2.20597725460306,4.0490145375416,0.483150139,0.0,0.241575069,0.120787535,1.067472306143,0.241283625364304,0.120787535,0.362362604,28.0171546936035,54.9287042777433,6.2,0.0,0,15.1889534883721,28.2945736434109,0
8023,CO,Costilla,99.9434509645857,55.3490597109231,8.86139168255877,0.550055006,0.0,0.825082508,0.0,3.19977740678909,0.274574398994446,0.0,1.375137514,37.8324546813965,69.488188976378,7.3,0.0,0,22.900113507378,20.8853575482406,1
8025,CO,Crowley,53.4849448209001,29.9693033655715,5.87836272958665,0.17067759,0.0,0.17067759,0.0,0.372786579683131,0.170010194182396,0.0,0.51203277,18.3072681427002,60.446247464503,4.7,0.0,0,10.5443929246093,13.5497166409068,0
8027,CO,Custer,24.7374883358484,8.15825355492907,1.80932026049202,0.236518448,0.0,0.473036897,0.236518448,0.764885855495411,0.236518442630768,0.709555345,1.182592242,12.8296222686768,29.7356828193833,6.4,0.0,0,22.4206815511163,17.1562867215041,0
8029,CO,Delta,4.38281343112846,1.66319661867885,1.03206015034641,0.230475438,0.0329251,0.395100751,0.065850125,0.413490185769366,0.164527803659439,0.395100751,1.053602002,15.4821720123291,37.3514431239389,6.7,0.0329251,0,20.1570173171362,22.1342724218144,0
8031,CO,Denver,14.2490876985914,6.37619542738006,1.64714752595098,0.163072611,0.0113021,0.351978507,0.085572756,0.561016819993746,0.0531818009912968,0.871873365,1.112445831,19.6708316802979,64.0345660892999,5.4,0.124322684,1,10.3526071467847,21.4553500911427,0
8033,CO,Dolores,20.0419486248237,8.64928192475446,0.0569832430442469,0.489236791,0.0,0.0,0.0,0.501504513540622,0.489236801862717,0.0,1.467710372,11.8632822036743,36.2459546925566,5.7,0.0,0,18.7984496124031,22.3837209302326,0
8035,CO,Douglas,18.5424698728384,1.59331607010171,0.554617769506241,0.075247118,0.0239423,0.205219414,0.071826795,0.250937522704537,0.0478611215949059,0.666963095,0.636180183,2.83384609222412,8.2225656877898,3.4,0.119711325,1,7.1262676685408,30.4807944931953,0
8037,CO,Eagle,15.2672784230085,4.22752994394419,0.938509612877038,0.308332691,0.0385416,0.366145071,0.134895552,0.300407397411677,0.153633430600166,0.828644107,2.447390735,4.11964225769043,31.4553990610329,3.0,0.173437139,0,5.6286759775466,24.5224821349886,0
8039,CO,Elbert,27.676876567225,6.53630618181591,1.24687356943885,0.043163,0.043163,0.258977901,0.043163,0.167500605853255,0.0862961709499359,0.258977901,0.561118785,6.2870774269104,16.439877811719,4.7,0.0,1,9.49926362297496,25.3573594386208,0
8041,CO,El Paso,29.5790170148619,8.65383857793539,1.88331228708375,0.087967879,0.021992,0.281183042,0.065975909,0.439042592558138,0.0627825185656548,0.669184224,0.625200284,14.1098766326904,27.1745253914459,5.5,0.087967879,1,9.97182863194501,26.1426438660181,0
8043,CO,Fremont,31.825625072576,10.3561643146093,1.72583296791672,0.12680968,0.0211349,0.3170242,0.0422699,0.543230457952182,0.105531983077526,0.380429039,0.739723132,14.7365617752075,39.4279507603186,7.0,0.105674733,0,17.6063557150179,17.5358790363916,0
8045,CO,Garfield,19.580828152365,4.80664628925198,0.903903934925085,0.125080409,0.0178686,0.518190265,0.071474519,0.522360542903798,0.124855078756809,0.714745193,1.322278608,12.0853471755981,34.1647844446627,4.6,0.089343149,0,8.36510666974055,26.9839862384508,0
8047,CO,Gilpin,0.0,0.0,3.5426968292662,0.553709856,0.0,0.184569952,0.0,0.652583014630001,,0.0,0.553709856,11.3776140213013,21.7616580310881,4.9,0.0,1,9.44679286895791,17.6254365006433,0
8049,CO,Grand,19.413729243093,4.28300963150743,1.42302673964874,0.412541254,0.0,0.756325633,0.137513751,0.65163790066925,0.206015661358833,1.100110011,3.919141914,5.50314474105835,18.7001140250855,4.7,0.137513751,0,10.2337802331065,20.3328168160075,0
8051,CO,Gunnison,12.0426560320928,2.13788003349031,1.15712657712194,0.388500389,0.0,0.388500389,0.064750065,0.662358642972536,0.130531266331673,0.647500648,2.849002849,7.46873188018799,17.5429184549356,3.6,0.259000259,0,8.8162359697207,18.1414774210389,0
8053,CO,Hinsdale,99.9997770937909,26.7893066491592,0.0,1.212121212,0.0,2.424242424,0.0,0.0,,0.0,8.484848485,4.36408996582031,13.5416666666667,6.4,0.0,0,17.4377224199288,19.9288256227758,0
8055,CO,Huerfano,36.9906004754494,11.2284109730415,2.84281918259414,0.460193281,0.0,1.073784323,0.0,1.69294521932484,0.306419491767883,0.306795521,1.533977604,32.03955078125,57.5187969924812,6.5,0.0,0,25.1676352257488,17.7022798390702,0
8057,CO,Jackson,27.4229192903819,8.090996465051,2.09123487148464,0.736377025,0.0,1.47275405,0.0,0.741839762611276,0.736919701099396,0.0,2.209131075,12.4434385299683,34.5971563981043,6.7,0.0,0,18.4361549497848,18.6513629842181,0
8059,CO,Jefferson,24.2578310287969,4.30672420986721,0.873476147145425,0.096219855,0.024055,0.290509947,0.070314509,0.380942426809545,0.073970653116703,0.697593949,0.767908458,8.17541694641113,24.6524990985332,5.4,0.116574055,1,12.6109592680102,22.278843797412,0
8061,CO,Kiowa,100.000000332505,35.6348613166509,3.3136302226322,1.397624039,0.0,0.69881202,0.0,0.692520775623269,0.698812007904053,0.0,0.69881202,11.1189966201782,30.8823529411765,7.3,0.0,0,21.4592274678112,22.4606580829757,0
8063,CO,Kit Carson,26.0566924228461,8.40367353000345,1.30217589382772,0.367827366,0.0,0.735654733,0.0,1.23548307388189,0.4895960688591,0.735654733,0.858263855,8.92266368865967,36.4325068870523,6.3,0.245218244,0,15.9854897218863,22.2370012091898,0
8065,CO,Lake,69.9404472771476,26.5372347253766,4.00437039340498,0.136332652,0.0,0.954328562,0.0,0.829017897701463,0.136202663183212,0.681663258,0.954328562,17.7314758300781,53.030303030303,4.5,0.0,0,8.85088919288646,24.9247606019152,0
8067,CO,La Plata,14.82570296926,4.44308998624442,1.68259862327244,0.212478269,0.0193162,0.482905157,0.173845857,0.411887813845792,0.0965362787246704,0.67606722,1.429399266,8.89251899719238,23.3792312105565,4.0,0.135213444,0,11.6472513343983,20.4776561343359,0
8069,CO,Larimer,22.4474349349262,5.10857416950058,0.849107314966557,0.101630347,0.0196704,0.281942254,0.098351949,0.341399156808498,0.075351282954216,0.803207585,0.858940356,10.2789611816406,24.016108365367,4.6,0.140971127,1,11.8616293428562,21.3787003971565,0
8071,CO,Las Animas,39.8618621798964,14.9487671815486,3.85750840465033,0.266081288,0.066520322,0.532162576,0.0,0.819672131147541,0.199454829096794,0.798243864,1.064325151,24.3248062133789,38.0447585394582,6.3,0.199560966,0,17.7210292126137,20.9002386019217,0
8073,CO,Lincoln,22.9279830978429,6.76174439474635,1.61369630430761,0.369208049,0.0,0.923020122,0.0,1.46708233999633,0.369139909744263,0.369208049,1.476832195,10.8435945510864,28.7735849056604,6.2,0.0,0,16.7916590451802,20.4865556978233,0
8075,CO,Logan,20.1911736769421,6.14517017331159,1.20291887682526,0.135844956,0.0452817,0.181126607,0.090563304,0.434507239332479,0.137180477380753,0.498098171,0.633943126,12.7322750091553,35.0624399615754,5.9,0.0452817,0,14.6241578228896,20.0008807080893,0
8077,CO,Mesa,31.5625290799269,8.80293726954063,1.18534997856241,0.115429534,0.0203699,0.387028436,0.095059616,0.413149540970005,0.0950538069009781,0.699367175,0.651837367,15.7495851516724,35.2801519468186,5.6,0.081479671,1,14.9070016289198,23.5252823347396,0
8079,CO,Mineral,95.749165812777,22.5292156792808,0.0,2.812939522,0.0,1.406469761,0.0,1.41043723554302,,1.406469761,7.032348805,2.5498378276825,34.7826086956522,6.2,0.0,0,23.0337078651685,14.185393258427,0
8081,CO,Moffat,23.4034186023964,6.55930041648523,0.619985143856097,0.149120191,0.074560095,0.596480763,0.0,0.95959595959596,0.223530292510986,0.298240382,1.043841336,16.8642501831055,34.0549542048293,5.7,0.074560095,0,10.5400507430228,27.0605291772381,0
8083,CO,Montezuma,17.2099195071633,7.71870669926493,2.48697401198084,0.196363351,0.0392727,0.510544712,0.07854534,0.494802930806234,0.196278557181358,0.471272042,1.138907434,17.632043838501,46.3757210935541,6.8,0.0392727,0,16.7182298805561,23.4932445662816,0
8085,CO,Montrose,19.7172453521536,8.32639071080088,1.15500552069847,0.171044594,0.0244349,0.342089188,0.073304826,0.50951503990178,0.17084838449955,0.464263897,0.781918143,19.5562934875488,47.0701390944066,5.4,0.146609652,0,17.8045353231902,24.6608198468844,0
8087,CO,Morgan,11.8456277354805,5.3296638231793,1.27531065032534,0.176081138,0.0352162,0.281729821,0.0352162,0.822445443476632,0.175728395581245,0.352162276,0.845189463,13.9016952514648,50.209739193872,7.5,0.105648683,0,14.0807557086544,27.9661919812493,0
8089,CO,Otero,30.6162241681777,16.3440309210917,3.43744375867535,0.212089077,0.0530223,0.84835631,0.0530223,0.944842585659785,0.265012979507446,0.636267232,1.113467656,25.3792133331299,56.1754176610978,7.1,0.0530223,0,18.363337050608,24.7464287610854,0
8091,CO,Ouray,7.30523317688409,1.61933045474169,0.970745302768131,0.906412871,0.0,0.226603218,0.226603218,0.588668138337013,0.452181786298752,1.812825742,3.852254702,9.03055953979492,22.0848056537102,6.4,0.0,0,17.5157799819657,17.9666366095582,0
8093,CO,Park,58.5195267159066,11.7028248938815,4.91734406409201,0.249329926,0.0,0.311662407,0.0,0.249547694803169,0.0622858926653862,0.311662407,0.685657296,10.1717290878296,25.3591160220995,4.9,0.0,1,11.6068122917438,19.1780821917808,0
8095,CO,Phillips,32.8767441870236,9.18770672187893,2.28535548939693,0.457247371,0.0,0.685871056,0.228623685,0.648805434699641,0.454545468091965,0.457247371,1.143118427,10.3384170532227,35.5629877369008,7.6,0.228623685,0,20.6888788833859,25.2588923908149,0
8097,CO,Pitkin,10.2550213716481,1.57179115921391,0.701230268701661,0.233290563,0.0,0.349935845,0.349935845,0.231709436366796,0.116448327898979,1.458066021,3.965939578,2.26451897621155,12.9961089494163,4.3,0.466581127,0,11.4532306974574,17.4889199906695,0
8099,CO,Prowers,30.2209884662573,15.0062163422547,1.63746535341345,0.239693193,0.079897731,0.798977309,0.0,1.13676110528157,0.319259315729141,0.798977309,0.559284116,26.8955535888672,52.4805248052481,5.7,0.079897731,0,14.6203489761772,27.121344912756,0
8101,CO,Pueblo,42.1522650754692,16.0012568569041,2.82623935177204,0.118623221,0.0249733,0.399572956,0.0561899,0.733593614005421,0.0873645842075348,0.693009346,0.836605877,28.7061519622803,48.0442831482092,6.8,0.0561899,1,15.3058850895557,24.4651490290011,0
8103,CO,Rio Blanco,8.61070911003468,2.32869227991304,1.04600777363702,0.147688672,0.0,0.886132034,0.147688672,0.875018229546449,0.294898271560669,0.590754689,1.329198051,10.3798589706421,20.4882301656495,5.2,0.0,0,12.4062406240624,24.3174317431743,0
8105,CO,Rio Grande,5.80992051321296,2.324294904485,0.74268986336578,0.4199916,0.0,0.58798824,0.16799664,0.997795082195986,0.25180459022522,0.33599328,0.92398152,30.063512802124,45.1962110960758,6.1,0.16799664,0,16.2326823568686,25.2462026372893,0
8107,CO,Routt,25.7682247862628,5.05876066307929,1.46903465259799,0.344145229,0.0,0.559235998,0.172072615,0.528556326962087,0.128954604268074,0.946399381,2.710143681,5.37565040588379,13.7165251469628,3.4,0.258108922,0,8.12029435535327,20.8813645837764,0
8109,CO,Saguache,97.6314060384522,51.4554725604064,4.32035785543231,0.323781771,0.0,0.809454428,0.0,1.41444585448393,0.323258459568024,0.0,0.809454428,25.8966236114502,67.7704194260486,5.4,0.0,0,14.6201702685003,23.1827111984283,1
8111,CO,San Juan,99.2428102261016,19.3998577034057,9.48905124795236,0.0,0.0,2.898550725,0.0,1.44927536231884,,5.797101449,15.942028986,14.6917152404785,52.3076923076923,4.9,0.0,0,12.3032904148784,18.3118741058655,0
8113,CO,San Miguel,9.42172322026697,1.33770173618794,0.89253678188866,0.803320391,0.0,0.133886732,0.401660195,0.571679859278804,0.26716536283493,2.276074441,3.614941759,6.23815202713013,18.0293501048218,4.2,0.133886732,0,7.0254110612855,19.6629976899035,0
8115,CO,Sedgwick,18.8588290988955,4.53897289970946,0.990832346749415,0.422654269,0.0,0.0,0.0,0.419639110365086,0.421762973070145,0.422654269,0.422654269,9.93819332122803,14.4729942317777,7.0,0.0,0,23.9176124422026,19.3358554014292,0
8117,CO,Summit,28.9627588379874,6.12822199484954,2.30395511748748,0.357295984,0.0,0.571673574,0.071459197,0.430870536775543,0.106967128813267,1.57210233,3.430041446,5.60003328323364,23.8796414852753,3.5,0.107188795,0,7.70879474173037,17.4465956990784,0
8119,CO,Teller,25.6340049670041,4.6516848547445,1.12153432076891,0.171210889,0.0428027,0.470829945,0.085605445,0.566505622301082,0.213986128568649,0.556435389,0.984462612,11.3023881912231,24.780701754386,5.3,0.085605445,1,12.9464668094218,20.4710920770878,0
8121,CO,Washington,51.6208685194805,19.1001469621919,3.42108230651779,0.209951711,0.0,0.419903422,0.0,0.262274443978179,0.209995806217194,0.419903422,0.209951711,8.26065349578857,30.5010893246187,7.3,0.0,0,19.2771084337349,23.3693394266722,0
8123,CO,Weld,15.327155916451,4.77947020391275,0.74867608150257,0.123777695,0.0116042,0.282367867,0.00773611,0.431060091799366,0.0579636208713055,0.495110781,0.522187152,12.2819623947144,38.1735616200243,5.5,0.088965218,1,9.58568179570849,27.8457431029368,0
8125,CO,Yuma,22.9069798014464,6.81747435590341,0.993167412349069,0.693206576,0.0,0.297088532,0.0,1.0541226076358,0.394710868597031,0.297088532,1.584472173,12.4470691680908,40.1993355481728,6.4,0.0,0,16.1605098078263,26.3566663347605,0
9001,CT,Fairfield,28.6399479930461,2.56396077537316,1.08953261683644,0.218420956,0.00430386,0.238864297,0.111900391,0.481794606827402,0.144412577152252,0.616528118,0.995267905,11.0223798751831,27.4451501544022,6.8,0.191521824,1,13.5330579639169,24.7613240855165,0
9003,CT,Hartford,31.453199559221,4.22122614278602,1.41004532560879,0.238366278,0.00668317,0.327475166,0.0623762,0.745882738428926,0.202949225902557,0.598143416,0.895544333,19.9756755828857,32.6477154132714,7.9,0.125866305,1,14.5544700642272,22.8232443787234,0
9005,CT,Litchfield,15.825265002379,1.70778128256908,1.46411766042504,0.21684402,0.00528888,0.375510377,0.084622057,0.443484598019872,0.1058189868927,0.391377012,1.131820009,9.67401027679443,15.0751209574739,7.5,0.132221964,0,15.9756116823832,21.5619685458097,0
9007,CT,Middlesex,33.4253832443172,4.65736858945643,1.70675077528984,0.216521818,0.0,0.300724747,0.090217424,0.494659887360459,0.120354324579239,0.529275554,1.136739542,8.25282859802246,14.9424328383114,7.4,0.150362373,1,15.4645211134986,21.1847219874937,0
9009,CT,New Haven,29.2638495997753,4.01070622579445,1.42594751975222,0.211627974,0.0104079,0.334210298,0.072855532,0.763008129610163,0.189852833747864,0.662638411,0.899708,20.347225189209,36.4638961589083,8.5,0.099453584,1,14.3739485226852,22.3743937519493,0
9011,CT,New London,28.6634986574798,4.39949735609903,2.01735552777888,0.18299869,0.0109799,0.42455696,0.087839371,0.668988826883564,0.135524675250053,0.618535571,1.021132689,15.2797021865845,24.6034568603741,7.8,0.095159319,1,14.2288956596304,21.7470945613107,0
9013,CT,Tolland,32.7652025656945,8.51129576969906,1.50990605760832,0.137198408,0.0,0.280930075,0.026133,0.457527985095146,0.104556709527969,0.352795908,0.614126209,6.90144538879395,12.3324753705512,6.4,0.104532121,1,11.9325958962873,20.2264704533993,0
9015,CT,Windham,18.7119355040496,6.1699391824868,3.05596791112926,0.135139701,0.0168925,0.396972871,0.0168925,0.781610954741679,0.169054567813873,0.498327646,0.768607048,20.654655456543,31.2510114905325,9.1,0.118247238,1,12.84746850407,22.330867700206,0
10001,DE,Kent,19.1853165232895,4.83361555101837,2.68581257038029,0.115047624,0.0121103,0.387528838,0.072661657,0.909266263387939,0.115083858370781,0.514686737,0.563127842,26.5912971496582,38.2323195839052,11.4,0.090827071,1,13.5432197646479,24.8777031606186,0
10003,DE,New Castle,30.6400715275524,6.49661659522331,2.01595691426079,0.158589074,0.0092203,0.324554383,0.09220295,0.736008663018823,0.0922737345099449,0.6970543,0.698898359,18.8412494659424,40.7208119123092,7.9,0.160433133,1,12.2979726228878,23.2282038853883,0
10005,DE,Sussex,17.2833135890639,4.91097005444215,2.65064573592318,0.234468928,0.0199548,0.443994353,0.16462712,0.832554861759838,0.0948326215147972,0.783225993,1.317016957,21.2737617492676,49.2910918332251,11.2,0.134694916,1,20.8339039793046,20.4453574779984,0
11001,DC,District of Columbia,2.82035183120376,0.958012956934754,0.702171922428406,0.280493152,0.0,0.275657063,0.085437569,0.671597690842602,0.0435763597488403,1.242874829,1.165497408,30.547513961792,64.8064212845376,8.3,0.120902221,1,11.4353282158069,16.7543869853737,0
12001,FL,Alachua,19.8376032970456,7.18342090834456,1.90122460933691,0.180121041,0.0080054,0.500336226,0.0480323,0.829630984910859,0.104080766439438,0.788529892,0.756508374,20.1659164428711,40.9281667482689,8.2,0.120080694,1,10.7655173529126,17.9047934793156,1
12003,FL,Baker,33.759307672216,12.8165080007895,1.49563789360725,0.258856593,0.0369795,0.66563124,0.0,0.901449703413818,0.147912576794624,0.44375416,0.5546927,26.3808250427246,40.3677058353317,12.2,0.073959027,1,10.9017149179421,25.9893048128342,0
12005,FL,Bay,36.3651725486269,9.63567512591826,1.65477775994231,0.159272303,0.0176969,0.589897417,0.088484613,1.03304382898107,0.135660395026207,0.713775874,1.038219454,25.6324424743652,46.0921534605745,10.7,0.076686664,1,14.5446900244001,21.957690758771,0
12007,FL,Bradford,5.70577729976841,2.29229464657751,3.66204400153313,0.105514913,0.0351716,0.738604389,0.070343275,1.15222990375491,0.105514913797379,0.457231289,0.351716376,28.0437469482422,57.0164734594265,11.3,0.070343275,0,14.4214586255259,19.758064516129,0
12009,FL,Brevard,39.7075283131741,10.7590171343854,1.44793496770372,0.134082973,0.022041,0.51612761,0.067959863,0.870017497796789,0.0955322161316872,0.620822535,0.789803816,20.1286144256592,35.4980101856232,11.1,0.080817135,1,20.37484173022,19.8179529460263,0
12011,FL,Broward,11.239101551639,2.75719736017694,0.574627518596848,0.203614607,0.011747,0.410585498,0.07831331,0.5746122744454,0.0917762368917465,0.682444561,0.760757871,20.7775478363037,45.8252472494351,9.3,0.088941545,1,14.2685688068986,22.387541431502,0
12013,FL,Calhoun,25.6831139000555,13.2130511405614,4.68034455960889,0.135924969,0.0,0.271849939,0.0,0.764110575290362,0.203873604536057,0.543699878,0.543699878,25.4154453277588,52.2454424188528,11.6,0.0,0,15.4393162393162,21.4153846153846,0
12015,FL,Charlotte,42.6867860118072,11.9802946553952,2.13011382023752,0.118838386,0.0250186,0.369024462,0.0500372,0.692012057117413,0.118860691785812,0.475353544,0.706775664,17.1709671020508,49.3209134615385,11.5,0.10007443,1,34.1290677468152,14.3007163484979,0
12017,FL,Citrus,29.5560069336595,10.8094981148917,2.74770536471956,0.128787608,0.00715487,0.486530963,0.0572389,0.901741293532338,0.107329919934273,0.372053089,0.593853969,23.6461734771729,46.4076805696846,12.4,0.0572389,1,31.8905944660002,15.8557308334985,0
12019,FL,Clay,23.1014663392082,5.50194336400016,1.70331872015308,0.13521244,0.0208019,0.384835405,0.0572053,0.664625622818527,0.10921686142683,0.644859327,0.56685215,16.5882720947266,28.6300681335865,10.6,0.083207655,1,11.6794593036963,26.2855945301653,0
12021,FL,Collier,27.9985452739728,8.1450514197746,1.5217386172251,0.180060854,0.0183113,0.363173588,0.064089457,0.635728545916347,0.112931579351425,0.518819411,1.129195189,16.5618724822998,51.6927235024115,8.8,0.091556367,1,26.4216844986315,19.4846354814631,0
12023,FL,Columbia,16.551587413086,7.61612592466894,3.65669695009397,0.089141125,0.0148569,0.817126982,0.0594274,1.20525949249134,0.103997983038425,0.549703606,0.609131023,29.2009143829346,52.6299694189602,10.1,0.103997979,0,15.3855266470214,22.4978158179207,0
12027,FL,DeSoto,11.2246862375605,5.67921964909934,2.44674632018816,0.143702937,0.0287406,0.488589987,0.0287406,0.845048782361527,0.172210901975632,0.287405875,0.258665287,30.0626583099365,65.8161198865938,9.9,0.0287406,0,17.8647237679995,22.4743273478286,0
12029,FL,Dixie,6.08609712717027,3.05134206519804,2.31130530824983,0.243857831,0.0,0.304822289,0.0,1.24540080201745,0.121914051473141,0.243857831,0.182893373,32.5604667663574,66.3699307616222,11.4,0.0,0,19.3033735233224,19.1450493240775,0
12031,FL,Duval,24.9059584068311,6.86551830966567,1.48959449068583,0.215496243,0.0217789,0.456210132,0.079091706,1.04839082524445,0.113493457436562,0.853961176,0.740481772,28.6551265716553,48.1713267256466,10.4,0.092846786,1,11.1272841716005,23.5476932368966,0
12033,FL,Escambia,39.9084563142938,12.9571834751747,2.52580170175312,0.150317671,0.0200424,0.524441653,0.073488639,0.980845569815393,0.100214794278145,0.581228329,0.641355398,27.3011569976807,51.4853208044348,11.0,0.076829032,1,14.4241463078634,21.5557474489196,0
12035,FL,Flagler,35.0743472713043,10.2467603112635,2.19794409461681,0.153869826,0.010258,0.276965687,0.0512899,0.544773059235386,0.102600932121277,0.38980356,0.697543212,19.2991619110107,50.4292011445364,10.5,0.041032,1,24.4576575823441,19.8921585019228,0
12037,FL,Franklin,3.23660989407791,1.34996449689029,2.02139717504414,0.523149359,0.0,0.871915599,0.08719156,1.51891151805579,0.34876623749733,0.523149359,1.918214317,22.1470832824707,65.5555555555556,10.2,0.08719156,0,17.4473980431206,17.0577539180881,0
12039,FL,Gadsden,10.3766396618847,5.80193517420052,8.56005774089983,0.168936754,0.0211171,0.654629923,0.0422342,1.23581499312242,0.190009713172913,0.401224791,0.29563932,39.5479011535645,76.8852198761708,11.9,0.0,1,13.6303865140443,24.1544331630343,0
12041,FL,Gilchrist,0.584611663165798,0.184257067951537,3.34150271393397,0.176543283,0.0,0.353086565,0.0,0.852413519674893,0.117716304957867,0.117695522,0.176543283,26.1166038513184,45.7890743550835,9.5,0.0,1,16.8604994391641,21.435740008265,0
12043,FL,Glades,22.7877009540525,7.2314515654309,0.290476728139404,0.077924102,0.0,0.311696408,0.0,0.565855395335826,0.0779058933258057,0.233772306,0.077924102,13.0284376144409,51.4920194309507,11.8,0.0,0,21.4762496119218,18.7597019559143,0
12045,FL,Gulf,16.0167199071737,6.00649695108845,5.0851531038135,0.253807107,0.0,0.507614213,0.0,1.14518386563176,0.190379485487938,0.634517766,0.634517766,20.7157497406006,43.2472691161867,9.7,0.0,1,16.3083905944651,16.2264388829351,0
12047,FL,Hamilton,22.0879774927344,10.3180011038947,3.68422550033951,0.205606196,0.0,0.959495579,0.0,1.2861481280029,0.137061402201653,0.411212391,0.342676993,32.7932891845703,69.0383546414675,11.0,0.0,0,13.1495371308872,19.6837624163795,1
12049,FL,Hardee,31.4517789622464,20.2825011144889,3.22232143769984,0.433886539,0.0361572,0.650829808,0.144628846,1.02675001817257,0.216747343540192,0.325414904,0.253100481,33.0785789489746,69.1223193010326,12.0,0.0361572,0,12.8917096390321,27.6766074068732,1
12051,FL,Hendry,24.3041055070113,14.3300970450026,3.16249003960576,0.256798747,0.0256799,0.693356616,0.0,0.858991819549408,0.20524924993515,0.539277368,0.462237744,40.2156105041504,72.1888286175048,8.6,0.0256799,0,11.4741951967297,27.8129790495657,0
12053,FL,Hernando,32.6146443027702,10.5484584806022,1.87476568977099,0.144645791,0.0231433,0.324006573,0.0115717,0.60834265548777,0.133078753948212,0.387650721,0.578583166,26.1228885650635,47.0094853328649,10.8,0.0578583,1,25.7689057634653,19.7698781094815,0
12055,FL,Highlands,37.4041654274276,15.8691190942867,2.61536487834229,0.203146743,0.0203147,0.477394846,0.0203147,0.864517093320289,0.121855862438679,0.507866858,0.436765498,25.3992500305176,59.6792575708238,12.8,0.081258697,1,32.2130666288745,18.1928613366267,0
12057,FL,Hillsborough,25.1852417751041,7.03192105182774,1.27375374076228,0.219470926,0.014946,0.433435412,0.083383219,0.838586072662329,0.106993101537228,0.623800875,0.606494923,28.6656246185303,47.8396093047166,8.3,0.090462926,1,11.8153211858519,23.9344107592908,0
12059,FL,Holmes,18.63743132264,10.079450620549,5.21097426219387,0.201623066,0.0,0.655274963,0.0504058,1.11930249781189,0.100816614925861,0.201623066,0.302434599,31.8270282745361,52.5192649673978,12.3,0.0,0,17.1877352336027,21.4884327796457,0
12061,FL,Indian River,46.0485563375709,14.5964957246787,3.05220994110273,0.186934702,0.0215694,0.409818386,0.11503674,0.716740059900261,0.100647017359734,0.618322477,0.805257179,19.7895832061768,46.8207440811725,10.0,0.11503674,1,27.1712985771003,18.8019822065088,0
12063,FL,Jackson,6.81381406124235,2.3419230491098,4.76557238948897,0.162654522,0.0203318,0.548959011,0.081327261,1.01937319610086,0.203301623463631,0.609954457,0.630286272,24.1889495849609,50.171679714325,11.5,0.0203318,0,15.6816628472641,19.9151690588188,0
12065,FL,Jefferson,16.2578208448102,8.53819732701362,7.17673793298043,0.206625801,0.0,1.377505338,0.137750534,1.25093527871306,0.0688420757651329,0.482126868,0.275501068,25.8932132720947,67.0289855072464,11.2,0.137750534,1,16.475848519748,18.6166248899126,0
12067,FL,Lafayette,7.86263363437393,1.61997124538864,2.56769521542134,0.113636364,0.0,0.568181818,0.113636364,1.07905497501136,0.113623455166817,0.227272727,0.340909091,16.7462749481201,51.4261019878997,10.0,0.0,0,12.2209695603157,20.1240135287486,0
12069,FL,Lake,30.3268707603315,9.21351577255097,2.04942254628256,0.156400265,0.0232937,0.509132777,0.039932,0.820178592239308,0.109821356832981,0.405975156,0.682171368,21.7265739440918,46.4436876672343,11.5,0.066553304,1,24.1792682762614,20.7845764377954,0
12071,FL,Lee,27.9930103782206,8.98768351903219,1.70215170531245,0.182228159,0.0205997,0.402486543,0.072891264,0.729513569804724,0.114098988473415,0.495977511,0.888956498,22.2488536834717,54.2071809386704,10.8,0.0554607,1,23.4513231429615,19.5342575563148,0
12073,FL,Leon,31.0266585811479,8.25785017088414,1.83570490747911,0.15088971,0.0251483,0.409557785,0.0610744,0.758833182388962,0.100598558783531,0.815522959,0.725707655,19.7620010375977,36.7772431839284,8.4,0.089815304,1,9.43057204151194,19.5918500691503,0
12075,FL,Levy,9.69205682132516,4.40625186843501,4.21211608927959,0.199232953,0.0249041,0.846740051,0.0,1.4053716427233,0.149435877799988,0.448274145,0.622602979,28.2311382293701,60.8164689462666,11.2,0.074712357,0,19.3965834170731,21.1489914462881,0
12077,FL,Liberty,25.9524686174537,7.74712175420643,6.11005204245457,0.242101441,0.0,0.847355042,0.0,0.876027066215563,0.121050722897053,0.0,0.363152161,21.8426132202148,44.6648426812586,10.3,0.0,0,10.6156604901375,21.243275552899,0
12079,FL,Madison,22.2599336327387,8.73409514128225,5.32020758946634,0.156854544,0.0,0.73198787,0.0,1.34429928950477,0.15681354701519,0.365993935,0.575133326,29.2828407287598,69.8897058823529,12.0,0.0522848,0,15.8395755305868,21.7800665834374,1
12081,FL,Manatee,23.0434564210177,5.73812936988443,0.96228642846976,0.174022953,0.0183182,0.418265693,0.0519016,0.715544307841288,0.10990721732378,0.491538516,0.763258565,21.6828536987305,47.5609480557627,9.0,0.064113719,1,23.2655893294676,20.5316680760641,0
12083,FL,Marion,25.1009087015315,8.54342715974262,2.46533353510324,0.165509604,0.0180556,0.553704857,0.057176,1.01255750341912,0.114363104104996,0.436343502,0.499538078,28.3187732696533,54.6752472887618,12.0,0.0601853,1,25.7526456543656,19.3725890286087,0
12085,FL,Martin,32.2695461898827,7.3726442530854,1.52881207673187,0.196110255,0.0202873,0.453082312,0.081149071,0.659646859341787,0.142021432518959,0.669479834,1.095512456,14.2406120300293,34.8651623555311,9.0,0.155535719,1,27.318580079006,17.5959212127011,0
12086,FL,Miami-Dade,6.51717447292495,1.81655106480234,0.353108593768954,0.235268315,0.00699972,0.328209021,0.096829439,0.599824651796162,0.0972817167639732,0.609753252,0.721359874,34.0503807067871,62.25111145709,9.1,0.087885354,1,14.1006274948076,21.8602927775007,0
12087,FL,Monroe,33.7117049223206,8.64089783125406,2.13491707016739,0.36495857,0.0,0.756951109,0.189237777,0.790903055336479,0.13520273566246,0.82453603,2.74394777,15.0604562759399,37.5299186213499,8.6,0.202754761,0,17.059789300862,15.0513066082912,0
12089,FL,Nassau,24.7515153138227,7.48143759359611,2.59266318445048,0.175329755,0.0134869,0.579936881,0.09440833,0.828542970337715,0.121393598616123,0.633884498,0.836188061,17.9569072723389,35.5675675675676,10.3,0.175329755,1,16.2424639223068,21.7134517281829,0
12091,FL,Okaloosa,35.1055574293552,8.2570735710345,1.51784100821894,0.14201442,0.0273105,0.475202097,0.065545117,0.665060350829199,0.120160795748234,0.83570024,1.070570243,15.518988609314,31.1724187414795,9.5,0.098317675,1,13.9463118425855,22.3357777261616,0
12093,FL,Okeechobee,43.689073562877,21.4893781058435,3.41818610203852,0.250915843,0.0250916,0.727655944,0.0,1.01350495350546,0.17556619644165,0.426556933,0.677472776,32.7602844238281,62.7667295688779,10.8,0.0501832,0,16.979197919792,23.962396239624,0
12095,FL,Orange,19.582316096778,6.1098376460016,0.872331930976368,0.193036177,0.0170828,0.445008178,0.079435241,0.739318080617695,0.0999550595879555,0.762749143,0.795206553,26.0819816589355,50.2426026089723,9.5,0.070893817,1,9.67916743749324,23.5739417569261,0
12097,FL,Osceola,19.75189764273,7.82526244599386,1.36450069675826,0.200909114,0.0287013,0.40540589,0.07892858,0.774719106335996,0.125611454248428,0.559675388,0.721120212,35.2880172729492,53.943492357573,9.1,0.032289,1,11.0374602229376,26.2076409178034,0
12099,FL,Palm Beach,20.4799206521586,4.88308343360373,0.849868641795966,0.175758097,0.0134623,0.350768287,0.086757188,0.539421840042166,0.102489672601223,0.614779386,0.845134679,18.9221134185791,45.6941632687976,9.5,0.109942299,1,21.6004587413096,20.3679323462618,0
12101,FL,Pasco,22.2591526626062,7.28906848405264,1.37025395533518,0.156483788,0.0171489,0.400855731,0.055734,0.753805522072772,0.117917448282242,0.396568503,0.544477837,23.0440196990967,44.1905245245843,10.1,0.0621648,1,20.7113452421686,21.2123168430181,0
12103,FL,Pinellas,17.5481926201677,4.95631440761844,0.937163518429051,0.202489753,0.0087092,0.471387436,0.079471785,0.88351591576859,0.137198105454445,0.64339486,0.899228688,22.1022434234619,42.6586498622112,9.4,0.11866335,1,21.1773164786775,17.7720169943112,0
12105,FL,Polk,31.5905976501371,10.6677125727057,2.05074342970852,0.177071242,0.0147559,0.472189978,0.032791,0.881132220415326,0.108206830918789,0.395131197,0.44759675,28.1412220001221,58.2665988729291,10.8,0.0590237,1,17.9865303648095,23.5404711881015,0
12107,FL,Putnam,24.7044607728323,12.581087342989,5.14806948965626,0.162965981,0.0135805,0.67902492,0.0407415,1.3365091064612,0.12221784889698,0.461736946,0.420995451,42.4112739562988,72.5898256848097,12.8,0.067902492,0,18.9204453767952,22.5714055187994,0
12109,FL,St. Johns,25.2472022528037,5.7340914978947,1.94355217872966,0.158099542,0.00509999,0.326399053,0.12749963,0.539102221694661,0.112194523215294,0.571198344,0.97919716,10.695592880249,19.5235049568276,8.5,0.096899719,1,15.6773083419719,23.0747372907666,0
12111,FL,St. Lucie,35.52818517468,10.7752398002494,1.37518593210223,0.13547865,0.0213914,0.335131396,0.0499132,0.645257504127535,0.0855859071016312,0.424262087,0.59895824,25.1298599243164,53.1352001374334,9.4,0.0570436,1,19.9352746149056,22.321978192081,0
12113,FL,Santa Rosa,41.0329757233721,10.2518721910878,1.82718289828791,0.09632241,0.0192645,0.378868147,0.012843,0.629289896033108,0.102747201919556,0.488033546,0.443083088,14.5797119140625,34.4776468752438,9.1,0.089900916,1,12.8557461089237,23.9205401263113,0
12115,FL,Sarasota,27.7030540322455,6.46958563588552,1.35296213552797,0.209279998,0.01308,0.342695997,0.094175999,0.629078218053401,0.10726722329855,0.507503996,1.085639991,16.9551734924316,40.7738022451026,9.9,0.104639999,1,31.1576289768295,15.7426050473319,0
12117,FL,Seminole,32.455452698737,7.1158748775755,0.986851817543781,0.168849595,0.0187611,0.384601855,0.084424797,0.697864781348596,0.110249184072018,0.66132758,0.715265645,15.9452333450317,33.3867878995469,8.9,0.110221263,1,11.9883704975894,22.9895580505207,0
12119,FL,Sumter,10.5925180913784,2.65128600113332,2.12983757595826,0.132685556,0.0204132,0.387850086,0.0408263,0.620776749983599,0.11227697879076,0.295990855,0.51032906,13.3147487640381,50.1049042748492,9.2,0.0102066,1,43.3847141939628,9.11153928494969,0
12121,FL,Suwannee,17.2790207693795,8.36011355896946,5.44857442361334,0.138395534,0.0230659,0.761175439,0.0461318,1.20640156374076,0.115313656628132,0.345988836,0.599713983,28.1549377441406,58.5871678548283,11.0,0.0461318,0,18.8924454285095,22.7407282616544,0
12123,FL,Taylor,23.6576546790461,10.0593724452148,2.31177656495472,0.132438637,0.0441462,1.103655306,0.0441462,1.33734904443663,0.176553666591644,0.39731591,0.485608335,26.9084243774414,62.3215984776403,10.2,0.132438637,0,15.631369073992,19.6942844483828,0
12125,FL,Union,24.5147180525744,9.60794159583219,2.46531485823969,0.0,0.0,0.523012552,0.065376569,0.832675957577351,0.0653637498617172,0.130753138,0.261506276,24.9431991577148,51.2932924156072,11.5,0.0,0,10.0032185387834,19.3756034760219,0
12127,FL,Volusia,30.3518896951441,9.356167833364,2.24152377452943,0.151674793,0.0161786,0.52782828,0.0546029,0.914243552335916,0.109218664467335,0.521761288,0.823088544,25.4745941162109,47.8727724621907,9.6,0.091004876,1,21.0858220799728,18.8585362105812,0
12129,FL,Wakulla,1.18684079790184,0.309104586396415,2.84545569850215,0.064576539,0.0322883,0.387459236,0.0322883,0.878815410907046,0.0968679338693619,0.355170966,0.645765393,19.3849334716797,39.5263055717336,9.1,0.096864809,1,10.8493631401092,22.5012997140629,0
12131,FL,Walton,18.880902491695,7.23608165641502,3.30043068628656,0.161905447,0.035979,0.647621789,0.125926459,0.701897583735658,0.179888471961021,0.647621789,1.56508599,15.7447729110718,43.8564026646928,10.4,0.107936965,1,16.2472975673564,20.5839071271551,0
12133,FL,Washington,46.3071721433242,19.4186958760062,3.49240645701956,0.122414004,0.0408047,0.693679357,0.081609336,1.08468584284107,0.163218677043915,0.571265353,0.408046681,24.8090057373047,54.0401146131805,10.7,0.0,0,15.3719473007712,21.168059125964,0
13001,GA,Appling,20.0454357788192,5.84054691061965,4.66950391783867,0.108289566,0.0541448,0.703882181,0.0,1.33837833914053,0.216708198189735,0.812171747,0.595592615,29.4669055938721,58.7988826815642,10.8,0.108289566,0,13.4678657600351,25.7402939241062,0
13003,GA,Atkinson,22.9859359577762,10.9248553759326,5.27728912068699,0.477726024,0.0,0.836020542,0.238863012,1.66988572348302,0.358851671218872,0.358294518,0.119431506,34.3486862182617,67.4163783160323,10.5,0.0,0,10.6268656716418,29.0149253731343,1
13005,GA,Bacon,7.10542917205803,2.7299776476297,2.72033265808253,0.268769038,0.0,0.806307113,0.0,1.56277906769066,0.359098672866821,0.716717434,0.358358717,27.4149303436279,52.9322548028311,10.5,0.089589679,0,13.3381398702235,25.4686373467916,1
13007,GA,Baker,76.838995063783,43.512532800253,14.7457404404534,0.301568154,0.0,0.301568154,0.0,0.89126559714795,0.301659137010574,0.0,0.0,48.0949554443359,79.8295454545455,13.0,0.0,1,15.357867284845,23.2106635757751,1
13009,GA,Baldwin,18.0013529118565,8.57830569394241,3.79480692890219,0.243648526,0.0221499,0.863844774,0.0,1.2239308128626,0.17709693312645,0.620196248,0.753095444,29.4540386199951,66.4113785557987,11.4,0.155049062,0,12.0472440944882,20.4527559055118,0
13011,GA,Banks,9.92831804729655,3.6406402760617,3.76592012648725,0.0547435,0.0547435,0.602178792,0.0,0.914500982747325,,0.766409372,0.656922319,23.8757591247559,57.2487399940706,10.1,0.0547435,0,12.5033976624083,25.240554498505,0
13013,GA,Barrow,14.7059775894519,5.7270922906765,1.99068041926827,0.171688557,0.0143074,0.658139468,0.0143074,0.826575838333167,0.171833604574204,0.515065671,0.443528772,24.7877674102783,51.3422026293002,9.6,0.071536899,1,9.3300849106924,28.2396528608704,0
13015,GA,Bartow,33.4077597806455,11.5852655485702,2.54303525885053,0.099787453,0.0099787,0.668575933,0.0299362,1.10188321859178,0.0998502224683762,0.54883099,0.688533424,29.5222434997559,50.6138785223647,9.7,0.0598725,1,10.5943668440548,26.7579899557694,0
13017,GA,Ben Hill,22.3367476951184,12.2087135271385,6.93151051510021,0.284689404,0.0569379,1.081819735,0.113875762,1.66780704755388,0.455425262451172,0.911006092,0.569378808,47.2350234985352,73.1531531531532,12.4,0.0569379,0,13.9956901440399,26.4715889758421,1
13019,GA,Berrien,13.808080378382,6.20222786547319,3.23685508410306,0.206387699,0.0,1.238326196,0.0,1.56241794023423,0.258037865161896,0.515969248,0.361178474,34.0968399047852,60.5075827917054,12.5,0.0515969,0,13.8131286943897,25.6092502333299,0
13021,GA,Bibb,22.8010017931904,7.74513860364584,2.02644212157307,0.236851539,0.0256056,1.113842372,0.0448098,1.3656138018603,0.198514342308044,1.165053516,0.768167153,42.396728515625,72.1031240038253,13.2,0.083218108,1,12.6579104707902,25.7922042855214,0
13023,GA,Bleckley,7.31184999674966,2.78167630657833,2.30588929293981,0.305810398,0.0,0.535168196,0.0,1.2519683006789,0.229392871260643,0.382262997,0.152905199,25.4564971923828,50.3620273531778,12.3,0.0,0,15.0884176682232,22.57521243206,0
13025,GA,Brantley,15.3929662871885,5.52172275215751,5.02066768137272,0.21574973,0.0,0.755124056,0.0,0.981869048259536,0.107845783233643,0.161812298,0.323624595,27.9458637237549,55.1685393258427,10.4,0.0539374,1,12.2752702188909,26.5765031774483,0
13027,GA,Brooks,8.34227946586979,3.94097246624364,2.59063009955359,0.312617231,0.0,0.812804802,0.125046893,1.61224003981908,0.187711179256439,0.250093785,0.375140678,38.5398674011231,73.961937716263,13.3,0.0,1,15.7606353506126,23.7025180077572,1
13029,GA,Bryan,13.9724271487157,1.91618521834683,1.75131094714028,0.223849573,0.0,0.895398292,0.0,0.967488255623849,0.22387820482254,0.671548719,0.671548719,15.0634469985962,31.0549973558964,9.6,0.159892552,1,8.98025336552774,29.2958025998082,0
13031,GA,Bulloch,15.3815631605239,10.1873047813771,2.99456275172836,0.110060946,0.0137576,0.660365677,0.0550305,1.18074852578388,0.0963696166872978,0.646608059,0.811699479,22.5910129547119,51.7866390471258,9.6,0.0412729,0,9.11602603358161,20.4978851275332,1
13033,GA,Burke,9.58576566075854,5.46185198794785,6.25952936788877,0.127648711,0.0425496,0.723342694,0.0425496,1.3045045045045,0.212865591049194,0.255297421,0.510594843,46.4815216064453,71.1472602739726,12.7,0.0,1,11.8673872019214,28.2424086464231,1
13035,GA,Butts,4.06759088764471,1.22313798810297,3.39803716509033,0.127253446,0.0,1.018027572,0.0,1.0308620982826,0.212044104933739,0.46659597,0.551431601,29.7568206787109,55.4477405045744,11.5,0.084835631,1,12.6188966391883,22.5110970196576,0
13037,GA,Calhoun,13.9072878133825,9.32571496449905,10.7457429400934,0.150943396,0.0,0.905660377,0.0,1.24282492824928,0.301932364702225,0.150943396,0.754716981,35.1050872802734,73.6,13.2,0.0,0,11.9061846429638,19.7191514789364,1
13039,GA,Camden,36.2294083233973,11.2195498039518,2.64173950260178,0.119265326,0.0198776,0.636081737,0.0596327,0.984073252662023,0.198819011449814,0.655959291,0.834857279,21.5717010498047,37.0350747059447,10.7,0.0397551,0,9.01946033694297,27.0267059964762,0
13043,GA,Candler,6.29637663675366,3.76153899872713,3.2862495211907,0.178443969,0.0,1.605995717,0.267665953,1.37926898743666,0.178539544343948,0.802997859,0.802997859,38.2763290405273,64.9659863945578,11.8,0.0,0,14.4026186579378,25.6319330787416,0
13045,GA,Carroll,24.897092481911,10.6873211462317,3.05537513369676,0.189602557,0.0180574,0.731324148,0.0270861,1.12550038836112,0.162561982870102,0.785496307,0.668123296,30.4622917175293,56.0085389982297,11.9,0.099315625,1,10.9547893274946,25.4453662905896,0
13047,GA,Catoosa,39.4871422892292,11.0809224356426,1.83609357639756,0.123533045,0.0154416,0.463248919,0.0154416,0.957015035513329,0.169868424534798,0.633106856,0.49413218,23.0068435668945,40.4872707363811,11.1,0.077208153,1,13.5372681492603,24.9288417628476,0
13049,GA,Charlton,29.7224237571203,11.0478308292149,7.40777890845831,0.29713267,0.0,0.594265339,0.0,1.22226400902595,0.22298201918602,0.445699005,0.222849502,36.0786819458008,62.1009866511898,11.1,0.074283167,0,12.6776764440062,21.7073371128091,0
13051,GA,Chatham,19.7673124024499,5.86653909424248,0.996483626749413,0.176554971,0.0220694,0.555412513,0.1029904,0.857046045951897,0.184101030230522,0.912200684,1.099790341,24.3888244628906,55.0219826974897,11.8,0.080921028,1,12.3955221628798,22.6332186717359,0
13053,GA,Chattahoochee,76.7845945482262,21.7127338045592,2.94661133071913,0.088786291,0.0,0.088786291,0.177572583,0.30681905346322,0.177604123950005,0.088786291,0.177572583,11.64195728302,51.2169312169312,6.8,0.088786291,1,3.72770036389456,27.0968314546907,0
13055,GA,Chattooga,7.2520052810783,3.85059699827792,2.0965908219443,0.272617518,0.0389454,1.051524711,0.0,1.41561386459346,0.272638767957687,0.467344316,0.389453597,33.7640037536621,55.026455026455,11.1,0.0389454,0,14.6108014606958,22.5177782048818,0
13057,GA,Cherokee,29.7230917293275,5.96843847404659,1.07068904049256,0.160683133,0.0229547,0.348911946,0.0367276,0.484603393353365,0.156170338392258,0.560095492,0.661096318,10.3024377822876,25.4179566563468,7.2,0.128546506,1,9.1898145988262,27.4882666343202,0
13059,GA,Clarke,36.5715357018123,21.3952626619187,3.52632810090109,0.160428259,0.0168872,0.548833518,0.042218,0.886229968015344,0.177624404430389,0.911907999,0.987900332,25.0849742889404,74.2381375798238,8.2,0.118210296,1,8.52682625906061,17.498329249276,1
13061,GA,Clay,1.57957418649779,1.06239101119734,12.7645416893617,0.633111744,0.0,0.949667616,0.0,1.68485237483954,0.316355586051941,0.0,0.0,51.4287261962891,82.0754716981132,15.9,0.0,0,19.5727301288093,22.5259189443921,1
13063,GA,Clayton,39.6270180100588,14.2613087696372,2.06207260001682,0.182954719,0.0228693,0.602225949,0.0457387,1.06905915272596,0.236658379435539,0.674645525,0.373532551,42.0032577514648,74.4041614747127,11.9,0.0228693,1,6.64394967312199,28.9021062045146,0
13065,GA,Clinch,7.34696956491302,2.99193175381658,2.15207752729044,0.297044408,0.0,0.891133224,0.0,1.71181899374814,0.446229368448257,0.594088816,0.594088816,44.6291046142578,62.4098124098124,11.6,0.0,0,12.7684613121506,27.1109149749926,1
13067,GA,Cobb,40.4363592317176,8.64401886337934,1.15739743048087,0.162022732,0.017206,0.361325031,0.0372796,0.611121948277503,0.137831822037697,0.769966434,0.72408389,15.4791402816772,38.8644774360174,8.9,0.104669552,1,8.71587232842788,25.6492723208706,0
13069,GA,Coffee,15.9778391542854,8.04117108036399,3.67882242631836,0.209146682,0.0232385,0.906302287,0.069715561,1.57130723496255,0.418565720319748,0.488008924,0.464770403,36.1584587097168,67.2131147540984,11.9,0.046477,0,11.0751723486637,26.2088015865521,0
13071,GA,Colquitt,18.6328224474574,8.18215447457367,4.16492734967289,0.261711594,0.0218093,0.697897584,0.087237198,1.12527183533101,0.218426451086998,0.567041787,0.370758091,35.6208572387695,66.1410519494546,11.2,0.0218093,0,12.8862807156359,27.6583586091696,0
13073,GA,Columbia,16.610823912405,2.21767563040998,0.905402329974291,0.139627969,0.0155142,0.294770157,0.0232713,0.505215495301116,0.170791536569595,0.480940782,0.620568751,10.1038837432861,25.3688559143411,9.7,0.077571094,1,10.2375597526864,27.2544799400256,0
13075,GA,Cook,12.4225812052116,5.43919542784748,3.77282565502259,0.352009387,0.0,0.99735993,0.0,1.51174929583013,0.234865829348564,0.821355236,0.586682312,37.5317687988281,61.4928909952607,12.3,0.0,0,13.4789681617476,27.2019521264234,0
13077,GA,Coweta,25.3598424758622,6.84313276340062,2.08762132939919,0.154567867,0.0231852,0.394148061,0.0154568,0.734494777067469,0.146893963217735,0.494617174,0.502345567,21.5445537567139,36.4694205824977,10.3,0.06955554,1,10.3992396930496,27.3584831562164,0
13079,GA,Crawford,0.073810819301543,0.0409533378847937,4.5080106013831,0.079270709,0.0,0.475624257,0.0,0.80026455026455,0.0792769938707352,0.158541419,0.158541419,30.0969982147217,69.2758253461129,11.6,0.0,1,13.1591448931116,22.70783847981,0
13081,GA,Crisp,28.2414091184827,19.0072016692562,8.90575883323332,0.462943479,0.0420858,1.05214427,0.0420858,1.61682058233782,0.294736832380295,0.799629645,0.589200791,45.2510108947754,71.8692449355433,12.0,0.0420858,0,13.9639063099962,26.1188617261829,1
13083,GA,Dade,4.07807880093534,1.39074134298247,2.87690044676164,0.301404545,0.0,1.085056363,0.0,1.56155245603396,0.241094574332237,0.542528181,0.542528181,20.3790073394775,43.5237329042639,11.1,0.0,1,14.4111104430951,21.559550291589,0
13085,GA,Dawson,0.0,0.0,0.834054170058791,0.17942852,0.0448571,0.583142691,0.0,1.08152707162608,0.13458950817585,0.807428341,0.897142601,19.3320579528809,37.0912220309811,9.9,0.13457139,1,14.025974025974,22.7630989699955,0
13087,GA,Decatur,15.5379756751682,6.79431282448994,4.86720092694727,0.289257692,0.0361572,1.15703077,0.072314423,1.50859718637537,0.25317370891571,0.650829808,0.506200962,42.9566078186035,66.1491791577445,12.2,0.108471635,0,13.9321887795417,25.4363910638604,1
13089,GA,DeKalb,26.2547746799469,8.50154787960316,1.62409266456356,0.192944243,0.0128629,0.457349318,0.052881,0.820735909246691,0.173276960849762,0.788927573,0.753197158,28.5254993438721,62.2568313747699,10.1,0.090040647,1,8.99387622074512,23.8672742750685,0
13091,GA,Dodge,2.02054275901553,1.15270489566336,4.14115841865037,0.370181852,0.0462727,0.786636435,0.0462727,1.16429899823402,0.231374368071556,0.555272778,0.277636389,33.6470680236816,59.4290657439446,12.9,0.0462727,0,13.8328133602496,23.2932648192329,0
13093,GA,Dooly,33.4683726566788,15.4086857438012,5.9213041701001,0.068493151,0.0,0.95890411,0.068493151,1.26879918051869,0.205380976200104,0.479452055,0.205479452,30.2167930603027,74.6703678001388,13.4,0.0,0,13.7753050006703,21.175760825848,1
13095,GA,Dougherty,41.6710105644927,20.5553877787624,5.13699115191262,0.241947361,0.0315584,0.767919884,0.073636153,1.35448302134369,0.231466874480248,0.90467274,0.67324483,52.1394386291504,75.3786212530635,14.2,0.063116703,1,12.1154761275313,25.7325649024481,1
13097,GA,Douglas,31.819065777804,10.0604801890256,1.55279257739998,0.112593171,0.0225186,0.547953431,0.0150124,0.849064349747333,0.157751217484474,0.608003123,0.570472066,26.384349822998,50.7215153855534,10.3,0.0375311,1,8.49225470721962,28.347544995204,0
13099,GA,Early,9.71812164026663,5.54093959983191,6.6240711672035,0.278189911,0.0,1.112759644,0.09272997,1.98225410609779,0.463477939367294,0.649109792,1.112759644,53.7874526977539,68.5836909871245,13.9,0.09272997,0,16.2699854651163,26.3535610465116,1
13101,GA,Echols,4.81665227561083,2.6974422042064,10.5294157942099,0.0,0.0,0.244678248,0.0,1.00300902708124,0.245881482958794,0.0,0.0,30.5478992462158,64.1772151898734,9.0,0.0,1,9.86613782845811,29.3257312840853,0
13103,GA,Effingham,12.1510966194569,4.00510690754417,2.16215431779659,0.075904209,0.0189761,0.455425253,0.075904209,0.664565077339738,0.132852539420128,0.493377358,0.379521044,18.1106452941895,32.8918895524972,9.7,0.0,1,9.11578947368421,28.5282296650718,0
13105,GA,Elbert,14.6202655054514,8.11720614074735,6.73018417560819,0.302678707,0.0,0.857589669,0.0,1.32510329878751,0.252244979143143,0.504464511,0.504464511,33.1537094116211,61.2304974977922,12.7,0.0,0,16.81047307349,23.3015967469999,0
13107,GA,Emanuel,29.4066204651351,15.5150109732727,5.06917367380956,0.222311147,0.0444622,0.978169045,0.0,1.56127172678837,0.311221778392792,0.578008981,0.578008981,34.9378433227539,69.7995545657016,12.5,0.0,0,13.9923887069652,25.4358792813523,1
13109,GA,Evans,5.55227816349044,1.91447678184565,3.55639402418155,0.091024941,0.0,1.09229929,0.182049882,1.97243271899461,0.182182550430298,0.455124704,0.637174586,37.2960929870606,,12.0,0.0,0,13.6818181818182,25.7909090909091,1
13111,GA,Fannin,0.120033239600013,0.0382862093307518,3.00351749312185,0.423065533,0.0,0.549985193,0.0,0.833617117884102,0.253860801458359,0.719211406,1.057663832,21.2216205596924,49.950803542145,10.8,0.0423066,0,21.9449370830166,19.1326746051854,0
13113,GA,Fayette,40.2797495235003,6.79988934761329,1.56539508031019,0.149237026,0.0186546,0.419729135,0.0186546,0.575840432523592,0.121324114501476,0.68089393,0.848785584,10.2242393493652,18.7881921594435,12.6,0.093273141,1,12.7103136993628,26.3674495857066,0
13115,GA,Floyd,22.8472631071786,9.92252376311239,4.70097759253187,0.207854834,0.041571,0.831419337,0.0207855,1.28495724896112,0.197601735591888,0.706706436,0.644349986,29.0486106872559,55.3076402974983,10.5,0.072749192,1,14.2259414225941,24.3414973473011,0
13117,GA,Forsyth,29.3232645028535,3.63649511712752,1.48751599583682,0.175791336,0.0274674,0.307634837,0.0329609,0.495313808125098,0.121004112064838,0.659217509,0.604282716,6.5655403137207,16.1108017817372,8.2,0.14283046,1,8.90998285007777,30.428292243791,0
13119,GA,Franklin,3.23698509099506,1.406190138388,4.88466224981267,0.273087251,0.0,0.546174503,0.0,1.44255656039707,0.273136973381043,0.455145419,0.910290838,30.3438110351563,51.2367491166078,10.6,0.0455145,0,16.8855279840609,22.4415866690817,0
13121,GA,Fulton,21.6660568647054,6.43566081608844,2.30435557196106,0.202358957,0.0115935,0.373099328,0.067452986,0.713781896888814,0.184714108705521,1.037089657,1.122459842,30.0250034332275,51.3946269779826,8.7,0.125420395,1,9.06210317180129,23.8638425081552,0
13123,GA,Gilmer,3.74051890481656,2.24805065043314,3.36167353297348,0.14120305,0.0353008,0.529511437,0.0353008,0.724252098853021,0.211999148130417,0.776616775,0.882519062,21.4216709136963,58.0478648521821,10.2,0.0353008,0,17.7258589000424,22.0168245440407,0
13125,GA,Glascock,70.2580169182249,29.1987177386368,3.1017919524694,0.0,0.0,0.645369474,0.0,1.00785062592828,0.322684735059738,0.0,0.322684737,22.1488399505615,42.4012158054711,11.5,0.0,0,15.0876054510058,26.3789746917586,0
13127,GA,Glynn,27.4586670499854,8.80563774932453,2.40483528416074,0.236960914,0.0124716,0.723354369,0.0498865,1.21983329630635,0.199757799506187,0.985258537,1.147389688,27.3733062744141,50.7926639726453,11.1,0.12471627,1,15.040313465451,24.1516590058524,0
13129,GA,Gordon,12.8659877170838,5.74602236093239,4.13906562233655,0.234246896,0.018019,0.684721697,0.072075968,1.28961493861254,0.162226468324661,0.684721697,0.486512784,26.2753868103027,53.1804662765039,9.0,0.054057,0,11.6388214402203,26.9543000036241,0
13131,GA,Grady,10.5312745338993,5.37235889503387,3.41999294910467,0.119421998,0.0398073,0.716531985,0.119421998,1.26113731656185,0.159419715404511,0.63691732,0.238843995,34.2707138061523,64.7700701480904,12.3,0.079614665,0,14.1377793770741,25.6966934548799,1
13133,GA,Greene,3.77631557865126,1.70335896659452,3.17577269647492,0.186567164,0.0,1.05721393,0.124378109,1.71410224542216,0.24920566380024,0.559701493,0.995024876,37.7896766662598,70.5827505827506,13.9,0.0,0,20.9953732649744,20.613980242591,1
13135,GA,Gwinnett,32.3763072570349,7.67539736861141,0.741615214883576,0.177148778,0.0218403,0.425885077,0.0618807,0.620017592071376,0.130100354552269,0.78746272,0.793529459,18.2431945800781,45.5653400797898,8.6,0.075227563,1,6.84261306981937,29.1445274617202,0
13137,GA,Habersham,21.1061447723261,10.8503181306143,2.91292152848923,0.116100868,0.0,0.812706079,0.0232202,1.14889705882353,0.162620514631271,0.696605211,0.696605211,18.8588714599609,47.4922118380062,10.0,0.0232202,0,15.3318928463558,23.9399642201622,0
13139,GA,Hall,28.5893323322401,9.90224998790387,2.87880443732773,0.186335063,0.0164413,0.591887848,0.0548044,0.981576562971911,0.219453454017639,0.624770506,0.526122532,22.4727630615234,56.2391812687904,9.9,0.0548044,1,11.1362169141382,27.9190133790432,0
13141,GA,Hancock,24.4221713053862,17.9633595636096,12.8492596941592,0.106428267,0.0,1.383567476,0.0,1.91751889728768,0.106450922787189,0.638569604,0.106428267,39.5147361755371,76.8976897689769,14.2,0.0,0,15.5689892883657,18.2309895004773,1
13143,GA,Haralson,3.81840282766525,1.80041205723928,2.90960896456035,0.175648142,0.0351296,0.913370337,0.0351296,1.1150234741784,0.281027168035507,0.456685168,0.597203682,31.4383773803711,42.4935064935065,10.8,0.070259257,1,14.0236275191105,25.1320361362057,0
13145,GA,Harris,0.653025001361613,0.191238268624355,2.78034907075353,0.216631077,0.0,0.587998638,0.0,0.578597030209934,0.12380450963974,0.247578374,0.402314858,11.9756498336792,28.5771303133107,11.4,0.0618946,1,13.2338246315264,23.7884086934799,0
13147,GA,Hart,3.30024990860415,1.92141795964163,5.04923762453191,0.157288349,0.0393221,0.668475483,0.0,0.986231940852209,0.236043900251389,0.393220872,0.432542959,28.2042751312256,53.7568900493183,11.5,0.078644174,0,17.9550232023163,22.2543925752588,0
13149,GA,Heard,3.55635672396472,1.48622266317718,3.16801247970491,0.170575693,0.0,0.597014925,0.0,0.666208200808046,0.0852878466248512,0.255863539,0.170575693,36.9702682495117,54.1293062765455,10.7,0.0,1,13.2246070643907,25.7562954199763,0
13151,GA,Henry,34.6483357957429,7.55275807942542,1.01974628679052,0.130384393,0.0338034,0.502221364,0.0096581,0.702772343217589,0.125634208321571,0.70504153,0.579486189,19.8932399749756,40.1281586265264,9.7,0.0482905,1,8.36005923833623,29.2548131148184,0
13153,GA,Houston,36.2216569417318,9.40979883774439,1.43874363767437,0.152808552,0.0208375,0.61818005,0.0208375,0.89813598292002,0.166824221611023,0.764042759,0.576504991,22.7878532409668,43.3021691733491,11.9,0.069458433,1,10.4152966404575,26.7984274481773,0
13155,GA,Irwin,7.1076515710187,2.66245283321762,5.77677999225977,0.103124678,0.0,0.824997422,0.0,1.05034722222222,0.103156588971615,0.0,0.309374033,33.283073425293,62.7208480565371,11.6,0.0,0,15.5693017404068,24.2713357097924,0
13157,GA,Jackson,0.966266206322234,0.460772010756968,2.52327485007279,0.114799265,0.0,0.623196012,0.0327998,0.858496640306417,0.164025843143463,0.442797166,0.475596956,23.178653717041,40.3596317646047,10.6,0.09839937,0,11.8988178887327,26.527238158221,0
13159,GA,Jasper,6.59303519598124,2.94793980651535,4.0978124631364,0.144529556,0.0,0.433588669,0.0,0.678650036683786,0.216841340065002,0.289059113,0.216794334,34.7364692687988,62.5738972260118,11.5,0.072264778,1,12.6906474820144,25.0,0
13161,GA,Jeff Davis,12.6748250387814,5.90382769683268,2.83946804359423,0.32985882,0.065971764,0.989576461,0.0,1.51755080496173,0.263782650232315,0.395830585,0.32985882,33.842170715332,59.9467731204258,12.0,0.0,0,12.4369524820812,27.6479957525883,0
13163,GA,Jefferson,1.98543973853996,0.979181032122203,4.55919394112238,0.417188152,0.0,1.013171226,0.0,1.71920642648491,0.357589840888977,0.655581381,0.297991537,40.9765930175781,76.9617706237425,14.4,0.0,0,14.7548730064973,25.227406969876,1
13165,GA,Jenkins,12.39469882426,6.99050405622217,3.23390429894232,0.123046635,0.0,0.615233173,0.0,1.20301023915482,0.123046636581421,0.615233173,0.492186539,42.4071235656738,65.1131824234354,13.6,0.0,0,15.0599520383693,26.810551558753,1
13167,GA,Johnson,21.9358767132981,7.59519480803271,5.92305687184637,0.099910081,0.0,0.499550405,0.099910081,1.15354821326328,0.200040012598038,0.499550405,0.399640324,35.5348091125488,62.6878130217028,12.2,0.0,0,13.9178356713427,20.9418837675351,1
13169,GA,Jones,6.77495302442481,3.31060202774674,2.61408194594328,0.10440593,0.0,0.417623721,0.0,0.772765977301093,0.10440956056118,0.243613837,0.348019768,23.76003074646,38.1377095968605,11.8,0.069603954,1,12.5082842094248,26.0664829606892,0
13171,GA,Lamar,5.54730913833919,2.04537857045231,1.68539107350905,0.220276447,0.0,0.550691117,0.0550691,0.996843329456721,0.220288574695587,0.440552894,0.495622006,30.7825298309326,59.3970242756461,12.1,0.0,1,13.5775509089916,21.1224545504176,0
13173,GA,Lanier,4.94833331421774,2.43528130330794,1.20522248438045,0.09544717,0.0,0.47723585,0.19089434,1.25801282051282,0.095474511384964,0.38178868,0.57268302,34.1839485168457,64.6215596330275,10.6,0.0,1,10.9545544750943,27.4657670172653,0
13175,GA,Laurens,9.89171548689949,4.84089055358457,3.02179284918993,0.229913887,0.0209013,1.003260597,0.104506312,1.62361316375596,0.250485301017761,0.961458072,0.668840398,38.4831466674805,56.4108016159898,12.3,0.0418025,0,14.2131560474047,25.7566998389561,0
13177,GA,Lee,19.1082654795166,3.79281101786716,1.60096796656649,0.174941395,0.0,0.559812463,0.0,0.733435376516153,0.244943663477898,0.349882789,0.174941395,18.2514801025391,35.044080604534,9.7,0.0349883,1,8.31860908898155,28.0408509435296,0
13179,GA,Liberty,39.0878249496263,17.7996125412096,3.61448311173662,0.107545054,0.0153636,0.752815376,0.0460907,0.954621129965939,0.122755870223045,0.722088218,0.414816636,20.8783473968506,50.4228028503563,10.8,0.0307272,1,6.2581753423794,30.2444328873339,0
13181,GA,Lincoln,5.5878827826718,3.52067535091162,5.03075821568251,0.12704866,0.0,0.762291958,0.0,0.775494377665762,0.127048656344414,0.381145979,0.508194639,24.199089050293,55.6745182012848,13.1,0.0,1,17.4587293646823,20.647823911956,0
13183,GA,Long,10.492110692385,4.99138057203852,5.13848333318748,0.131509732,0.0,0.394529195,0.0,0.602359587902958,0.066343791782856,0.197264598,0.131509732,29.5588912963867,58.6826347305389,10.0,0.065754866,1,7.29397123893805,30.5517146017699,0
13185,GA,Lowndes,21.0074626969823,8.92856614173816,2.71042568483911,0.152466368,0.0269058,0.762331839,0.062780269,1.05119654538259,0.143538951873779,0.816143498,0.735426009,28.8734550476074,51.748838771056,11.1,0.089686099,1,9.78916627759011,24.6903408310675,0
13187,GA,Lumpkin,1.23356868617059,0.571660160037886,2.17507849362355,0.0327815,0.0327815,0.426159646,0.0327815,0.634303572789738,0.131207764148712,0.557285691,0.622848713,22.1864280700684,46.3269529229178,8.8,0.065563022,0,12.661015817927,20.8269371954882,0
13189,GA,McDuffie,9.43088263429326,4.41791112018327,5.95052983633664,0.185073798,0.0462684,0.97163744,0.0462684,1.21943713551524,0.231352955102921,0.647758294,0.647758294,38.3495140075684,61.961437752916,12.3,0.0,1,13.5862857142857,26.048,0
13191,GA,McIntosh,8.7817627835562,3.64430967114878,4.04473749132946,0.28123462,0.0,0.84370386,0.070308655,1.08389334489486,0.140617311000824,0.56246924,0.773395205,26.9473667144775,71.2507074136955,13.5,0.0,1,17.2887741575385,21.4749180213493,0
13193,GA,Macon,17.4352991993283,8.95938006066655,8.04918608602124,0.414880376,0.0,0.691467294,0.069146729,1.57750823809858,0.276720851659775,0.484027106,0.138293459,30.6689510345459,69.9389905712701,14.2,0.0,0,12.3948439620081,22.0691994572592,1
13195,GA,Madison,2.84453941980058,1.36261708715491,4.01139395399781,0.284444444,0.0,0.817777778,0.0,1.10128214311296,0.142035365104675,0.426666667,0.177777778,26.4605484008789,49.3878398007886,11.4,0.0355556,1,13.3499288762447,24.4452347083926,0
13197,GA,Marion,92.5747151792861,41.6970466030137,13.2475972877081,0.114784206,0.0,0.80348944,0.0,1.14797382619676,0.344787955284119,0.344352617,0.344352617,35.2346420288086,63.8580931263858,12.0,0.0,1,13.8984214138641,23.9762068176619,1
13199,GA,Meriwether,1.46123006002383,0.792517272654333,5.32280464659273,0.277687786,0.0,0.971907252,0.0,1.33189175637349,0.231481477618217,0.41653168,0.555375573,41.8208656311035,52.8076463560335,13.4,0.0,1,15.7648235722081,23.6904328846853,0
13201,GA,Miller,3.65718119448921,1.96149683323967,3.14818809048696,0.658327847,0.0,0.329163924,0.164581962,1.84285474953929,0.329435020685196,0.493745885,1.152073733,35.4745674133301,62.8545288197621,13.1,0.0,0,18.334693877551,23.4448979591837,0
13205,GA,Mitchell,20.4060477750703,9.57565124628713,5.66626091826827,0.384598949,0.0,0.940130764,0.0427332,1.71390713215808,0.213730022311211,0.683731464,0.512798598,43.4318046569824,66.9871794871795,11.9,0.0,0,13.1372882798536,24.8361562686186,1
13207,GA,Monroe,10.6966115535197,4.14934065426571,4.63552210883678,0.189810948,0.0,0.835168173,0.0,0.997985258600193,0.151785373687744,0.417584086,0.607395035,20.1611366271973,48.3037974683544,11.3,0.113886569,1,13.8851044504995,22.528761731759,0
13209,GA,Montgomery,11.7874611407674,5.89140516574359,4.65834920733061,0.110692938,0.0,0.885543502,0.0,1.86057818168219,0.221483945846558,0.664157627,0.0,28.3620147705078,72.7355901189387,10.5,0.0,0,12.8576126274252,22.8433629288611,0
13211,GA,Morgan,19.9727646434396,7.64356038330955,3.38201318131249,0.223426241,0.0558566,0.726135285,0.0558566,1.00199466845628,0.167616486549377,0.670278724,1.172987767,29.2317199707031,43.2359952324196,12.2,0.0558566,1,15.5249608238191,24.8432952764719,0
13213,GA,Murray,14.3010712281768,6.14460590819721,3.14679688088136,0.202994164,0.0,0.710479574,0.0,1.28198619008936,0.152419656515121,0.634356762,0.279116975,32.7279663085938,62.672870621688,10.6,0.0,1,10.8155849399415,26.8698899767841,0
13215,GA,Muscogee,32.895918976128,12.7496214046314,2.61709122878713,0.209899044,0.020478,0.522187865,0.0358364,0.89165864467886,0.19462825357914,0.865193619,0.660414064,32.7143974304199,54.9256131885806,12.8,0.076792333,1,11.629143955552,25.593385470153,0
13217,GA,Newton,25.5673579071707,9.2679981818772,1.79893907792254,0.179147259,0.0199053,0.467773399,0.0,0.791422425824672,0.12941375374794,0.507583901,0.338389267,33.9570960998535,54.5286414075777,10.6,0.0298579,1,9.83413033474059,28.8851317553372,0
13219,GA,Oconee,29.6011333587035,5.37076780467136,1.95165164439537,0.150384986,0.030077,0.451154957,0.030077,0.632083048276272,0.120268195867538,0.721847931,0.481231954,8.25796699523926,17.3986746802281,9.7,0.120307988,1,10.9058766154596,28.3558888076079,0
13221,GA,Oglethorpe,4.5209418730845,1.53238522030446,6.43797317859311,0.068017957,0.0,0.544143654,0.0,0.701190313312355,0.0680225864052773,0.136035913,0.0,24.6868896484375,48.5367892976589,10.6,0.068017957,1,14.1888717363581,23.8606617893818,0
13223,GA,Paulding,23.9000257169592,5.87907947629148,1.09696220769652,0.083568951,0.0278563,0.334275805,0.00696408,0.482274401473297,0.0975106880068779,0.445701074,0.38302436,16.2301845550537,31.6657871591909,10.2,0.09749711,1,7.18079874090104,30.2788004834041,0
13225,GA,Peach,21.2206305547697,8.85783882363293,5.73245695702824,0.180577124,0.0,0.830654773,0.0361154,1.27615668669901,0.144618391990662,0.577846798,0.433385099,39.2882957458496,64.8946840521565,11.9,0.0361154,1,11.42444484564,22.8200036107601,1
13227,GA,Pickens,6.16046903260742,2.40567084404804,3.03667159101011,0.16999864,0.0339997,0.713994288,0.0,0.896883968839689,0.305955946445465,0.373997008,0.883992928,23.7091045379639,41.5048001786113,9.4,0.067999456,1,16.3263225850294,22.5510516122456,0
13229,GA,Pierce,12.1408112015316,4.00606710210612,4.15987568754833,0.213003887,0.0,0.852015549,0.0,1.49915092337083,0.213071972131729,0.639011662,0.159752915,29.9850215911865,48.0497925311203,12.0,0.053251,0,14.0260155666915,26.1008636315172,0
13231,GA,Pike,0.0,0.0,2.16755401796315,0.168728909,0.0,0.506186727,0.0,0.598914467527606,0.0562334805727005,0.224971879,0.281214848,22.3601264953613,38.8241131232945,10.2,0.112485939,1,12.2894398119649,27.0748223179809,0
13233,GA,Polk,11.4170322989395,5.44678823963009,3.60674413769501,0.145260864,0.0484203,0.944195618,0.0242101,1.54778090706031,0.169647619128227,0.750514466,0.629463745,34.1449661254883,58.3837852066333,11.5,0.12105072,0,13.3453887884268,26.6329113924051,0
13235,GA,Pulaski,10.0926701106288,5.17402977074493,1.44074347613955,0.16889039,0.0,0.928897146,0.084445195,1.62116040955631,0.168890386819839,1.013342341,0.422225975,24.5542068481445,60.1261387526279,12.7,0.0,1,15.6702747710241,21.4654454621149,0
13237,GA,Putnam,3.49153587278022,1.37161109496729,2.59374631146767,0.094002632,0.0470013,1.081030269,0.0470013,1.09287039657829,0.18831504881382,0.329009212,0.564015792,29.1957874298096,69.0110674759015,13.2,0.0470013,0,18.1214063530964,21.684418889622,0
13239,GA,Quitman,34.6998225235705,23.3364056401325,11.5141632759378,0.0,0.0,2.849002849,0.0,2.32251802551303,,0.0,0.0,43.8105125427246,93.1216931216931,13.7,0.0,0,22.0453641066454,20.4536410664544,1
13241,GA,Rabun,0.711715275516116,0.145689915528492,1.96425706969743,0.24585126,0.0614628,0.921942225,0.0,1.15051850033749,0.245987325906754,0.98340504,1.47510756,19.5084342956543,54.2292829540575,11.9,0.0614628,0,21.252150405505,21.0678299336446,0
13243,GA,Randolph,6.09992563238074,3.32392173990391,6.94521903564719,0.132205182,0.0,1.05764146,0.0,1.30794777307675,0.528820753097534,0.396615547,1.189846642,41.3243865966797,82.5739408473222,14.8,0.0,0,17.8261432828087,22.3863194714341,1
13245,GA,Richmond,33.5619182385386,12.5033645177668,1.97131267293683,0.169679306,0.0099811,0.578905868,0.06986795,1.042761875145,0.159722089767456,0.713651199,0.633802114,42.7503471374512,68.2625482625483,12.3,0.0399245,1,11.3249131135034,24.5850141361961,0
13247,GA,Rockdale,46.7685817225848,13.3311952952188,2.65658929348874,0.245605417,0.023391,0.549688315,0.0350865,0.892371630544551,0.199032932519913,0.783598236,0.912248693,32.042366027832,54.0153807362582,11.2,0.070172976,1,10.6389720119697,26.8896321070234,0
13249,GA,Schley,0.885446275443499,0.534430070625956,4.56241404246604,0.198333994,0.0,0.595001983,0.0,1.00200400801603,0.198333993554115,0.595001983,0.0,21.9368114471436,41.9354838709677,11.3,0.0,0,13.1137724550898,30.0,0
13251,GA,Screven,21.4548175591227,9.23137550717049,7.25023470724471,0.208275479,0.0,0.902527076,0.0,1.60775477632258,0.277700632810593,0.485976118,0.694251597,42.1018600463867,,13.6,0.0,0,14.8975536215994,25.2860960734599,1
13253,GA,Seminole,7.33898673050782,2.95826788806973,4.17816611697427,0.456360525,0.0,1.369081574,0.114090131,1.9000782385157,0.456360518932343,0.684540787,0.456360525,41.9908294677734,66.2942271880819,13.5,0.0,0,18.9827013403597,22.9579562378279,1
13255,GA,Spalding,17.0369584139463,7.0370067370444,3.40380120957467,0.218678246,0.0156199,0.656034739,0.0,0.998199326704768,0.234257876873016,0.702894363,0.59355524,44.3022384643555,64.4296675191816,11.8,0.078099374,1,13.3269864061305,25.3008287422159,0
13257,GA,Stephens,10.2760885084748,5.38129093641173,3.45721891183068,0.155195158,0.0387988,0.698378211,0.0,1.13939206674134,0.232883095741272,0.504384263,0.581981842,37.2126159667969,50.4049079754601,12.9,0.116396368,0,16.6112702960841,22.7392550143267,0
13259,GA,Stewart,17.0746493822593,6.73246320911276,11.0658328742379,0.0,0.0,0.988142292,0.164690382,0.855125234469823,0.32986968755722,0.164690382,0.82345191,35.0138893127441,83.2116788321168,16.8,0.0,0,14.1630901287554,15.6652360515021,1
13261,GA,Sumter,22.6303805904281,9.42723750259853,7.63110240213751,0.249361012,0.0311701,0.966273923,0.09351038,1.45781834315776,0.249477654695511,0.467551898,0.748083037,52.6301918029785,76.9230769230769,13.2,0.0311701,0,12.62378500259,25.2932752369054,1
13263,GA,Talbot,4.45496669550673,2.55339677336002,11.6699304469957,0.146563095,0.0,0.439689286,0.0,1.03575264692343,0.146327182650566,0.146563095,0.293126191,37.7230110168457,78.9649415692821,14.9,0.0,0,16.3000728332119,21.3255644573926,1
13265,GA,Taliaferro,68.9392285556826,43.933855933718,13.1312810035934,0.0,0.0,2.344665885,0.0,1.78571428571429,0.586166501045227,0.0,0.0,48.9054718017578,82.1100917431193,16.2,0.0,0,20.5008736167734,18.8118811881188,1
13267,GA,Tattnall,3.73985120937955,1.48584473245066,5.76165227893035,0.314366551,0.0,0.825212197,0.0392958,1.4411965542599,0.235839784145355,0.235774914,0.196479095,23.3273143768311,64.0616400660429,11.6,0.0,0,11.6418495297806,21.1833855799373,1
13269,GA,Taylor,7.32992747177465,4.96260029931773,3.74241691140023,0.355660937,0.0,0.829875519,0.0,1.40538400633413,0.355492353439331,0.474214582,0.237107291,42.4443664550781,71.2248865845755,14.0,0.0,0,14.9337525263867,24.455423310128,1
13271,GA,Telfair,8.30139009938103,3.55781809366494,6.16070944844066,0.184433788,0.0,0.737735153,0.0614779,1.25389932105939,0.307900726795197,0.491823435,0.184433788,26.0753345489502,66.8941979522184,11.6,0.0,0,13.6424242424242,20.0969696969697,1
13273,GA,Terrell,1.24728002935611,0.447497869329362,5.93491190655277,0.42593973,0.0,1.171334256,0.106484932,1.74129353233831,0.425894379615784,0.532424662,0.532424662,58.4245529174805,77.587343441002,13.9,0.0,1,14.9006977992485,24.7342995169082,1
13275,GA,Thomas,26.9298828031096,13.982946591291,4.86837618307669,0.179360133,0.02242,1.031320763,0.06726005,1.58565125361476,0.269118636846542,0.650180481,0.515660382,32.9106826782227,57.0249910319263,13.2,0.1345201,0,15.0715563506261,24.9038461538462,0
13277,GA,Tift,9.78862403811725,5.72875131205252,2.81143784584993,0.169907037,0.0242724,1.262166557,0.0242724,1.78988895382817,0.267301708459854,0.89808005,0.70390058,34.7225608825684,59.6905222437137,12.0,0.121362169,0,12.7698290044369,25.8238197317912,0
13279,GA,Toombs,16.6756362671354,8.69164887381846,3.81592291820669,0.14697777,0.0367444,1.139077714,0.0367444,1.59558240283117,0.294063597917557,0.955355502,0.661399963,43.0854835510254,63.0349500713267,12.7,0.0367444,0,13.7457297138449,27.9726701686074,1
13281,GA,Towns,0.0105797098801017,0.0049422239622708,3.22475632613062,0.189071658,0.0,1.03989412,0.094535829,1.17516277592504,0.189053788781166,0.567214974,1.701644923,21.6461486816406,47.1304347826087,12.3,0.0,0,29.2331200458409,15.6718556011842,0
13283,GA,Treutlen,14.7038244665569,8.03965033651704,3.76867745491203,0.146563095,0.0,1.465630954,0.0,1.48963411631457,0.439818203449249,0.146563095,0.146563095,40.3166427612305,63.1886477462437,11.9,0.0,0,13.6528685548293,24.880174291939,1
13285,GA,Troup,14.7094008647966,6.38461844724473,2.83018343914223,0.221772107,0.0147848,0.887088428,0.0295696,0.989513349301864,0.177464917302132,0.754025164,0.665316321,31.0938358306885,55.8823529411765,12.5,0.073924036,0,12.3844042718215,26.5527116520494,0
13287,GA,Turner,8.103213424449,4.57305463754424,3.35239463972282,0.111894372,0.0,1.566521204,0.0,1.72413793103448,0.111881852149963,0.895154974,0.447577487,47.703670501709,71.2871287128713,13.4,0.0,0,15.6886898096305,24.6696528555431,1
13289,GA,Twiggs,1.08089921946879,0.787119903162386,6.9473902090339,0.0,0.0,0.906926652,0.0,1.13452507793694,0.113352984189987,0.0,0.226731663,35.7491035461426,77.0242914979757,13.3,0.0,1,16.169788318741,20.5696553252798,0
13291,GA,Union,0.034458967357299,0.0126454925062011,3.39238399153129,0.235271974,0.0470544,0.705815923,0.0,1.00616909856572,0.282392799854279,0.564652739,0.894033503,21.2689476013184,33.8504155124654,13.5,0.09410879,0,26.5733283386402,17.7608166323282,0
13293,GA,Upson,18.154645608126,8.18424924144378,5.26545236446084,0.297088532,0.0371361,0.668449198,0.0371361,1.49267743146827,0.111433029174805,0.594177065,0.557040998,41.5914001464844,57.2261827608555,12.5,0.0371361,0,15.6594114830774,23.6327477626782,0
13295,GA,Walker,25.4041958029872,10.4619835892133,3.06509046404204,0.116255413,0.0145319,0.610340919,0.0,1.00596234616853,0.159865126013756,0.334234313,0.305170459,26.2712116241455,53.8432554634514,12.2,0.072659633,1,14.9834196288324,23.6430275175985,0
13297,GA,Walton,18.4681338960767,6.89140160007313,2.29913387847063,0.094579417,0.0236449,0.602943784,0.0236449,0.801064144250665,0.141864091157913,0.49654194,0.390140096,25.3222789764404,43.0114974373182,10.4,0.0236449,1,12.0475599274186,26.9649508165409,0
13299,GA,Ware,37.4816134933868,14.1218157764446,2.88467311908997,0.192858717,0.0275512,1.184703549,0.0275512,1.60985641569657,0.220513239502907,0.743883624,0.633678642,35.0330276489258,59.9161777032691,12.4,0.110204981,0,15.2318792685614,23.5652126018947,1
13301,GA,Warren,1.48201028705587,0.785423550588217,8.28732061024026,0.176149375,0.0,1.056896248,0.0,1.59854189076132,0.176149368286133,0.352298749,0.352298749,43.1241722106934,82.4675324675325,14.7,0.0,0,17.9465203976688,23.534453205348,1
13303,GA,Washington,26.5985775566274,15.7141442537073,4.96713845608728,0.143041053,0.0476804,0.810565966,0.0476804,0.981847789645098,0.190757781267166,0.476803509,0.572164211,34.5482521057129,53.7019681349578,13.3,0.0,0,13.5979610138292,23.8164912446311,1
13305,GA,Wayne,28.283731365486,12.6912413163991,3.99990955950901,0.132013201,0.0330033,0.891089109,0.0330033,1.23466974646648,0.132039353251457,0.660066007,0.594059406,36.3520469665527,57.4366507528461,10.5,0.066006601,0,12.830991062826,24.7881989434865,0
13307,GA,Webster,1.99983377187813,1.16679293705278,8.13358563291364,0.361663653,0.0,0.0,0.0,0.716075904045829,0.361794501543045,0.0,0.0,36.8630294799805,63.2478632478632,13.4,0.0,0,15.005359056806,25.3662022150768,0
13309,GA,Wheeler,0.161678410183597,0.0520018287309992,3.65776921651855,0.24789291,0.0,0.619732276,0.0,0.792342799188641,0.123946458101273,0.123946455,0.371839365,26.6940231323242,68.1318681318681,11.2,0.0,0,11.8851906751112,18.8519067511117,1
13311,GA,White,0.0,0.0,3.40379763285624,0.145948115,0.036487,0.474331375,0.072974058,0.804422509314366,0.182495072484016,0.65676652,0.94866275,22.6480407714844,46.7985424258199,10.3,0.072974058,0,17.5139994105511,22.8411435307987,0
13313,GA,Whitfield,26.9914679897277,12.2711291247938,1.89932469958569,0.213476168,0.0194069,0.698649278,0.0097035,1.26500836888902,0.213768646121025,0.776276976,0.611318118,22.6052913665772,60.9614162061715,10.5,0.067924235,1,11.1550794842055,28.5412138519869,0
13315,GA,Wilcox,0.742096486736302,0.363297312884156,8.78338565107292,0.108589423,0.0,0.868715387,0.0,1.10277900308778,0.217155262827873,0.217178847,0.217178847,33.8720397949219,70.4954954954955,12.0,0.0,0,14.2733657482442,19.3084819016748,1
13317,GA,Wilkes,30.5909723326618,16.6499258745159,10.1340896628761,0.391006843,0.0,0.488758553,0.0,1.35635834325791,0.391121536493301,0.488758553,0.684261975,36.8315010070801,67.6895306859206,14.8,0.0,0,18.606627017842,22.2411026149344,0
13319,GA,Wilkinson,21.1262233721137,10.5849255455987,6.29287665298243,0.212539851,0.0,1.168969182,0.0,1.94041279454248,0.318708181381226,0.212539851,0.212539851,39.5481719970703,74.6221662468514,13.1,0.0,0,15.7272822336087,24.3019972811879,0
13321,GA,Worth,11.3020629577403,6.36910877952387,3.64817448614267,0.18583043,0.0,0.511033682,0.092915215,0.942918908973828,0.139392256736755,0.325203252,0.18583043,34.7765045166016,61.6081540203851,11.8,0.092915215,1,14.4563863646847,24.6459707551086,0
15001,HI,Hawaii,37.1996344588507,10.7819465261043,2.63857554910917,0.219193901,0.0106924,0.449080188,0.064154313,0.837777695556343,0.14967979490757,0.807275099,0.743120787,52.0975456237793,51.7158727743114,7.2,0.0588081,0,14.4986735394075,22.8442989210013,0
15003,HI,Honolulu,19.8309957505398,4.0094520002101,1.0501246634985,0.20485994,0.0103465,0.279354464,0.099326031,0.616397575241131,0.0702997148036957,0.941528007,0.786331083,23.1859474182129,33.1810641410138,8.4,0.0486284,1,14.5288484033374,22.0833460098384,0
15005,HI,Kalawao,0.0,0.0,0.0,0.0,0.0,0.0,0.0,0.0,,0.0,0.0,,,11.5,0.0,1,28.8888888888889,0.0,0
15007,HI,Kauai,42.0404065053787,10.282019312462,2.15743641407127,0.280103786,0.0294846,0.353815308,0.088453827,0.685575396245531,0.176735699176788,1.031961316,1.253095884,29.4029712677002,34.3657817109145,8.3,0.073711523,0,14.8827711615567,22.6900776557213,0
15009,HI,Maui,36.0093269643607,8.71831003463238,2.33874966749922,0.261416238,0.00637601,0.363432331,0.063760058,0.609887123481602,0.127460792660713,0.790624721,1.185937082,,36.4221124265871,7.6,0.089264081,1,12.7898265238901,23.1312244080757,0
16001,ID,Ada,18.3206091809896,3.81842472186663,0.580236150699123,0.089776681,0.0224442,0.274317635,0.094764274,0.512148554861011,0.072276845574379,0.790533548,0.753126598,15.7712078094482,24.985293705706,7.1,0.099751867,1,10.4616874593809,26.4310017458234,0
16003,ID,Adams,10.6692430027104,4.1178661278255,1.38408868663796,0.251193168,0.0,1.00477267,0.0,1.3835674755215,0.753768861293793,0.251193168,1.255965838,13.9706506729126,49.0338164251208,8.8,0.0,0,20.8249496981891,19.1901408450704,0
16005,ID,Bannock,30.4127850707065,8.63380268922771,1.31047148456286,0.10765679,0.0478475,0.394741564,0.0598093,0.647374701670644,0.131534889340401,0.753597531,0.610055144,23.2271118164063,37.3097519729425,8.6,0.095694925,1,11.1577879984065,27.4194521903934,0
16007,ID,Bear Lake,25.8799481410859,9.0291169212761,1.48066992556516,0.503947589,0.0,1.007895179,0.0,0.846453360419841,0.335852235555649,0.671930119,1.007895179,10.0028295516968,29.491833030853,8.3,0.0,0,18.443033745406,27.3304376879385,0
16009,ID,Benewah,27.8206487855187,15.4628357572334,1.16501385374292,0.327153762,0.0,0.54525627,0.0,0.548426017330262,0.436109900474548,0.872410033,0.54525627,17.9400043487549,45.1558550968829,8.5,0.0,0,18.2983306408185,23.7049003769521,0
16011,ID,Bingham,20.5050794987216,7.44866559829239,1.34194360484842,0.108953825,0.0217908,0.305070711,0.0435815,0.412323525531073,0.130736038088799,0.348652241,0.348652241,18.211145401001,38.4216414115733,10.8,0.065372295,0,11.4324555441051,32.9949349880501,0
16013,ID,Blaine,28.5603723278087,6.15967089187411,0.470646888921353,0.189861401,0.0,0.474653503,0.094930701,0.327091018001829,0.142287984490395,0.901841656,2.800455667,6.89309167861939,29.871754770097,5.3,0.427188153,0,11.5830838323353,24.3403817365269,0
16015,ID,Boise,90.0273513942339,30.5727009817388,2.62083292848294,0.286327845,0.0,0.715819613,0.0,0.963179712265301,0.429430276155472,0.0,1.57480315,14.563702583313,37.7952755905512,8.8,0.143163923,1,15.907797381901,21.4712578258395,0
16017,ID,Bonner,18.7165635363113,6.37830511906906,1.99108471671174,0.294348509,0.024529,0.564167975,0.122645212,0.658826629772375,0.147127345204353,0.564167975,1.005690738,18.2150936126709,38.5472713297463,7.8,0.147174254,0,17.1465616361279,21.6503168040707,0
16019,ID,Bonneville,23.7222183498553,6.73439081033544,1.53710865464709,0.075624374,0.0378122,0.444293196,0.08507742,0.556940747128592,0.0756100788712502,0.614448037,0.727884597,20.378662109375,32.8422053231939,8.5,0.0378122,1,10.8822457163689,31.4619030258841,0
16021,ID,Boundary,18.3300558004728,9.37189016632364,1.52184899959784,0.277315585,0.0,0.55463117,0.0,0.609116703676289,0.18482580780983,0.55463117,0.831946755,15.8770551681519,40.885072655218,8.1,0.184877057,0,16.6970470288006,25.6288734961721,0
16023,ID,Butte,20.9327060766181,9.24583240330775,0.591692501043895,0.352982704,0.0,1.058948112,0.0,1.09489051094891,0.352982699871063,1.058948112,1.058948112,13.496376991272,29.3478260869565,9.9,0.0,1,17.5025942580422,28.1909373919059,0
16025,ID,Camas,99.9999994389114,42.57845578672,1.40515219279919,0.896860987,0.0,0.0,0.0,0.928505106778087,,1.793721973,1.793721973,10.1195955276489,37.5838926174497,8.1,0.0,0,15.9355416293644,21.4861235452104,0
16027,ID,Canyon,21.0372773276228,8.0301520595477,1.14307578084412,0.109766615,0.0313619,0.287483992,0.083631707,0.563469631952468,0.0783887431025505,0.517471186,0.423385516,28.7892093658447,52.4964739069112,8.3,0.0365889,1,10.7959327345003,31.4900779682728,0
16029,ID,Caribou,31.4548882470862,13.2031997467319,1.27189715730409,0.438468284,0.0,0.438468284,0.292312189,0.736702519522617,0.438404202461243,0.438468284,0.584624379,9.68934917449951,27.2463768115942,8.4,0.0,0,15.8408731868448,28.9530374838432,0
16031,ID,Cassia,23.5216161277856,11.1191875437859,1.03138510064581,0.216459587,0.0432919,0.952422183,0.0,0.390697807791016,0.173100218176842,0.909130265,0.822546431,14.8018999099731,40.3667915598501,9.9,0.17316767,0,12.8703380968979,33.0559428372255,0
16033,ID,Clark,100.000000592837,59.9766633006793,0.0,0.0,0.0,3.144654088,0.0,1.15074798619102,1.04821801185608,0.0,1.048218029,11.1428575515747,59.4871794871795,8.6,0.0,0,13.1364562118126,31.3645621181263,0
16035,ID,Clearwater,22.013887371707,9.25792140896769,2.20834371045823,0.464792006,0.0,0.580990007,0.116198001,0.814901047729919,0.580855011940002,0.232396003,1.510574018,12.8152809143066,41.6510318949343,10.1,0.0,0,22.3718753566944,17.7605296199064,0
16037,ID,Custer,21.9715052267169,8.48291804380323,1.03182557400509,0.924855491,0.0,2.312138728,0.0,1.05826214115293,0.693641602993012,1.156069364,1.61849711,7.66327810287476,23.9482200647249,8.6,0.0,0,18.7271062271062,19.6428571428571,0
16039,ID,Elmore,34.4344995516324,12.4221015659845,0.51642158047857,0.152700897,0.0381752,0.381752243,0.152700897,0.616507137500159,0.267002314329147,0.496277916,0.648978813,16.4985408782959,34.1330918967859,8.3,0.076350449,0,10.0451216805977,28.3859752940306,0
16041,ID,Franklin,7.18842317985475,3.00890434270306,1.61609799249945,0.156140214,0.0,0.624560856,0.0,0.234631628343501,0.0780701041221619,0.468420642,0.624560856,9.12903022766113,32.6107445805844,7.8,0.0,1,12.8499921789457,35.1791021429689,0
16043,ID,Fremont,12.4894962133578,4.1858399755548,0.923742345377081,0.152566939,0.0,0.533984286,0.0,0.463070155128502,0.152613505721092,0.381417347,0.839118163,16.1211471557617,37.8979502834714,7.8,0.076283469,0,13.9253889140613,31.3698837033681,0
16045,ID,Gem,36.8107011183798,13.7135396721524,2.36873245383024,0.0599556,0.0599556,0.359733797,0.179866898,0.884663827745457,0.0599197074770927,0.719467594,0.539600695,21.0626564025879,47.331240188383,8.5,0.119911266,1,18.5836473473294,24.5110353490041,0
16047,ID,Gooding,13.0374357428668,4.99906268910828,1.08314439105795,0.260841213,0.0,0.326051516,0.0,0.588581518540318,0.260518431663513,0.326051516,0.521682426,18.0175743103027,45.3341740226986,8.6,0.0,0,15.0543197102949,29.5072426280393,0
16049,ID,Idaho,34.3271139522396,15.2231648510678,1.49578163837305,0.30422878,0.0,0.60845756,0.0608458,0.909574033194342,0.303803622722626,0.243383024,1.095223608,11.9540090560913,37.8238341968912,10.1,0.121691512,0,21.1716973012848,20.9319481158173,0
16051,ID,Jefferson,11.6605788943846,4.89881044995012,2.16585563828561,0.076025392,0.0,0.266088874,0.076025392,0.259206515764753,0.0760138332843781,0.342114266,0.684228532,13.8278694152832,34.5665961945032,7.9,0.0380127,1,9.57918898240245,35.5279265493497,0
16053,ID,Jerome,21.9713310662868,9.62663258459618,2.08867850680776,0.0443695,0.0443695,0.488064602,0.133108528,0.470391276649333,0.0887587070465088,0.310586565,0.354956074,21.1746501922607,51.21776504298,8.9,0.088739019,0,11.2049700545276,31.053901850362,0
16055,ID,Kootenai,24.9283185029689,7.50772001882305,0.851481810380863,0.127767407,0.0425891,0.38330222,0.09937465,0.577187399753203,0.113540403544903,0.766604439,0.85178271,19.2843723297119,34.2816568047337,8.0,0.170356542,1,14.4973789478245,24.7259809089202,0
16057,ID,Latah,15.5346262946637,4.55626972950754,1.29545885831808,0.185155795,0.0,0.264508279,0.158704967,0.515049933654585,0.132107377052307,0.687721526,0.793524837,10.4473104476929,19.8272398553636,6.7,0.079352484,0,10.3587154977983,18.7117388035657,0
16059,ID,Lemhi,41.7130566567782,20.3661497851555,3.87117714733406,0.501064763,0.0,1.002129525,0.0,0.784136805018476,0.125234812498093,0.626330953,1.628460479,13.9711561203003,31.547619047619,8.2,0.125266191,0,22.1522177419355,19.8588709677419,0
16061,ID,Lewis,48.4883772097438,18.8772278176209,3.69460510137986,0.788643533,0.0,0.525762355,0.262881178,1.02854204165595,0.78843629360199,0.525762355,0.788643533,22.6062660217285,42.1412300683371,9.8,0.0,0,21.8267469248888,22.1931431562418,0
16063,ID,Lincoln,97.4276304279102,40.7699953063823,0.870583888024106,0.389787566,0.0,0.584681349,0.0,0.379003221527383,0.389787554740906,0.194893783,0.584681349,15.6131000518799,54.4662309368192,8.1,0.0,0,11.0023041474654,32.6228878648234,0
16065,ID,Madison,17.6007673425699,8.76785566894184,0.974357612641627,0.105627294,0.0,0.237661412,0.0264068,0.347073900042717,0.105521410703659,0.580950118,0.475322823,12.8486051559448,29.573123747881,6.0,0.158440941,0,5.57331628303495,25.9697357203751,1
16067,ID,Minidoka,12.6365190495856,5.76015350503124,1.67531527007006,0.09896091,0.0,0.445324097,0.09896091,0.686230473623796,0.148456051945686,0.346363187,0.494804552,16.7570209503174,48.5279922779923,11.3,0.0,0,14.7939608351188,29.3636952513827,0
16069,ID,Nez Perce,17.8087895200343,4.09902693840036,0.89671121588276,0.279046169,0.0,0.405885337,0.101471334,0.718845125766276,0.177525296807289,0.684931507,0.761035008,15.8259897232056,32.5749368002889,11.2,0.177574835,1,17.9880300522093,21.6859798803005,0
16071,ID,Oneida,11.4566576819021,4.66061105070138,1.08780819831821,0.236518448,0.0,0.709555345,0.0,0.711743772241993,0.236350744962692,0.946073794,0.709555345,10.1004114151001,32.3024054982818,9.2,0.0,0,16.6588894073728,29.9346710219319,0
16073,ID,Owyhee,17.8408563169719,7.24671280571797,1.51864156033418,0.263736264,0.0,0.175824176,0.087912088,0.721216889588251,0.263713091611862,0.703296703,0.791208791,21.0489387512207,56.1425576519916,7.7,0.0,1,13.9857712996703,29.229567933368,0
16075,ID,Payette,23.8995768155462,8.79249164645622,1.76361285765253,0.133055395,0.0,0.532221582,0.0443518,0.758278486976751,0.177415058016777,0.310462589,0.532221582,23.8284301757813,44.5949101097362,8.5,0.0,0,15.3030102108474,28.661097113557,0
16077,ID,Power,13.8816860625981,6.48052601681984,0.179999667378184,0.128584287,0.0,0.257168574,0.0,0.514271020827976,0.128534704446793,0.128584287,0.771505722,21.7330932617188,54.2261904761905,8.2,0.0,0,12.1146219777408,30.8814123065115,0
16079,ID,Shoshone,4.32393604667172,1.95726426254968,1.45579880059134,0.473783955,0.078963992,0.947567909,0.0,0.728231774523697,0.473148792982101,0.552747947,1.184459886,24.4361400604248,38.8978063135367,8.8,0.157927985,0,19.8746572659616,20.8382295338817,0
16081,ID,Teton,8.91060567951329,2.27639817872804,0.361738580707346,0.098386462,0.0,0.590318772,0.098386462,0.256996949197506,0.0984058231115341,0.590318772,1.574183392,8.71497535705566,36.6116751269036,6.6,0.098386462,0,6.52900688298918,29.724680432645,0
16083,ID,Twin Falls,9.35620689753068,4.00582452342366,0.723623657693488,0.217834215,0.0384413,0.461295985,0.0384413,0.582098097843374,0.166476711630821,0.717571533,0.794454197,21.2519969940186,43.5134934205635,9.5,0.076882664,0,13.8624886702059,27.3779619318918,0
16085,ID,Valley,18.0493526137407,7.06592320185655,0.594278623422071,0.622729632,0.0,1.141670991,0.103788272,0.72463768115942,0.311332494020462,1.245459263,3.113648158,9.77668285369873,29.4117647058824,8.6,0.207576544,0,16.8221456094099,19.7627256134658,0
16087,ID,Washington,20.9134255762192,9.48837093558682,1.20994319275184,0.197335964,0.098667982,0.690675876,0.098667982,0.825164207677328,0.197335958480835,0.394671929,0.592007893,20.3412075042725,48.4913793103448,10.1,0.098667982,0,20.5040203961561,24.6911159050794,0
17001,IL,Adams,15.655384495634,3.5149754892675,1.26484394770211,0.178568771,0.0297615,0.446421928,0.089284386,0.739120298029178,0.163688033819199,0.461302659,0.744036547,19.3516445159912,39.7837043259135,9.0,0.104165117,0,17.5059237291924,23.0406986274831,0
17003,IL,Alexander,46.8421414196445,20.9274778279321,7.16100557666963,0.250281567,0.0,0.37542235,0.0,0.774393391843056,0.25025025010109,0.0,0.7508447,60.5559883117676,69.1231343283582,11.0,0.0,1,16.9579995144453,22.8817674192765,1
17005,IL,Bond,11.7119987210939,3.83131108112097,2.41073519927579,0.225746374,0.0,0.564365935,0.0564366,0.972946421824227,0.169262021780014,0.395056154,0.677239122,19.7828731536865,38.0952380952381,8.8,0.0564366,1,15.0326429536245,20.5425484016209,0
17007,IL,Boone,16.7339987055663,2.4502545247877,0.960926024837795,0.166266396,0.018474,0.461851099,0.018474,0.53454455567915,0.12931352853775,0.480325143,0.295584703,14.282657623291,37.6115964289143,7.2,0.0554221,1,11.7492845933721,28.9559678759346,0
17009,IL,Brown,27.5399194086942,11.9644241081266,2.46157203548251,0.145391102,0.0,0.581564408,0.0,0.578536303153023,0.145369961857796,0.290782204,0.436173306,6.15805244445801,28.5714285714286,7.9,0.145391102,0,12.3828744414012,16.0588150497333,0
17011,IL,Bureau,35.6876191404154,12.22508801754,3.58028088969335,0.086665126,0.0288884,0.462214005,0.0577768,0.73080247453117,0.144412666559219,0.259995378,0.953316385,14.197512626648,30.808615819209,9.0,0.0577768,0,18.0856538395563,23.3146549259535,0
17013,IL,Calhoun,15.5668531493329,4.66321116807257,3.17985591618059,0.59429477,0.0,0.198098257,0.0,0.997207818109294,0.198098257184029,0.198098257,2.179080824,14.1925773620605,35.2574102964119,9.6,0.198098257,1,20.1218314010611,21.8707015130674,0
17015,IL,Carroll,11.9671422459521,3.69844295177365,3.06452103263665,0.197109067,0.0,0.722733246,0.131406045,0.693935558368308,0.131354257464409,0.722733246,0.657030223,16.839807510376,33.9348764221263,9.6,0.0,0,21.1997140443231,20.5433157860532,0
17017,IL,Cass,10.7606439308672,3.10701716210364,1.19726922039291,0.367080244,0.0,0.58732839,0.0,1.16209326735643,0.366784036159515,0.513912341,0.807576536,14.5758838653564,49.3548387096774,8.6,0.073416049,0,15.7015100425158,24.9303621169916,0
17019,IL,Champaign,14.6356507342802,3.85463627448819,1.16441965868006,0.162693815,0.0345108,0.330317746,0.064091503,0.628045940822658,0.177188023924828,0.778958267,0.798678729,16.3441925048828,39.4910066663872,7.4,0.113392659,1,9.97906316360074,19.4344567612057,0
17021,IL,Christian,10.0640388762926,2.56519204529478,1.69728317116229,0.201711668,0.028816,0.518687145,0.0,0.904594183651866,0.2593734562397,0.489871193,0.69158286,19.1596412658691,37.8796245168415,8.9,0.086447858,0,17.5172413793103,22.3448275862069,0
17023,IL,Clark,8.67380102606434,2.75687188079696,2.29732739795022,0.12345679,0.0,0.37037037,0.0,0.817447097291628,0.246913582086563,0.679012346,1.234567901,16.4124336242676,33.2112779201758,9.0,0.185185185,0,18.0348943985308,22.7609427609428,0
17025,IL,Clay,15.443329981479,4.6800314389457,1.16249539714682,0.29154519,0.072886297,0.437317784,0.0,1.09569470676546,0.364298731088638,0.583090379,0.655976676,19.2924880981445,39.4383906119028,8.9,0.145772595,0,17.8646398841839,22.9026420557365,0
17027,IL,Clinton,11.0866317747365,3.54513369069181,1.16225140432131,0.2893138,0.0,0.552326346,0.0526025,0.961176357251079,0.262998700141907,0.552326346,0.867941401,9.93335247039795,23.9758822486256,8.5,0.0526025,1,14.4536835972671,22.7265505005032,0
17029,IL,Coles,14.8425557962039,5.90923521573586,2.34635819597968,0.093276621,0.0373106,0.391761809,0.074621297,0.674059578169167,0.205147325992584,0.783523618,0.802178942,18.5087909698486,38.752052545156,7.4,0.111931945,0,13.7935515007518,18.4545133926085,0
17031,IL,Cook,7.99279722520826,1.7621376529908,0.473719897235258,0.287135505,0.00517534,0.250141411,0.088172452,0.715031993328939,0.17452184855938,0.787034969,0.678544518,26.9366798400879,51.7590853277745,8.7,0.083188791,1,11.9416325371655,23.7219845322373,0
17033,IL,Crawford,14.7700007014086,5.21877457940824,1.98159762603872,0.252908447,0.0,0.404653515,0.0505817,0.735544217687075,0.15172204375267,0.455235205,0.657561963,16.8351879119873,35.3736895502198,8.7,0.0,0,16.8340313871928,20.4521370540445,0
17035,IL,Cumberland,0.831333691039973,0.146518582313048,3.12553579995239,0.180538003,0.0,0.270807005,0.090269002,0.729394602479942,0.270782560110092,0.270807005,0.361076006,15.5626621246338,29.6634341129492,9.0,0.0,0,16.6364952932658,23.5155684286749,0
17037,IL,DeKalb,25.1184957858854,11.4478418853926,2.73941157023672,0.11493152,0.0095776,0.37352744,0.0287329,0.517331397718011,0.114900708198547,0.708744373,0.651278613,12.7853622436523,27.3082155320282,6.9,0.076621013,1,9.82978318752377,22.33739064283,0
17039,IL,De Witt,4.32468789763825,1.18813078637638,0.636556161727505,0.181279836,0.0,0.422986283,0.0,0.856963206360797,0.302187830209732,0.543839507,0.906399178,16.3352127075195,32.7367636092468,8.6,0.181279836,1,16.7139665479138,23.0783165267798,0
17041,IL,Douglas,9.86596597192317,2.80533068508607,6.3160764389706,0.553626252,0.0,0.452966933,0.150988978,0.873083832838026,0.151004180312157,0.754944889,1.056922845,12.4476289749146,25.863213811421,8.7,0.150988978,0,15.7857857857858,25.8958958958959,0
17043,IL,DuPage,27.3179623647244,3.96044835753778,0.920859884072924,0.183898895,0.0108176,0.31911867,0.086540656,0.432567122887138,0.155700594186783,0.906513374,0.726941513,8.40969371795654,18.4158584646457,7.5,0.127647468,1,11.6037970431573,24.8035824125009,0
17045,IL,Edgar,36.3108662017519,13.1462367448443,2.89079581853728,0.163167628,0.108778418,0.65267051,0.0,0.659666868231543,0.271931260824204,0.543892092,0.598281301,22.8349494934082,36.8675475346439,9.5,0.163167628,0,18.6746339362618,22.1845391903531,0
17047,IL,Edwards,18.4995998610187,3.92834442791483,2.20570302934616,0.449977501,0.0,0.599970001,0.0,1.1968880909635,0.299940019845963,1.049947503,0.1499925,12.5496034622192,28.0412371134021,9.1,0.0,0,17.7205772950454,22.8537420026782,0
17049,IL,Effingham,17.1123322660736,4.13057681781856,2.00597102171427,0.262712359,0.0291903,0.496234456,0.0291903,0.696203145770869,0.204290091991425,1.021659174,0.700566291,14.3157339096069,25.751539297356,8.6,0.087570786,0,15.1743472927983,24.6539337655511,0
17051,IL,Fayette,32.1051764290476,12.6558112554942,2.84767521275234,0.357605829,0.0447007,0.491708015,0.0,0.791163199176282,0.22347366809845,0.402306558,0.894014572,21.3751430511475,41.6929879974732,8.3,0.134102186,0,16.1698283649503,22.4751580849142,0
17053,IL,Ford,18.3451248394837,4.70792992961112,1.81437419758143,0.216185054,0.0,0.504431794,0.072061685,0.880449267085475,0.216169476509094,0.720616848,0.936801902,15.168984413147,28.8588276101283,9.3,0.14412337,1,18.698956040054,23.7696186350401,0
17055,IL,Franklin,11.1601406622455,4.807241753328,3.36965883431669,0.14993253,0.0249888,0.574741366,0.0,1.03619492306781,0.274814486503601,0.574741366,0.649707632,29.9553337097168,47.3842906678728,9.5,0.074966265,0,18.396906043831,22.6510957761432,0
17057,IL,Fulton,12.4470502542309,3.96708338467118,2.10604873902993,0.162575191,0.0,0.514821438,0.0541917,0.779878675434049,0.21676105260849,0.514821438,0.83997182,18.6068439483643,34.4384401927852,8.9,0.081287596,0,18.052820415981,20.9150503115811,0
17059,IL,Gallatin,86.8858259942489,32.6287158206579,6.10937565654128,0.0,0.0,0.546448087,0.0,0.859422958870473,,0.0,0.72859745,26.7575588226318,42.7835051546392,9.5,0.0,0,20.4866702451244,21.1844694936482,0
17061,IL,Greene,1.8717172518511,0.514937598031564,1.03200918014786,0.360906597,0.0,0.649631875,0.072181319,0.859359654291888,0.360854506492615,0.360906597,0.649631875,21.9150485992432,39.4736842105263,9.2,0.072181319,0,17.1971770128187,23.0303903211868,0
17063,IL,Grundy,18.2292766208835,3.33457041577772,2.20477880840408,0.099824309,0.0199649,0.479156684,0.079859447,0.608248311157959,0.139734506607056,0.658840441,0.638875579,8.45860958099365,15.9719849675436,7.5,0.21961348,1,11.078041667499,27.2796276691369,0
17065,IL,Hamilton,18.293814060723,5.79019596951937,0.749906830766409,0.237445091,0.0,0.356167636,0.237445091,0.975706889685385,0.237445086240768,0.712335272,0.237445091,17.3383407592773,39.3338620142744,9.5,0.0,0,19.7587797091167,22.8331559654724,0
17067,IL,Hancock,53.4170575537463,17.8066486743374,3.86713015142744,0.263213308,0.0,0.684354601,0.0526427,1.20868844070369,0.26319944858551,0.421141293,0.579069278,14.7579584121704,35.9226281854467,9.2,0.0526427,0,19.8178391959799,21.9692211055276,0
17069,IL,Hardin,23.7276777223748,8.80905020687801,5.11174712379707,0.233100233,0.0,0.699300699,0.0,0.939408172851104,0.465874671936035,0.0,1.631701632,22.9911937713623,49.1283676703645,9.1,0.0,0,20.3240740740741,20.2777777777778,0
17071,IL,Henderson,1.3908851034399,0.439109208298607,3.26360960120645,0.277200277,0.0,0.831600832,0.0,0.72175682710966,0.277200281620026,0.138600139,0.554400554,11.0290641784668,38.7983706720978,9.5,0.0,0,20.897558314009,20.3655708634566,0
17073,IL,Henry,18.7220717672865,5.27008894388504,2.33688151468131,0.21877051,0.0198882,0.556870388,0.0596647,0.80085069617519,0.238649249076843,0.497205704,0.715976214,11.7758846282959,28.7809349220898,8.8,0.0596647,1,17.081963316563,23.9571366319376,0
17075,IL,Iroquois,14.0907379165977,3.50238722912656,1.5059651221894,0.339040515,0.0,0.508560773,0.067808103,0.817943456452348,0.203410521149635,0.779793185,0.610272928,18.8969383239746,36.5663791289712,9.3,0.0339041,0,18.9346523992193,23.6052224241201,0
17077,IL,Jackson,23.6481356591132,10.5161086085978,3.39601577234513,0.182330515,0.0165755,0.381236532,0.033151,0.704721634954193,0.198790684342384,0.596718051,0.895077076,27.8097972869873,49.1870456047588,7.3,0.066302006,1,11.6277524992527,17.8318775117075,1
17079,IL,Jasper,15.5083882527449,4.60415698238519,1.99832193614684,0.102574623,0.0,0.410298492,0.102574623,0.736772761944387,0.205065101385117,0.512873115,0.615447738,13.1070642471313,31.9345661450925,9.0,0.102574623,0,17.4159620540318,22.7263353268715,0
17081,IL,Jefferson,22.399247081241,8.52077782092196,4.33861294022743,0.129058902,0.0258118,0.412988488,0.0258118,0.867338154269973,0.180649816989899,0.593670951,0.748541634,28.6136264801025,47.382156255097,9.0,0.154870683,0,16.1949159090324,22.1392330079584,0
17083,IL,Jersey,15.1989021800183,4.09893821362856,0.811849033231929,0.131337011,0.043779,0.262674022,0.087558007,0.527658077565737,0.131279543042183,0.481569039,0.700464057,14.8323774337769,35.7040229885058,8.3,0.0,1,15.6841418316293,22.7931259517076,0
17085,IL,Jo Daviess,19.9452869557855,5.42191541737644,3.09462719912183,0.176772141,0.044193,0.662895528,0.132579106,0.376956849527695,0.22089684009552,0.530316422,1.811914442,9.39732837677002,26.2863863569538,9.2,0.0,0,21.3069935620425,20.7910750507099,0
17087,IL,Johnson,17.6544293829849,13.6112987328608,1.94837301801214,0.155581486,0.0,0.388953715,0.077790743,0.633490073145246,0.15559358894825,0.466744457,0.466744457,15.014256477356,35.8366935483871,8.2,0.155581486,0,17.2230170084247,19.4007312033063,0
17089,IL,Kane,19.6795332343822,3.43142000981198,0.972705563454103,0.157959928,0.0154107,0.225381849,0.0558639,0.436055506325197,0.130967944860458,0.618355329,0.547080727,16.6928977966309,35.2690180760617,7.1,0.082832645,1,9.64350659558406,28.9538085931814,0
17091,IL,Kankakee,14.9671012909073,5.68323904902844,2.72269485421134,0.176247169,0.0176247,0.431805564,0.079311226,0.737939372493513,0.167381703853607,0.660926884,0.537553866,26.6750469207764,44.5661114538351,9.0,0.123373018,1,13.4307045456549,25.3453093460498,0
17093,IL,Kendall,24.0980161001787,3.16754542036191,1.31099952672155,0.119867119,0.0256858,0.136990993,0.0428097,0.373255436546576,0.162653133273125,0.513716223,0.428096853,7.54564619064331,16.8901505247824,6.0,0.102743245,1,7.30546646213917,31.4339004322968,0
17095,IL,Knox,13.9731950807822,4.27003230743631,1.73520536346658,0.170855798,0.018984,0.341711595,0.037968,0.732099450686164,0.189756914973259,0.683423191,0.797327056,21.7998504638672,42.8236214313649,9.2,0.07593591,0,18.4470606020522,20.5597233507814,0
17097,IL,Lake,36.1682191428542,5.21822942134973,1.43663081654574,0.165355464,0.0128293,0.258011544,0.081252254,0.446860935452629,0.17815226316452,0.755503415,0.678527595,10.8689765930176,23.1175316032096,7.6,0.168206421,1,10.3904688526175,27.3891127026051,0
17099,IL,LaSalle,23.4166920340193,6.48085752288904,1.98726352818904,0.237874983,0.0264306,0.475749967,0.079291661,0.803289281509742,0.193796738982201,0.590282366,1.048411964,19.4762058258057,33.5755813953488,9.1,0.09691203,0,16.3951406200625,23.0135880060391,0
17101,IL,Lawrence,12.5287112892662,5.26592774542298,2.05649000052382,0.118357202,0.0,0.355071606,0.0,0.542038063117321,0.236700400710106,0.355071606,0.59178601,16.7733058929443,37.9444926279272,8.7,0.0,0,15.9389294837522,19.0518624131171,0
17103,IL,Lee,10.5279687675741,2.89875513493395,2.07317206136788,0.196662359,0.0280946,0.561892454,0.0,0.761100170296163,0.224738046526909,0.505703208,0.786649435,7.36937284469605,32.6797385620915,8.7,0.084283868,0,15.6642890843995,21.4648497127474,0
17105,IL,Livingston,8.57035191840629,2.55346153773758,1.67432571225062,0.309286322,0.0257739,0.592798783,0.07732158,0.884070346124322,0.206169620156288,0.541251063,0.721668084,13.9559745788574,30.6527909176916,9.1,0.07732158,0,15.7689345314506,22.4852374839538,0
17107,IL,Logan,31.8487969633055,6.25291655821416,1.47206175171949,0.132222663,0.0330557,0.330556657,0.099166997,0.788547185108675,0.165185496211052,0.528890652,0.760280312,19.3573551177979,34.3415417558887,8.3,0.0330557,0,15.706979046362,20.0032997855139,0
17109,IL,McDonough,28.8065458074528,17.3888027381308,3.16481499396886,0.184598345,0.0307664,0.36919669,0.0,0.814457386974829,0.215311735868454,0.861458942,0.953758115,13.9708442687988,39.2610973256135,7.5,0.092299172,0,14.2401569974243,16.0769042070404,0
17111,IL,McHenry,43.0790533694867,6.3881991445845,1.49159038904311,0.149163227,0.0259414,0.25292895,0.074581613,0.359949590831156,0.110234640538692,0.642050411,0.687447914,6.86606979370117,17.4067465083559,6.9,0.116736438,1,10.1438010104936,27.2622749060759,0
17113,IL,McLean,27.3646793760401,8.22728053498997,1.65004235824785,0.175668712,0.0234225,0.409893662,0.076123109,0.65638888405183,0.163845211267471,0.649974235,0.784653581,14.0662403106689,21.391823430075,7.3,0.128823722,1,10.2257448163612,22.6523246762437,0
17115,IL,Macon,29.9427173165738,9.033107171549,2.68678219193255,0.13556381,0.0271128,0.460916954,0.081338286,0.832410114842326,0.253002136945725,0.551292827,0.723006986,26.8713207244873,42.1689663519729,9.4,0.072300699,1,16.3783764264047,22.8260869565217,0
17117,IL,Macoupin,9.22695864339257,3.2302669224059,2.05582216129856,0.167598936,0.0209499,0.586596275,0.0209499,0.804556329529334,0.230443716049194,0.460897073,0.670395743,16.7350387573242,36.612702366127,9.0,0.104749335,1,17.1066680623888,22.5583586307966,0
17119,IL,Madison,31.7543640000891,9.64040247527867,2.03505860224694,0.171261565,0.0148923,0.420707757,0.07446155,0.803833514382523,0.230783551931381,0.677600104,0.670153949,21.1337547302246,37.3709160794363,9.4,0.13403079,1,14.2705416626436,22.7441863919608,0
17121,IL,Marion,25.3637426212767,11.245240055873,2.95277341741809,0.17885431,0.0255506,0.4854617,0.0,0.970586722887849,0.306591719388962,0.66431601,0.536562931,31.7152061462402,49.545524572485,9.0,0.204404926,0,17.5545807236859,23.4247026903669,0
17123,IL,Marshall,13.5954313651711,4.11537204322863,2.14946678902097,0.240403879,0.0,1.04175014,0.160269252,0.973472864443904,0.240442410111427,0.400673131,0.881480888,17.3398609161377,34.7009391992091,9.0,0.080134626,1,19.5253164556962,21.6930379746835,0
17125,IL,Mason,7.0592941945853,2.7871299665473,1.1798547745505,0.207368494,0.0,0.414736988,0.0,1.02370815011284,0.207339823246002,0.691228313,0.760351144,22.4949951171875,40.1898734177215,9.2,0.069122831,0,19.1258693576981,22.0032728760398,0
17127,IL,Massac,12.5906278290331,3.86154492364083,2.78538016136985,0.196373634,0.0,0.327289389,0.0,0.733009496302131,0.261797249317169,0.458205145,0.392747267,32.1359786987305,49.424405218726,9.5,0.065457878,0,18.3939335018472,22.8012184846717,0
17129,IL,Menard,2.76166126918697,0.329801163891056,1.33365374428668,0.157529931,0.0,0.472589792,0.078764965,0.786039930828486,0.157517522573471,0.157529931,0.787649653,11.2161808013916,23.1278655119715,8.3,0.157529931,1,15.5686737504919,23.62062180244,0
17131,IL,Mercer,23.0190925309699,8.96294584975435,3.54313577459375,0.183879865,0.0,0.551639595,0.0612933,0.85290913948661,0.2451581209898,0.36775973,0.858106037,11.0179624557495,22.8280961182994,8.9,0.183879865,1,18.2609224777899,22.635998539613,0
17133,IL,Monroe,19.952278835216,3.19760411635871,1.62734943575796,0.120416642,0.0301042,0.421458246,0.0301042,0.522129288205374,0.18064671754837,0.511770727,0.873020651,3.56742024421692,11.1722619702807,7.9,0.150520802,1,14.1335679825227,24.4894863003307,0
17135,IL,Montgomery,15.1550470424922,5.79681216557132,2.68935260921542,0.13397642,0.0334941,0.904340836,0.06698821,1.11692550078776,0.234427332878113,0.636387996,0.703376206,17.895938873291,36.6681071737252,9.1,0.13397642,0,17.2701302152538,21.213127823545,0
17137,IL,Morgan,25.120375014939,8.81955775251509,2.08236587003594,0.169085529,0.0,0.56361843,0.0563618,0.994651092462388,0.253671199083328,0.648161195,0.789065802,19.4265918731689,39.7313933967543,8.8,0.112723686,0,16.696205024334,21.3435732973247,0
17139,IL,Moultrie,2.95754716357505,0.769600758107894,5.80068756124691,0.134698276,0.0,0.404094828,0.067349138,0.69197973169044,0.269269615411758,0.202047414,0.606142241,10.5329837799072,33.795782463929,9.1,0.134698276,0,17.634379630877,24.9292738784858,0
17141,IL,Ogle,12.4384608244784,3.07632213044674,1.55402838258724,0.131913691,0.0,0.489965137,0.0376896,0.689083156726209,0.150744304060936,0.546499576,0.82917177,18.9350891113281,24.4121856471069,8.3,0.094224065,0,15.1821597472755,24.7565284034619,0
17143,IL,Peoria,29.6334757693411,6.97686567131291,2.16365687765017,0.246428131,0.0107143,0.369642197,0.085714133,0.740527127146372,0.251685500144959,0.621427462,0.905355526,24.9934997558594,45.3467481135465,9.7,0.074999866,1,13.9216275054425,24.0720881100733,0
17145,IL,Perry,20.6212415271634,9.36583974491539,2.75313473453358,0.224618149,0.0449236,0.449236298,0.0,0.759361682836159,0.269517570734024,0.224618149,0.628930818,22.258602142334,37.9943502824859,8.7,0.0449236,0,15.7270693512304,20.7293064876958,0
17147,IL,Piatt,3.05622370887577,0.442487966990534,1.35629689553946,0.179866898,0.0,0.479645063,0.0599556,0.626110841816125,0.179888471961021,0.299778164,0.659511961,6.94360256195068,19.6982883666957,8.9,0.119911266,1,16.2173471217646,23.9524179568414,0
17149,IL,Pike,24.0571095469653,9.99252373739306,2.43530313321393,0.305885232,0.0,0.734124556,0.061177,1.04243316163846,0.305885225534439,0.428239325,0.978832742,17.4079551696777,36.9179600886918,9.1,0.061177,0,19.0870359099209,22.5928180158247,0
17151,IL,Pope,29.7015816392622,8.06039408083239,5.48069515352624,0.222518914,0.0,0.445037828,0.0,0.702247191011236,0.222518920898438,0.0,0.667556742,30.16015625,45.4225352112676,9.6,0.0,0,21.5883668903803,18.2102908277405,0
17153,IL,Pulaski,57.6328718341931,23.767070494281,11.8651038658205,0.835421888,0.0,0.66833751,0.0,1.13926864510392,0.501588344573975,0.334168755,0.501253133,41.7435569763184,,11.0,0.0,0,18.243791592274,22.8047394903425,1
17155,IL,Putnam,4.9448297633515e-05,9.80859658799637e-06,1.64471723768676,0.334728033,0.0,0.669456067,0.167364017,0.849473326537547,0.16736401617527,0.0,1.506276151,10.0834884643555,22.1854304635762,9.2,0.334728033,0,17.7988677988678,21.2953712953713,0
17157,IL,Randolph,13.2883705303052,3.63943850147321,3.13070385049017,0.269356239,0.0299285,0.538712477,0.0299285,0.821802807784116,0.119692392647266,0.538712477,0.718283303,18.1041088104248,37.6818395119662,8.2,0.089785413,0,15.9517266101087,19.8082208149122,0
17159,IL,Richland,4.94720087175246,2.07351347902719,1.43866819762091,0.185322461,0.0617742,0.247096615,0.0,0.556379821958457,0.308851689100266,0.864838152,0.679515691,21.6623287200928,39.344909234412,9.9,0.185322461,0,19.1585042814021,22.2263290827327,0
17161,IL,Rock Island,20.4137138665468,6.70462928276853,1.98718313923506,0.156046461,0.0135693,0.474924012,0.081415545,0.974295331294321,0.237349286675453,0.739524533,0.773447677,19.9789047241211,43.9190391459075,9.0,0.088200174,1,16.1854608054437,22.4926463611348,0
17163,IL,St. Clair,41.7997944412307,14.7721486337833,4.55412671109063,0.166681483,0.00740807,0.440779921,0.085192758,0.831913748769487,0.233328148722649,0.625981569,0.570421074,27.4380702972412,42.1348070144902,9.4,0.103712923,1,12.5196255591433,25.3976952928282,0
17165,IL,Saline,34.8781326800393,16.5079243923328,4.77981885605488,0.28110192,0.0,0.642518673,0.0401574,1.06897565407948,0.321246445178986,0.68267609,0.68267609,33.6176910400391,44.3880926130099,9.8,0.0,0,18.4040460803597,22.8956769558062,0
17167,IL,Sangamon,31.5869415067299,7.09089759286349,2.17506112469045,0.145750616,0.0201035,0.356837714,0.090465899,0.818399733695989,0.236161917448044,0.799115445,0.869477811,21.3500900268555,34.4307492701914,9.6,0.105543549,1,13.8566328210063,23.7085053047376,0
17169,IL,Schuyler,13.9889108046112,5.72561625940778,2.75180450389172,0.134012329,0.0,0.402036987,0.0,0.938715301059407,0.134012326598167,0.402036987,0.670061646,13.8162307739258,36.6541353383459,9.1,0.0,0,18.5312831389183,20.9437963944857,0
17171,IL,Scott,4.17070048496443,0.954601604020852,1.46541694557498,0.382555471,0.0,0.573833206,0.0,0.756143667296786,0.191277742385864,0.382555471,0.573833206,11.1300287246704,26.9510926118626,9.4,0.0,0,18.0392156862745,23.7535014005602,0
17173,IL,Shelby,15.7713468539226,5.85507606606672,3.59854773972065,0.179517099,0.0448793,0.673189121,0.08975855,0.856010091908452,0.134643867611885,0.269275649,1.032223319,12.4455947875977,29.062980030722,9.1,0.0448793,0,18.9241157268703,22.5908867325493,0
17175,IL,Stark,30.020262710353,9.74782398078695,2.43272093964825,0.513347023,0.0,0.513347023,0.0,1.07915685614979,0.171174257993698,0.0,0.171115674,11.6684083938599,29.5327102803738,9.5,0.0,1,19.9199199199199,23.5402068735402,0
17177,IL,Stephenson,8.79029746276963,2.63412197762394,2.24612415772153,0.169076,0.0,0.486093499,0.084538,0.855356090774222,0.253597915172577,0.612900499,0.760841998,22.8827171325684,43.8348168685247,9.2,0.1902105,0,18.7755444237178,22.6593448051812,0
17179,IL,Tazewell,40.3824089149086,8.63739620014639,2.68476217645488,0.103069255,0.0294484,0.412277021,0.0588967,0.656496186069776,0.184041395783424,0.63313971,0.750933145,13.7460327148438,27.2767054018573,8.6,0.110431345,1,15.6129518294755,23.5135973529108,0
17181,IL,Union,7.87561933520822,3.89100571547534,3.51183735163838,0.226103669,0.0565259,0.565259171,0.113051834,1.00111444815927,0.395591974258423,0.621785088,0.508733254,28.2620620727539,45.4679985201628,8.9,0.0,0,18.1659928122192,21.4959568733154,0
17183,IL,Vermilion,17.5642493067619,6.87112404021633,3.26712666493098,0.159707122,0.0122852,0.466836202,0.0368555,0.945573765076534,0.221111208200455,0.540547181,0.552832344,32.7041816711426,51.3986272049598,9.7,0.073710979,1,16.2964777947933,24.414088820827,0
17185,IL,Wabash,8.42686697072897,1.98989607617809,0.839847708293623,0.169649673,0.0,0.424124184,0.0,0.746141383132941,0.254388183355331,0.76342353,0.76342353,19.0759620666504,33.4234721471065,8.9,0.169649673,0,17.8454842219804,22.1645601406211,0
17187,IL,Warren,0.721626867063568,0.264241043068509,1.61991010175688,0.392530702,0.0,0.392530702,0.0,0.986971969996052,0.22422781586647,0.392530702,0.672909774,18.7252197265625,36.5835504279866,9.2,0.112151629,0,17.0328118823064,22.1324899757158,0
17189,IL,Washington,11.0691186012532,4.21102050774725,1.55461457185003,0.548922739,0.0,0.617538082,0.0,0.99328675160981,0.274461358785629,0.480307397,0.754768766,8.33447551727295,27.2305312016503,8.9,0.137230685,0,17.0086980157652,22.1391682522425,0
17191,IL,Wayne,20.3812340584242,7.41096723969033,2.55027141023616,0.180115274,0.0600384,0.540345821,0.120076849,0.935199710389767,0.240124866366386,0.420268972,0.840537944,18.2371425628662,36.4880719593273,8.8,0.180115274,0,19.445107398568,22.5536992840095,0
17193,IL,White,29.8950945200006,13.7655547900023,6.16250980997681,0.34277096,0.068554192,0.685541921,0.0,0.961010433827567,0.479780673980713,0.616987729,0.548433537,21.725658416748,39.696223316913,9.5,0.068554192,0,20.9614728946471,20.9001022843505,0
17195,IL,Whiteside,17.0079465406381,4.95578602834413,1.82202381694098,0.137287205,0.0171609,0.411861614,0.102965404,0.763521534188478,0.188769906759262,0.531987919,0.892366831,16.4505577087402,37.1733221827305,8.9,0.102965404,0,17.516838182502,23.487982495128,0
17197,IL,Will,35.7835841073574,5.76111401981366,1.28532722008034,0.136639118,0.0161616,0.223324151,0.0528926,0.421600602474953,0.146886229515076,0.647933884,0.467217631,12.3025007247925,24.9314312857209,7.9,0.091092746,1,9.27061810024205,29.068126807958,0
17199,IL,Williamson,17.9979866808029,6.04297102649617,2.39323135062882,0.224850474,0.0299801,0.389740822,0.0449701,0.738668746437892,0.224799931049347,0.629581328,0.749501581,26.8503131866455,42.3394723743156,8.7,0.134910285,1,16.3313591633136,22.1408442214084,0
17201,IL,Winnebago,24.6852141169646,6.21794031193744,1.19857619249976,0.173722881,0.0170317,0.37129008,0.078345613,0.775787000103857,0.204336017370224,0.664234546,0.698297856,29.587215423584,52.1507535564058,9.2,0.085158275,1,13.7892612085374,24.9199027317741,0
17203,IL,Woodford,7.50231786809164,1.09737548157661,1.23912225270815,0.205952013,0.0,0.360416023,0.051488,0.605150838657806,0.205925509333611,0.437648028,0.669344043,6.64546632766724,17.1017355721744,8.4,0.077232005,1,14.7992965032071,25.8379888268156,0
18001,IN,Adams,7.13793160676587,2.76132984329704,9.17853202788969,0.174560689,0.0290934,0.349121378,0.087280344,0.555313060769193,0.203642293810844,0.46549517,0.610962411,12.1912813186646,31.7460317460317,9.7,0.116373793,0,13.8133596998866,31.1571233314916,0
18003,IN,Allen,33.0907921133454,10.1300985726672,2.64206929589837,0.11148676,0.0250845,0.340034617,0.066892056,0.698506154068122,0.0780120268464088,0.610390009,0.68843074,19.5002326965332,44.1015915777534,10.0,0.133784111,1,11.8585873936549,27.0053950001266,0
18005,IN,Bartholomew,23.5186014237427,6.49077635299745,1.35142147115143,0.20624138,0.0386703,0.335142242,0.064450431,0.727714660027718,0.115958459675312,0.773405174,0.708954743,14.0289850234985,31.9428755849605,10.2,0.10312069,1,13.9737479490585,25.2103028882465,0
18007,IN,Benton,1.19766162671472,0.364387416791615,0.939037802158405,0.225784601,0.0,0.451569203,0.0,0.681508405270332,0.225861102342606,0.338676902,0.338676902,18.2592754364014,35.5376344086021,10.8,0.225784601,1,15.7442963632257,25.7962502823583,0
18009,IN,Blackford,2.01807583391301,0.635444566211484,1.1449068780035,0.395163202,0.0,0.474195843,0.0,0.986508825254626,0.316105574369431,0.395163202,0.632261124,22.3885555267334,42.9747812660834,11.3,0.158065281,0,17.7659407801974,22.8262572458092,0
18011,IN,Boone,13.4284320906577,1.19780138323966,0.919234088875214,0.138207449,0.0,0.276414899,0.0,0.395855953673543,0.120887659490108,0.639209453,0.621933522,8.71483707427979,16.6681838871188,10.0,0.138207449,1,11.7302259887006,28.1020480225989,0
18013,IN,Brown,2.95333905381749,0.608015436843608,1.77861127177256,0.199018177,0.0,0.464375746,0.265357569,0.618798205485204,0.265339970588684,0.199018177,0.663393923,14.3550205230713,39.2567889471177,10.6,0.066339392,1,17.1893452302847,20.8109172024669,0
18015,IN,Carroll,4.58032102549843,1.93469201706104,1.71787466484514,0.249451207,0.0,0.34923169,0.0498902,0.555693787841088,0.199640646576881,0.648573139,0.648573139,10.8009347915649,33.8400289540355,10.9,0.149670724,1,15.7876457454726,24.5943934507566,0
18017,IN,Cass,4.08516698630067,1.17240092433983,1.25390040786184,0.205528723,0.0,0.333984174,0.0256911,0.736545622629446,0.179906964302063,0.74504162,0.539512897,17.5182914733887,41.2607026867434,10.2,0.077073271,0,15.0746804906842,25.9020684699482,0
18019,IN,Clark,21.5739821755503,6.63688553612804,1.78231006566129,0.161410368,0.0269017,0.331787979,0.0448362,0.844863675477069,0.0807268992066383,0.717379413,0.609772501,14.4267158508301,39.6118585545898,9.8,0.080705184,1,12.7503810145874,23.6854996734161,0
18021,IN,Clay,3.86115679118732,1.19744760770454,1.46086816843674,0.186344663,0.0,0.447227191,0.074537865,0.906708400094397,0.149081289768219,0.670840787,0.447227191,18.632942199707,39.0533871691341,9.4,0.0372689,1,15.0650799553737,23.9531424321309,0
18023,IN,Clinton,4.00571122104575,1.06640466888106,0.999795094923081,0.181532131,0.0302554,0.393319618,0.090766066,0.852966709062645,0.121094696223736,0.726128525,0.514341038,18.1763858795166,41.7392681767781,11.8,0.0,0,14.3751504936191,26.6343607031062,0
18025,IN,Crawford,11.3067987168517,4.35045996043179,4.78340163215538,0.188288458,0.0,0.847298061,0.0,0.804813252070636,0.282432675361633,0.094144229,1.223874976,18.9159641265869,48.1004901960784,10.3,0.0,0,15.0098011761411,23.2894614020349,0
18027,IN,Daviess,4.54368127636179,1.14644389858981,6.80281808628782,0.18783458,0.0313058,0.250446107,0.0313058,0.550981370592149,0.187805190682411,0.626115268,0.500892214,12.9680376052856,36.8982742960945,10.1,0.0313058,0,14.0956774519717,28.8169868554095,0
18029,IN,Dearborn,26.3859410854824,7.07236169241283,3.47596136279699,0.120043216,0.0200072,0.400144052,0.0200072,0.515074284414655,0.080024003982544,0.420151254,0.580208875,12.5995492935181,26.1511627906977,9.5,0.100036013,1,13.1216656343038,25.006493895738,0
18031,IN,Decatur,13.7581497927791,4.39376013961974,1.69195761377608,0.270479134,0.0386399,0.309119011,0.077279753,0.812789596293167,0.270291149616241,0.811437403,0.695517774,18.1302852630615,36.3555158552925,9.6,0.115919629,0,14.4405594405594,25.4856254856255,0
18033,IN,DeKalb,27.7913217747469,8.49919877792788,2.31869096619712,0.188457008,0.0235571,0.471142521,0.0471143,0.68523900663973,0.164853274822235,0.471142521,0.753828033,15.5574998855591,33.211535951977,9.5,0.11778563,0,13.1208109324302,26.3742510006395,0
18035,IN,Delaware,24.2528511830137,6.95261395949193,1.60145939329015,0.118801127,0.0254574,0.432775534,0.0594006,0.78743623825591,0.101800166070461,0.644920403,0.602491429,22.0243701934814,41.8594765288152,10.4,0.127286922,1,14.6824621189588,20.0329732899355,0
18037,IN,Dubois,5.65866306060467,1.48431615147916,0.986047949362431,0.260972716,0.0237248,0.450771056,0.09489917,0.659599248888783,0.21349273622036,0.806642942,1.091340451,7.54676628112793,22.5205479452055,9.5,0.142348754,0,14.5121630977106,25.4696937143403,0
18039,IN,Elkhart,19.7263704889517,5.7875425060017,2.60261527967189,0.196589426,0.0252038,0.327649043,0.065529809,0.681297872447012,0.105917774140835,0.620012804,0.645216576,21.5888767242432,46.2115089870419,9.7,0.075611318,1,12.1290348705956,28.4345436046953,0
18041,IN,Fayette,21.428677355603,9.14842460417786,3.94026456464716,0.16563147,0.0,0.414078675,0.0,0.73869074867868,0.289855062961578,0.910973085,0.455486542,30.7898406982422,53.2508491023775,10.4,0.082815735,0,16.6577418956214,23.9650698191704,0
18043,IN,Floyd,23.9293305001631,4.15695789864935,0.989627947448587,0.18672891,0.0266756,0.386795599,0.0400133,0.744966769832942,0.133388474583626,0.800266756,0.493497833,17.2841472625732,35.1513655807832,10.1,0.106702234,1,12.9528815468369,24.0432835420633,0
18045,IN,Fountain,3.73015428251185,1.04088234886089,2.01264019203028,0.233127404,0.0,0.58281851,0.0,0.778861693634753,0.349793046712875,0.641100361,0.874227765,14.808108329773,34.3131188118812,10.3,0.0,0,17.6508120649652,24.2111368909513,0
18047,IN,Franklin,9.07307696980431,4.26858982856451,2.34590529778241,0.477617125,0.0,0.347357909,0.0434197,0.711103371210472,0.434084296226501,0.607876341,0.607876341,14.6730947494507,30.4005252790545,10.4,0.173678954,0,14.1248321566249,26.1315892060467,0
18049,IN,Fulton,15.5105869469285,6.45823585593454,3.54091235195143,0.289435601,0.0,0.241196334,0.0,0.683158926877884,0.24119633436203,0.675349735,0.916546068,19.574348449707,38.202614379085,10.7,0.0482393,0,16.4522941063544,24.7792282587829,0
18051,IN,Gibson,10.3310403964044,3.73792108735657,2.30544546788631,0.208849241,0.0,0.447534087,0.0298356,0.767130930320601,0.208824321627617,0.805561357,0.507205299,12.4637079238892,27.7389277389277,9.9,0.0596712,0,15.2881831477778,24.311255708444,0
18053,IN,Grant,20.5427607964988,7.8896655220306,1.63398311100036,0.100518388,0.0287195,0.732348253,0.0430793,1.09019664406943,0.158014193177223,0.703628714,0.574390787,23.1150588989258,45.993413830955,10.8,0.0574391,0,16.2329969597922,21.6511325844621,0
18055,IN,Greene,8.17825384161836,3.16421723684767,1.31156319986582,0.242292083,0.0302865,0.514870677,0.0,0.715948188625784,0.211947798728943,0.636016718,0.75716276,16.9637794494629,36.0503282275711,10.6,0.0302865,0,16.0319614050957,23.7690336197799,0
18057,IN,Hamilton,34.737134859085,4.18990745740382,0.785044236357753,0.116495395,0.021181,0.225930463,0.0600128,0.373927010829203,0.0741090998053551,0.660140571,0.663670735,4.04409790039063,11.5596636783785,7.9,0.194158992,1,8.62770378301993,30.2066147307234,0
18059,IN,Hancock,32.671587400367,8.38096763873896,1.41873929530205,0.0568658,0.0142165,0.270112737,0.0426494,0.498122641553767,0.0710833072662354,0.526009013,0.511792553,10.3306074142456,19.0464177598385,9.6,0.0568658,1,12.7667780920545,26.1963943887318,0
18061,IN,Harrison,5.47063709496992,1.07682085473395,2.54436323964787,0.076579451,0.0255265,0.306317805,0.0255265,0.621795199400351,0.102092906832695,0.536056158,0.331844288,14.5798072814941,32.6737530662306,10.3,0.051053,1,13.8476780814958,23.6434305456763,0
18063,IN,Hendricks,36.8931438734301,5.86565966261885,1.36101871019589,0.0605934,0.0471282,0.242373646,0.0269304,0.428205503188552,0.067290224134922,0.754051343,0.700190533,5.98776531219482,17.2333246820659,8.7,0.114454222,1,10.7041691876134,27.4379847093119,0
18065,IN,Henry,4.54727305197982,1.46622767996443,1.21135740004591,0.162552067,0.020319,0.426699177,0.020319,0.786976052960449,0.121921479701996,0.528294219,0.426699177,22.6094245910645,40.4669260700389,10.5,0.101595042,0,16.1760543447495,22.3282519914278,0
18067,IN,Howard,30.9666063633859,9.68545649473477,2.15783892998802,0.108728481,0.0362428,0.519480519,0.120809423,0.945495218208226,0.0966288596391678,0.857746904,0.628209,21.8389339447022,40.2755026061057,11.3,0.120809423,1,16.2425077339521,23.6671017014695,0
18069,IN,Huntington,20.5747182833121,7.295231538564,1.43860126641569,0.134549662,0.0269099,0.592018514,0.0538199,0.802083614963816,0.107631042599678,0.592018514,0.861117839,14.980842590332,33.3056202194879,10.9,0.080729797,0,14.7236289192975,23.6908738282513,0
18071,IN,Jackson,15.3245094945781,4.83429225982613,1.64338265098931,0.186315152,0.0232894,0.489077274,0.069868182,0.843333410703371,0.163124531507492,0.768550002,0.535656062,15.4131488800049,38.1863317757009,9.9,0.069868182,0,14.3194260902398,24.5799509156126,0
18073,IN,Jasper,7.23145222447658,1.76541071784265,1.94288448689218,0.239384781,0.0,0.389000269,0.0299231,0.934062649450024,0.179517105221748,0.718154343,0.807923636,14.049388885498,29.5343359304222,9.5,0.089769293,1,14.0450445068403,25.6705896409582,0
18075,IN,Jay,19.3290890205212,8.94810005617259,3.01379838044473,0.09375586,0.0468779,0.421901369,0.09375586,0.713750819058317,0.187529295682907,0.421901369,0.796924808,17.872200012207,41.3506781068364,10.4,0.09375586,0,15.3719474897662,26.5562508822284,0
18077,IN,Jefferson,14.717534048348,5.2741174264946,2.99135889740674,0.216832389,0.0309761,0.2787845,0.0309761,0.721877495853044,0.154918670654297,0.650497166,0.991233776,18.0200309753418,41.5334773218143,9.8,0.0619521,0,14.623165165906,22.6162575551992,0
18079,IN,Jennings,18.3214237449306,8.12201105647709,1.44984163461563,0.10656815,0.0,0.284181734,0.0355227,0.579998342861878,0.177607268095016,0.390749885,0.461795318,21.100606918335,43.6363636363636,9.3,0.0355227,0,12.624014022787,26.3978965819457,0
18081,IN,Johnson,30.5064600278253,6.11245821285985,1.50388392178172,0.070561671,0.0352808,0.317527519,0.084674005,0.573243662893152,0.0776145532727242,0.903189388,0.705616709,11.5865650177002,26.5045423890189,8.9,0.077617838,1,12.2975353373337,26.422444040271,0
18083,IN,Knox,12.6741356285195,3.97232606038413,1.99909434923393,0.12999506,0.025999,0.493981229,0.077997036,0.773831383453124,0.155965685844421,0.701973325,0.779970361,18.9309139251709,39.2209280122207,9.9,0.12999506,0,15.7700312174818,21.3111342351717,0
18085,IN,Kosciusko,22.6039819798609,7.05434690931295,3.60937108415166,0.168019439,0.0129246,0.374812594,0.0387737,0.664656590515705,0.1034299954772,0.607454893,0.723776043,11.9800977706909,37.560218829101,10.0,0.090472005,0,13.5383541456604,25.6172600118928,0
18087,IN,LaGrange,1.40617257961094,0.499883867767456,21.7720287173506,0.160175125,0.0,0.400437812,0.186870979,0.535255812300667,0.106772013008595,0.213566833,0.694092207,7.29910850524902,35.2576974564926,9.5,0.0266959,0,11.5600086188321,34.4914889032536,0
18089,IN,Lake,27.9409420426869,8.11629193463983,1.7478465090419,0.159633369,0.0121241,0.392011057,0.0565789,0.785019995218975,0.0909296646714211,0.743608603,0.608223341,27.3025646209717,48.1761438469908,11.3,0.07274432,1,13.2801080634268,25.6596203667302,0
18091,IN,LaPorte,18.7044493565792,7.26715515801644,2.13934631142972,0.17967999,0.008984,0.494119972,0.035936,0.811265124139295,0.107817679643631,0.700751961,0.763639957,23.7240543365479,43.2181168057211,10.9,0.053904,1,14.2347062359263,22.7708649196623,0
18093,IN,Lawrence,8.98584611248793,3.68902723034003,2.61472221253025,0.195100802,0.0216779,0.585302406,0.065033601,0.643835814633158,0.151728615164757,0.541946672,0.433557338,16.3120098114014,37.0496261046907,11.1,0.130067201,0,16.3913816274331,23.5661334373781,0
18095,IN,Madison,24.9334409904974,6.26463977500786,2.20261404256581,0.160327373,0.0152693,0.366462567,0.0305385,0.801700064442876,0.145044818520546,0.542059214,0.67184804,21.0185127258301,40.4272193729181,11.2,0.068711731,1,15.3711750584946,23.0856300708013,0
18097,IN,Marion,25.0942769381518,8.06053422953691,1.53716060617906,0.170106289,0.0230467,0.348992257,0.066945056,0.728618162732401,0.106454432010651,0.851628905,0.693594675,28.2208557128906,55.5903121028103,10.0,0.097673934,1,10.6378951353398,25.072698150196,0
18099,IN,Marshall,15.7875330995977,4.4221317024554,3.65581084505999,0.213092397,0.0213092,0.490112513,0.0426185,0.827591584439152,0.10653030872345,0.873678827,0.575349472,14.2422370910645,38.943505046533,9.5,0.085236959,0,14.6734394593101,26.8835943975686,0
18101,IN,Martin,2.5926382977356,1.24378013745973,2.38022295969476,0.290360046,0.0,0.483933411,0.0,0.682261208576998,0.387034356594086,1.064653504,0.774293457,14.5865659713745,33.698296836983,10.6,0.096786682,0,15.7247919489065,24.0081285078382,0
18103,IN,Miami,18.1574599573106,7.59287580360694,2.02814759099461,0.218286993,0.0,0.409288112,0.0272859,0.833653090683185,0.109155409038067,0.573003356,0.46385986,19.5674591064453,39.3320039880359,10.0,0.081857622,0,13.9500853589139,22.7434083949814,0
18105,IN,Monroe,19.8286417109856,6.08409442805654,1.96400515522465,0.13561548,0.0142753,0.314056901,0.0499636,0.46920391342065,0.0713220983743668,0.685215058,0.877931793,9.94993209838867,29.2148730262679,7.8,0.064238912,1,10.1809036485135,16.2864017858437,0
18107,IN,Montgomery,12.006807469012,4.13802364264104,2.15026245138233,0.156514934,0.0260858,0.573888092,0.0260858,0.723235914327042,0.130439326167107,0.626059737,0.652145559,15.9375686645508,35.3846153846154,10.2,0.0521716,0,15.5492603084671,23.9717763088868,0
18109,IN,Morgan,17.882137896771,5.12156232156884,1.16796919770842,0.144441877,0.0144442,0.476658193,0.0288884,0.711305919218717,0.129975154995918,0.476658193,0.361104691,18.5622863769531,31.3682981739348,9.7,0.0577768,1,12.9459749760502,25.1516822945394,0
18111,IN,Newton,1.35929930285775,0.133437151741919,1.21087209525768,0.212947189,0.0,0.567859171,0.141964793,0.812921294977689,0.284010231494904,0.567859171,0.709823964,15.2119226455688,38.7315010570825,10.2,0.070982396,1,16.6385846672283,23.0202190395956,0
18113,IN,Noble,6.80040826744434,3.07029173330474,2.69592610533224,0.126825763,0.0211376,0.359339661,0.0211376,0.735572275230129,0.169140338897705,0.591853559,0.570715931,14.4698848724365,41.8031729653038,9.1,0.0422753,0,12.4978963312016,27.0321440592393,0
18115,IN,Ohio,0.0,0.0,0.794740272802446,0.164989276,0.0,0.494967827,0.0,0.424960245654439,0.164989277720451,0.329978551,0.659957103,10.418384552002,29.6127562642369,10.0,0.0,1,16.628590078329,21.2140992167102,0
18117,IN,Orange,5.99282750206074,2.72950888656475,3.6169350833399,0.250827732,0.0501655,0.601986556,0.0,0.880311494836635,0.200672253966331,0.501655463,0.652152102,20.2232570648193,41.2404467960024,11.0,0.0501655,0,15.7862903225806,24.6320564516129,0
18119,IN,Owen,0.703386737555217,0.247265172837597,3.17620749382913,0.093018929,0.0,0.279056788,0.0465095,0.740567508574992,0.186133086681366,0.372075717,0.325566253,21.3917083740234,35.3581460674157,10.2,0.0465095,1,14.7949015063731,23.225955967555,0
18121,IN,Parke,9.25904145482214,2.93019503417783,4.12746785894016,0.11703435,0.0,0.409620224,0.0585172,0.380807311500381,0.117048047482967,0.175551524,0.468137398,16.0662498474121,44.4876783398184,10.2,0.0585172,0,15.6237383932176,21.414153065344,0
18123,IN,Perry,27.4346576144174,7.49442909081653,1.60603997226417,0.205973223,0.0514933,0.463439753,0.0514933,0.616586167916966,0.205962613224983,0.61791967,0.720906282,12.6275663375855,37.4449339207049,9.5,0.102986612,0,15.1773709794188,21.4241390009308,0
18125,IN,Pike,5.04009101715807,1.76298552867001,5.14919209032646,0.237041719,0.0,0.553097345,0.0,0.678886625933469,0.238019675016403,0.553097345,0.474083439,13.1122331619263,30.3365143144149,10.7,0.079013906,0,16.9326586220319,22.4211755546905,0
18127,IN,Porter,38.7897251200541,8.95895039947987,1.3626178021124,0.090619657,0.0181239,0.314148145,0.0483305,0.504480470620426,0.0785465240478516,0.62829629,0.676626774,11.4380168914795,25.9625126646403,9.8,0.096660968,1,12.390549034641,24.2912688705938,0
18129,IN,Posey,23.0506459320634,5.99514806916746,1.79041178759078,0.19462826,0.0,0.544959128,0.0,0.546896363139185,0.19462825357914,0.272479564,0.77851304,11.7453374862671,23.6835210898612,10.4,0.116776956,1,14.3998456194519,23.6896950984176,0
18131,IN,Pulaski,2.64686984639448,0.889660506316908,2.58612507582376,0.151137308,0.0,0.453411925,0.0,0.761962816214569,0.226757362484932,0.755686541,0.528980579,17.9102001190186,36.6301969365427,10.3,0.075568654,0,16.7437695866289,23.862110132816,0
18133,IN,Putnam,2.78782442112712,0.63983559117477,1.5579989920494,0.0527704,0.0263852,0.448548813,0.0263852,0.573951434878587,0.105518624186516,0.580474934,0.474934037,13.5374670028687,35.5317134742821,9.3,0.0,1,13.5157916919105,21.0626135974502,0
18135,IN,Randolph,20.0231450745759,8.75042004908036,3.66757749814647,0.115291495,0.0384305,0.461165981,0.076860997,0.855445800245335,0.192093431949615,0.269013489,0.960762461,20.0144443511963,42.2875816993464,11.1,0.115291495,0,17.0990791333919,24.3895915326124,0
18137,IN,Ripley,2.54097450527108,0.538721522200899,2.29402840447117,0.384158692,0.0,0.488929245,0.174617587,0.696801128876139,0.209482580423355,0.454005727,0.593699797,12.8890447616577,32.5855962219599,10.0,0.069847035,0,14.8552987716011,26.3377056006663,0
18139,IN,Rush,3.41210960236216,0.714345747868969,1.90469158224755,0.173580976,0.0,0.578603252,0.0,0.740957394949791,0.231441304087639,0.520742927,0.752184227,18.0384254455566,37.9245987308697,10.3,0.11572065,0,15.7601195952162,24.7642594296228,0
18141,IN,St. Joseph,33.7727050159276,9.17496120614874,1.54950515990995,0.157499803,0.03,0.348749564,0.067499916,0.663928353307502,0.0899901017546654,0.648749189,0.708749114,21.4138946533203,45.2098459358952,9.6,0.104999869,1,13.3236679141801,24.6696711884345,0
18143,IN,Scott,5.17069539518945,2.04044828304498,1.54828470565152,0.292911541,0.0418445,0.50213407,0.0418445,0.994773934120746,0.292923808097839,0.753201105,0.251067035,28.5988368988037,42.636407532593,10.0,0.0418445,1,13.4196269798602,24.0353996939746,0
18145,IN,Shelby,10.1619470458572,2.73717096526632,1.44842115559705,0.180599138,0.0225749,0.383773167,0.0225749,0.479713371260672,0.112892299890518,0.519222521,0.632096982,17.9394226074219,34.4676906779661,10.2,0.067724677,1,13.9256458727158,24.4058871185525,0
18147,IN,Spencer,0.00853412073209054,0.00295828857679868,1.34445624190125,0.238458604,0.0,0.66768409,0.0,0.559901457343508,0.190803274512291,0.333842045,0.333842045,10.829644203186,27.9228149829739,10.4,0.0,0,15.0105001909126,24.1647575410462,0
18149,IN,Starke,5.88384253111052,3.26529781967949,2.4260114473312,0.25901144,0.0,0.38851716,0.0431686,0.832866640819081,0.258989065885544,0.38851716,0.474854306,28.0249042510986,46.5547481834127,11.1,0.0431686,0,15.3019732054959,24.3804305953859,0
18151,IN,Steuben,21.2140092043719,7.40779584121132,3.52355377042467,0.234610986,0.0586527,0.645180211,0.08797912,0.935314343765874,0.205332785844803,0.703832957,1.055749435,14.853440284729,37.0361503471391,10.5,0.117305493,0,14.8895714494661,22.9194090975574,0
18153,IN,Sullivan,4.9121302859668,1.75062260443157,2.63138697662401,0.235615664,0.0,0.329861929,0.0471231,0.900667044238877,0.235671192407608,0.612600726,0.659723858,16.2854671478272,38.2076899788071,9.5,0.0,1,14.8358556461001,21.3736903376019,0
18155,IN,Switzerland,4.59459582807198,1.47934107554996,4.9086701476205,0.188501414,0.0,0.188501414,0.0,1.04726272704016,0.188501417636871,0.377002828,0.659754948,17.0481758117676,39.178844815588,10.2,0.0,0,14.5953076415717,25.6477904456798,0
18157,IN,Tippecanoe,27.9184629824655,9.90791860146788,1.42157961234669,0.142407136,0.0341777,0.25063656,0.0455703,0.529069232488137,0.0625504702329636,0.683554254,0.68925054,13.4142990112305,36.5627354935946,7.9,0.0569629,1,9.47968514874407,20.6719527723116,0
18159,IN,Tipton,32.269349636222,9.26497798240863,5.76033585449169,0.063247106,0.0,0.442729745,0.063247106,0.552192842731231,0.0632311105728149,0.505976852,0.316235532,12.9458103179932,26.3118994826312,10.6,0.0,0,17.1812248995984,23.2366967871486,0
18161,IN,Union,0.0,0.0,1.31298821318324,0.133422282,0.0,0.533689126,0.0,0.679163270850312,0.266844570636749,0.800533689,0.266844563,21.4256572723389,35.8942065491184,10.4,0.0,1,14.4624800425758,25.0798296966472,0
18163,IN,Vanderburgh,19.794471126263,3.73131580493394,0.599666565635394,0.193976745,0.0166266,0.354700334,0.0609641,0.78007792485449,0.149625942111015,0.853497678,0.709400667,19.8802299499512,47.7403557006616,9.7,0.12192824,1,14.4104438991002,22.2010762202078,0
18165,IN,Vermillion,13.8506801123573,5.62703532069764,2.05898804264487,0.186706497,0.0,0.435648494,0.0622355,1.05465502909393,0.186694875359535,0.560119492,0.74682599,15.4774618148804,39.0938984289368,10.9,0.0622355,1,16.8763878608438,23.0940044411547,0
18167,IN,Vigo,26.997222177638,9.23182138712856,2.17330750367826,0.157007619,0.036943,0.498730085,0.0461787,0.664035120079684,0.0922994539141655,0.831216809,0.849688294,20.8423633575439,43.4208042288088,9.7,0.083121681,1,13.4550478451153,21.3717454194793,0
18169,IN,Wabash,8.39286995170804,3.16809890158742,1.75522544489314,0.184224262,0.0,0.4912647,0.030704,0.927041809585612,0.184258207678795,0.736897049,0.583376831,14.6951360702515,36.231071228267,10.8,0.0614081,0,18.0977864266602,22.6800048649964,0
18171,IN,Warren,3.12085673237085,1.1122776630651,4.00439334837486,0.236294896,0.0,0.59073724,0.0,0.35962598897147,0.354233086109161,0.0,0.708884688,10.236533164978,26.3115415657789,10.7,0.0,0,16.5961448048895,23.4602726845322,0
18173,IN,Warrick,28.3913387073146,4.33492686571593,1.12684641888766,0.182784978,0.0332336,0.265869059,0.0166168,0.46309313133652,0.166124001145363,0.365569957,0.48188767,8.21866703033447,22.2816759212519,9.6,0.066467265,1,13.3324398130309,25.8523346010153,0
18175,IN,Washington,9.74034350631757,3.45945867771509,3.4458311607951,0.21272824,0.0,0.425456479,0.0,0.728245167914234,0.177298679947853,0.390001773,0.425456479,19.8701190948486,43.3021128294489,9.9,0.0354547,1,13.5411506616658,25.2140683603425,0
18177,IN,Wayne,16.9522708750757,5.99557096702922,2.10259629864874,0.145706751,0.0291414,0.422549577,0.072853375,0.787658872989397,0.131141811609268,0.713963078,0.713963078,21.6908531188965,47.6425438596491,9.9,0.043712,0,16.4386145653467,23.0465632572515,0
18179,IN,Wells,10.6232050687112,4.56877193573426,1.15088888356263,0.108201688,0.0360672,0.288537835,0.0360672,0.473142388736198,0.108166575431824,0.613142898,0.50494121,10.7807388305664,26.878198567042,10.2,0.0360672,1,15.7041540020263,24.9638153133594,0
18181,IN,White,9.97597837975876,3.35445973592679,1.91176165998846,0.0406702,0.0406702,0.691394176,0.0406702,0.832446300390295,0.0813173428177834,0.813404913,0.976085896,14.5395584106445,38.31561392537,10.8,0.0406702,0,17.1651178833746,24.1853670413505,0
18183,IN,Whitley,5.07013203256347,1.76072089935326,1.5957279951591,0.149907058,0.0299814,0.479702584,0.0599628,0.649831043928579,0.11991485953331,0.539665407,0.7795167,10.910436630249,23.7537585060927,9.3,0.089944235,1,13.9643157515319,24.5794785534062,0
19001,IA,Adair,7.87641613340624,2.05650872567001,1.87635807944556,0.397614314,0.0,0.927766733,0.0,1.26988370538698,0.662602722644806,0.397614314,0.795228628,12.8771648406982,31.0722100656455,9.3,0.265076209,0,21.4006769070555,22.4550898203593,0
19003,IA,Adams,6.04272207814371,1.76904271361939,0.54542651005978,0.250375563,0.0,0.500751127,0.0,1.02275632830478,0.25037556886673,0.75112669,0.500751127,13.2599983215332,33.3333333333333,9.0,0.0,0,21.3452469595433,21.072226358898,0
19005,IA,Allamakee,19.0382770675595,6.44910560558431,2.80054345680756,0.351914414,0.0,0.49268018,0.140765766,0.948233476153684,0.351642161607742,0.351914414,1.478040541,14.2602806091309,37.2029250457038,8.8,0.070382883,0,19.5603628750872,23.0983949755757,0
19007,IA,Appanoose,14.4232728336863,5.95510062874837,2.64987712962147,0.467071462,0.0,0.778452437,0.155690487,1.18766404199475,0.311356723308563,0.778452437,0.544916706,21.1120738983154,35.7000993048659,8.7,0.155690487,0,20.1132924652751,22.4567393497323,0
19009,IA,Audubon,4.14600031267916,1.45230484943033,3.50423256167523,0.166583375,0.0,0.499750125,0.0,0.860124083474337,0.166583374142647,0.0,0.6663335,10.5996017456055,24.3542435424354,9.1,0.0,0,23.1900637359046,21.8826605654519,0
19011,IA,Benton,14.6632865359804,3.01579483782824,1.97134679005413,0.153380114,0.0,0.5368304,0.076690057,0.506575805681393,0.153403639793396,0.191725143,0.306760229,11.1311092376709,21.968121968122,7.4,0.115035086,1,15.3973001994171,25.4870378892468,0
19013,IA,Black Hawk,23.8171822465821,8.97695302589091,2.20918985701269,0.167338556,0.0304252,0.456377881,0.07606298,0.872401759975725,0.174809232354164,0.608503841,0.798661292,18.4302768707275,40.0990099009901,7.9,0.091275576,1,13.8309558318712,21.7377374322984,0
19015,IA,Boone,13.0086093381763,3.98342134553421,1.08375203927005,0.152172259,0.0,0.418473712,0.0,0.785773366418528,0.228232339024544,0.304344518,0.72281823,13.1677951812744,31.0212867734992,8.0,0.114129194,0,15.9431308446742,23.8690792974987,0
19017,IA,Bremer,7.61226378729424,1.96596782261609,1.75665588273439,0.164095832,0.041024,0.492287496,0.041024,0.640004357476477,0.246123552322388,0.41023958,0.984574992,5.9613733291626,15.1528480316692,7.9,0.041024,1,17.2680837040699,22.7096721041358,0
19019,IA,Buchanan,13.1415532253039,3.31239706694342,3.40174594129229,0.143465162,0.0478217,0.669504089,0.0478217,0.716263967147359,0.239074304699898,0.382573765,0.573860648,9.94539165496826,22.6361031518625,8.0,0.0,0,15.2924897413875,27.0827369023762,0
19021,IA,Buena Vista,13.5183988907802,3.89576605932234,2.46685456007674,0.197219209,0.0493048,0.591657627,0.197219209,0.687969437969438,0.246172025799751,0.493048023,0.838181639,14.2414808273315,45.5988098189933,8.4,0.098609605,0,15.0789733464956,24.9555774925962,0
19023,IA,Butler,45.3879249498715,13.3673546447475,3.43201591790592,0.200414189,0.0,0.668047298,0.13360946,0.978691222919169,0.334001332521439,0.06680473,0.534437838,8.93592357635498,21.2757028955099,8.5,0.0,0,19.8022465863994,23.5622519674447,0
19025,IA,Calhoun,47.5505619234799,15.0579044955026,3.82332415792749,0.397535281,0.0,0.695686742,0.0,1.11010192754062,0.298121839761734,0.596302922,0.596302922,10.7898540496826,28.6817713697219,9.4,0.0,0,23.7021716649431,21.2202688728025,0
19027,IA,Carroll,4.56011367592886,0.870637709621858,1.28769214627307,0.335683115,0.0,0.575456769,0.0479547,0.630119722747322,0.38356426358223,0.767275692,1.007049345,10.1972465515137,25.205047318612,8.5,0.0479547,0,18.6106840891622,24.8654880860876,0
19029,IA,Cass,25.4922167904677,7.25443974372012,1.62148283263912,0.581226388,0.072653298,0.653879686,0.072653298,1.17807087857368,0.435888111591339,0.653879686,1.162452775,15.092342376709,32.6023996690112,9.0,0.217959895,0,20.9515620521639,22.8432215534537,0
19031,IA,Cedar,10.5587995823418,2.74401856683399,2.34219074062088,0.217367677,0.0,0.706444952,0.0,0.859759629307848,0.217296823859215,0.434735355,0.706444952,9.53744125366211,20.2276707530648,7.8,0.163025758,0,16.7198226931185,24.525650035137,0
19033,IA,Cerro Gordo,16.6224112245585,4.61579639866542,0.682290940206786,0.227479527,0.0454959,0.477707006,0.068243858,0.820239943972474,0.204703629016876,0.909918107,1.069153776,17.6367149353027,31.6769180964714,9.0,0.159235669,0,17.9361735861022,21.4966818418609,0
19035,IA,Cherokee,7.28098026248854,1.77867528125139,1.03741298893263,0.249418025,0.0,0.748254074,0.0,0.760366091857805,0.4158695936203,0.581975391,0.748254074,10.3774633407593,25.1632345554998,9.3,0.083139342,0,21.5705765407555,21.1646785950961,0
19037,IA,Chickasaw,14.7510831581191,6.10678891573836,2.16787216648417,0.161290323,0.0,0.806451613,0.0,0.936787227109808,0.161238312721252,0.241935484,1.290322581,9.01726150512695,22.6037929267043,8.4,0.080645161,0,19.1012139239489,24.3990674491519,0
19039,IA,Clarke,7.91782919679709,2.19383355228952,0.548891083923437,0.321992058,0.107330686,0.536653429,0.0,1.12059765208111,0.321957498788834,0.643984115,0.751314801,20.0638751983643,35.195530726257,8.2,0.0,0,16.6810251992246,25.2638380357527,0
19041,IA,Clay,9.47687390702514,1.88594947268649,1.71177356565497,0.180777343,0.0602591,0.602591142,0.0602591,0.677751671787457,0.241036459803581,1.265441398,0.903886713,13.4623136520386,29.156223893066,8.3,0.241036457,0,18.3956320873583,22.9795404091918,0
19043,IA,Clayton,18.4433605325824,7.15627399708202,2.56546165719196,0.222000222,0.0,0.777000777,0.111000111,0.813008130081301,0.333018809556961,0.555000555,1.554001554,8.70106220245361,26.9210933470861,8.5,0.0,0,19.3281482707265,23.1893651056319,0
19045,IA,Clinton,20.7804502612454,6.39212786886742,1.64360284690128,0.162979261,0.0203724,0.550055006,0.0407448,0.798831345663047,0.183325529098511,0.550055006,0.713034266,22.4863109588623,34.7159940209268,8.6,0.162979261,0,16.831582376415,23.5971984689307,0
19047,IA,Crawford,26.6233322691218,8.05728318162699,2.75416204813576,0.348351138,0.0,0.754760799,0.0580585,0.698095403162132,0.232315018773079,0.348351138,0.696702276,14.3835744857788,45.9125475285171,8.3,0.0580585,0,16.3371548900328,26.4155357978475,0
19049,IA,Dallas,5.16156883827944,0.863201839789317,0.771014908557833,0.129301056,0.0287336,0.589038144,0.0574671,0.631076280332189,0.143498793244362,0.517204224,0.660872064,7.09030723571777,16.8514412416851,6.5,0.114934272,1,9.79209193316701,29.0632796552506,0
19051,IA,Davis,13.2725560043193,5.4253123120222,7.85731606115398,0.228050171,0.0,0.684150513,0.114025086,0.863160317642997,0.114038087427616,0.342075257,0.798175599,10.9203319549561,33.1983805668016,7.9,0.114025086,0,17.057009025477,29.1328687307209,0
19053,IA,Decatur,10.8725957367078,4.22996088062506,1.638539855174,0.242571255,0.0,0.485142511,0.0,1.14099923260229,0.363768637180328,0.363856883,0.727713766,21.8627338409424,46.2079749804535,8.1,0.0,0,18.1269953884356,22.6794371526546,0
19055,IA,Delaware,8.7372173460112,2.91885249533365,2.0473137856356,0.170222424,0.0,0.56740808,0.0567408,0.796631387276659,0.170174151659012,0.340444848,0.737630504,8.95348167419434,23.2038501203163,7.9,0.170222424,0,16.5728439540644,25.2364332357577,0
19057,IA,Des Moines,24.4109177176496,6.89990913787008,1.38321222305306,0.17475098,0.0249644,0.549217365,0.0499289,0.836638572136837,0.224657401442528,0.748932771,0.898719325,26.7308101654053,41.6781927155371,8.4,0.099857703,0,17.5970241785493,23.1692498450093,0
19059,IA,Dickinson,20.5596260928006,4.33026571806286,1.31261330132951,0.237290147,0.0593225,0.771192976,0.17796761,0.83961819467358,0.296595096588135,0.830515513,1.838998636,8.83853340148926,19.9851687059696,8.9,0.35593522,0,22.2715545689086,19.3616127677446,0
19061,IA,Dubuque,19.3918276295405,5.08382947126769,1.78709404872261,0.147993108,0.0211419,0.486263068,0.105709363,0.729080132215878,0.222034260630608,0.697681794,0.813962093,13.5387754440308,26.8917431192661,7.5,0.147993108,1,15.3278592250115,23.7600503988126,0
19063,IA,Emmet,27.7206590330453,6.9039668184438,0.99555065975581,0.298121832,0.0,0.496869721,0.0,1.06225296442688,0.297383040189743,0.496869721,0.794991553,14.0793008804321,29.228998849252,8.6,0.198747888,0,18.8215880411571,23.0052417006407,0
19065,IA,Fayette,5.59254166312261,1.77824896361329,1.68834974021025,0.1431366,0.0,0.6202586,0.0477122,0.893730261786819,0.286068469285965,0.3339854,0.8588196,15.0208730697632,33.6440677966102,8.4,0.0954244,0,19.4204980842912,22.4664750957854,0
19067,IA,Floyd,18.5647861798164,4.80211186365958,1.92817615308073,0.124208173,0.0,0.621040864,0.0,1.09512539445275,0.186404868960381,0.434728605,0.807353124,15.9657077789307,32.1197411003236,9.0,0.124208173,0,20.0147212169539,23.8667729865669,0
19069,IA,Franklin,18.0704250504674,4.11590506497354,1.61796988665391,0.09353662,0.0,0.654756337,0.0,0.986987556060893,0.187038242816925,0.280609859,0.748292957,11.8787069320679,36.9914346895075,9.0,0.09353662,0,19.0730337078652,23.8483146067416,0
19071,IA,Fremont,45.2964003989153,13.6541679046566,3.8113843590592,0.542446433,0.0,0.678058042,0.0,0.886152698101768,0.678426027297974,0.406834825,1.084892867,14.4060287475586,33.302752293578,8.7,0.0,0,19.5672624647225,22.8329525601398,0
19073,IA,Greene,24.9572167187575,8.02363689333642,2.88617268932775,0.107181136,0.0,0.857449089,0.0,0.846716923413089,0.107181139290333,0.321543408,1.071811361,15.7645397186279,38.3059418457649,8.9,0.214362272,0,20.8976006855184,23.0934018851757,0
19075,IA,Grundy,11.1608838430243,2.26008304971437,2.24848438541507,0.400673131,0.0,0.480807757,0.080134626,0.723007712082262,0.24040387570858,0.160269252,0.961615514,6.38397645950317,17.3952641165756,8.6,0.080134626,1,18.8067132417891,23.8095238095238,0
19077,IA,Guthrie,11.2192363309041,2.96635598110077,2.28400494096802,0.276319425,0.0,1.105277701,0.0,0.904704463208685,0.184195980429649,0.736851801,0.736851801,11.8970165252686,26.9333333333333,8.2,0.092106475,1,19.8831477085996,23.9273324812854,0
19079,IA,Hamilton,23.2885867882386,6.26088043913803,2.20389365654425,0.258698745,0.0,0.582072177,0.064674686,1.00473583594022,0.258682012557983,0.323373432,0.646746863,13.7546787261963,29.9638989169675,8.2,0.0,0,18.0884323358642,24.0477253876093,0
19081,IA,Hancock,12.5540143715795,4.5309156930159,1.93068904773487,0.265627767,0.0,0.796883301,0.0,0.928088138434824,0.354264467954636,0.354170356,0.708340712,9.78769683837891,25.3228523301516,8.9,0.177085178,0,19.0988448990389,23.4370866766599,0
19083,IA,Hardin,14.6371512385609,4.20971852863928,1.49554846695337,0.345383376,0.0,0.748330647,0.0,1.22336531422186,0.345343619585037,0.172691688,0.978586231,14.2441530227661,28.9975719736386,8.8,0.0575639,0,20.9592791148626,23.0865746549561,0
19085,IA,Harrison,17.91504059456,4.89306244996612,1.96290463683065,0.270929287,0.0,0.948252506,0.067732322,0.859224635688755,0.33866161108017,0.677323219,0.745055541,13.8860101699829,25.0745156482861,8.4,0.0,1,17.8121650589496,24.0822615219721,0
19087,IA,Henry,29.0187438279105,11.7353796357798,3.62689307845228,0.148272624,0.0494242,0.543666288,0.0,0.71242669829347,0.197647988796234,0.49424208,0.74136312,18.226692199707,35.6759976176295,8.0,0.0494242,0,16.02382725242,23.1769669893274,0
19089,IA,Howard,39.0426280468962,11.2977247142697,2.76862265207244,0.314366551,0.0,0.733521953,0.10478885,1.15898079403256,0.209533780813217,0.209577701,1.257466206,11.4882326126099,28.4567901234568,8.6,0.10478885,0,19.3079657118963,25.2143006481288,0
19091,IA,Humboldt,17.4749220247912,5.86396599787552,1.67251429384211,0.306779834,0.0,0.818079558,0.102259945,1.07068215301333,0.204478070139885,0.715819613,1.124859393,11.2151460647583,32.0213475650434,8.7,0.20451989,0,20.5909322465614,23.0056036678553,0
19093,IA,Ida,1.06150597547172,0.346776287529626,0.952269258459689,0.283929585,0.0,0.851788756,0.0,0.644813355843182,0.283929586410522,0.425894378,0.709823964,10.8500165939331,24.484748557296,8.8,0.0,0,20.6658202849485,23.9526026237833,0
19095,IA,Iowa,12.5582630659693,2.18572803823784,0.989211113825879,0.245113058,0.0,0.735339175,0.183834794,0.684621244878209,0.183823525905609,0.428947852,0.79661744,8.70577526092529,21.5212057483351,8.7,0.0612783,0,17.1874044634668,24.5612962396821,0
19097,IA,Jackson,20.4953307437493,5.15756550560419,2.01662313300802,0.152091255,0.0506971,0.709759189,0.10139417,0.672179383116883,0.253421187400818,0.354879594,1.216730038,15.6189117431641,29.7227595099936,8.2,0.10139417,0,18.6064087061669,23.2013301088271,0
19099,IA,Jasper,16.4980466866289,4.09014338280308,1.32907013280793,0.136563516,0.0273127,0.655504875,0.0,0.796859916580151,0.273097187280655,0.600879469,0.491628656,15.7750158309937,30.0,8.6,0.081938109,0,16.527332935237,22.8462081320232,0
19101,IA,Jefferson,13.6908343603302,4.35606825217253,1.4656689609955,0.176325379,0.0,0.411425885,0.0,0.785557597675935,0.058506902307272,0.587751264,0.822851769,19.1886920928955,31.7043121149897,8.3,0.235100505,0,14.8488986522591,18.203407943953,0
19103,IA,Johnson,16.7360647020295,3.71789921776223,1.46735227957974,0.149617727,0.00748089,0.314197226,0.0523662,0.442595812212221,0.12680321931839,0.688241543,1.017400542,10.8139657974243,23.0388001304206,5.6,0.074808863,1,8.56573096376889,19.802570254122,0
19105,IA,Jones,12.0886881093763,4.72887348165505,1.76647055301477,0.192919842,0.04823,0.626989486,0.04823,0.710628744932733,0.337528318166733,0.337609723,0.771679367,10.509744644165,23.8613188307274,7.9,0.0,1,17.2303517782731,22.4149626901832,0
19107,IA,Keokuk,25.4149776402393,8.38515199535768,2.69132757269644,0.288544773,0.0,0.865634318,0.0,1.0201786517576,0.288517028093338,0.288544773,0.577089545,15.3767461776733,27.1993543179984,8.6,0.0,0,19.2274759775473,23.2328037294263,0
19109,IA,Kossuth,46.1902879777502,11.3927365132327,2.18864467200263,0.454781705,0.0,0.64968815,0.0,0.72765975932925,0.389660984277725,0.454781705,1.104469854,8.91968536376953,26.8537074148297,8.8,0.12993763,0,21.8683651804671,22.8720324261726,0
19111,IA,Lee,13.7187476784266,3.32285760479669,1.63806811702819,0.196883614,0.0281262,0.56252461,0.084378692,0.769763502447333,0.281159490346909,0.53439838,1.040670529,23.2238521575928,36.797475843029,8.3,0.112504922,0,16.9483018236574,22.1989849980481,0
19113,IA,Linn,25.7460834118341,5.31714234718813,1.65295765737641,0.126178248,0.0280396,0.401901086,0.074772295,0.697879653498688,0.149409130215645,0.733703145,0.733703145,16.0971832275391,26.3282340540695,8.0,0.130851516,1,13.013549468342,24.5457472091504,0
19115,IA,Louisa,1.20328136788031,0.364500316449321,2.02538509577577,0.263759451,0.0,0.527518903,0.0,1.24135485015074,0.263620376586914,0.351679269,0.703358537,15.9034194946289,43.8070880526124,8.2,0.0,0,14.964433125494,25.845262141038,0
19117,IA,Lucas,21.6635400291053,8.44998439394788,4.23873955175237,0.112752283,0.0,0.789265983,0.0,1.02739726027397,0.225275963544846,0.33825685,0.789265983,20.3296070098877,37.6428571428571,8.1,0.0,0,20.161834120027,24.4436952124073,0
19119,IA,Lyon,16.1040861204744,4.83381685949655,1.05387013787286,0.427679412,0.0,0.769822941,0.171071765,0.51033426894616,0.427679419517517,0.256607647,0.769822941,5.57114887237549,18.0851063829787,8.0,0.085535882,0,16.820654520335,27.6746394957258,0
19121,IA,Madison,18.1145787180885,3.4495449173308,1.54224485140267,0.127113258,0.0,0.508453032,0.0,0.803841403688088,0.254178047180176,0.317783145,0.508453032,9.62932205200195,22.8218269520651,8.0,0.127113258,1,14.8032400025512,27.2211237961605,0
19123,IA,Mahaska,22.9537952741515,7.8192311085342,1.667095604461,0.133392619,0.0444642,0.578034682,0.088928413,1.01739220840945,0.22224198281765,0.489106269,0.444642063,20.9403228759766,35.1680338713946,8.1,0.133392619,0,16.0761360082213,24.3107993387248,0
19125,IA,Marion,14.0430189572755,2.96982553646939,1.3671630388939,0.180386026,0.0601287,0.571222416,0.240514701,0.930109618281018,0.300598204135895,0.601286754,0.481029403,11.3905086517334,23.8194807457745,8.2,0.090193013,0,15.5873787865142,25.1043261580954,0
19127,IA,Marshall,23.4864079327531,6.00773980927728,1.37067564025248,0.21976412,0.0244182,0.561619417,0.0488365,1.01777745143631,0.170677587389946,0.512782946,0.65929236,20.2079315185547,47.3089419409521,8.6,0.0488365,0,16.4263924424326,25.3493406809683,0
19129,IA,Mills,8.65633708299834,2.85274119995288,1.35567163376431,0.199627362,0.0,0.532339633,0.0,0.657140931455146,0.266152113676071,0.133084908,0.399254725,12.7075910568237,28.8590604026846,7.6,0.133084908,1,13.4338269473405,25.360249684574,0
19131,IA,Mitchell,20.6238424360654,5.61011683850136,2.86732555532109,0.654083349,0.0,0.654083349,0.186880957,0.916860916860917,0.373587369918823,0.373761914,0.747523827,7.67124128341675,20.125,8.7,0.186880957,0,21.7334818114328,24.7216035634744,0
19133,IA,Monona,15.1390104366619,3.5152436395587,2.43172491216522,0.216567407,0.0,0.757985923,0.0,0.621072628963905,0.432994157075882,0.64970222,1.082837033,14.9906482696533,34.9645846748229,9.1,0.216567407,0,23.693605972087,22.1573082332576,0
19135,IA,Monroe,21.3407590326566,6.70729136401408,1.48951636945128,0.248169748,0.0,0.992678992,0.0,0.961180701971971,0.248138964176178,0.372254622,0.992678992,14.3069486618042,28.9451476793249,8.4,0.0,0,18.594730238394,24.1530740276035,0
19137,IA,Montgomery,19.9518653333258,7.35395204888989,1.69485436957667,0.282220132,0.0,0.564440263,0.0,1.00164048204934,0.376258105039597,0.846660395,1.03480715,22.3197345733643,38.4268537074148,9.3,0.094073377,0,19.9348230912477,23.3798882681564,0
19139,IA,Muscatine,23.893409473815,7.17329734851325,2.24279159848744,0.233803278,0.0233803,0.514367211,0.093521311,0.884271243887839,0.210349172353745,0.701409834,0.584508195,21.7413291931152,38.6606409202958,7.3,0.070140983,0,13.66943502164,26.1176745818224,0
19141,IA,O'Brien,21.5655625697549,8.15122019330671,1.82948908974703,0.492333662,0.0,0.914333943,0.07033338,0.958462696396651,0.562667012214661,0.703333802,0.844000563,9.35542392730713,24.5901639344262,9.1,0.211000141,0,20.3986664814558,23.5657730240311,0
19143,IA,Osceola,18.2293774204534,4.975867615998,1.68050546395991,0.31680659,0.0,0.31680659,0.158403295,0.484417891167447,0.158328056335449,0.31680659,0.792016474,7.10677623748779,25.9124087591241,8.4,0.0,0,19.7462086041473,23.0578768183225,0
19145,IA,Page,28.7895425304069,14.964362082891,1.47141357355422,0.251841592,0.0,0.629603979,0.062960398,1.05538938034324,0.188726723194122,0.440722785,0.881445571,16.8748798370361,34.1800522973478,9.0,0.188881194,0,19.928445895054,22.0060256088376,0
19147,IA,Palo Alto,33.7363086608553,9.45753214399009,1.35473623433906,0.320889935,0.0,0.748743181,0.0,0.835579514824798,0.534473538398743,0.748743181,1.283559739,10.215633392334,24.4074311338885,9.0,0.0,0,21.3247001379896,21.9509606198917,0
19149,IA,Plymouth,4.11491183462019,0.638224903068274,1.12468731487085,0.201547888,0.0403096,0.282167043,0.0403096,0.378073098593434,0.241779491305351,0.524024508,1.048049016,7.2717752456665,17.5048828125,8.1,0.120928733,1,16.6052989674218,25.9505322980869,0
19151,IA,Pocahontas,24.6534363864484,9.06830134229019,2.34145349916065,0.555401277,0.0,0.971952235,0.0,1.0955710955711,0.416493117809296,0.277700639,0.555401277,13.8986139297485,36.3073110285006,9.8,0.0,0,22.1203830369357,21.4637482900137,0
19153,IA,Polk,20.3923629942178,6.15002679733546,1.51033902634552,0.155202596,0.0205415,0.381159318,0.0616246,0.766454065342979,0.170951470732689,0.737212333,0.776012982,19.8549251556397,34.5912757906761,8.1,0.152920205,1,10.8083317852499,25.5259613598365,0
19155,IA,Pottawattamie,37.6557527401521,12.1753546372128,2.09180136294409,0.13908057,0.021397,0.524226766,0.064191033,0.559663340974891,0.181829854846001,0.716799863,0.567020787,22.7523880004883,38.6853582554517,7.6,0.096286549,1,14.3122437149789,24.1299727344941,0
19157,IA,Poweshiek,18.9401487356827,4.65437221398929,1.98685538387146,0.264914697,0.0529829,0.741761153,0.0529829,0.925135212069456,0.317561119794846,0.529829395,1.165624669,10.93443775177,25.9310824921685,8.5,0.105965879,0,18.4413661837792,20.894575446759,0
19159,IA,Ringgold,11.5574482536236,3.43653476651275,2.56048414645305,0.396118043,0.0,0.990295108,0.0,0.932103610675039,0.396196514368057,0.198059022,0.792236086,12.6599054336548,35.343618513324,9.3,0.0,0,23.5626583511986,24.2252972130189,0
19161,IA,Sac,19.7585087111867,6.39465569988925,2.68259487047073,0.489141068,0.0,0.880453923,0.0,0.599166092123839,0.489188939332962,0.293484641,1.271766778,9.44788932800293,27.2129186602871,9.5,0.097828214,0,22.1352657004831,22.463768115942,0
19163,IA,Scott,11.6260016516891,2.91737504358382,0.980644387932821,0.150131215,0.024021,0.474414638,0.0420367,0.795324616851996,0.162051200866699,0.858750548,0.792692814,24.1388626098633,35.8984764083078,7.7,0.132115469,1,13.0761874788166,24.5521231782308,0
19165,IA,Shelby,26.2603336634308,8.32686841820621,2.24197889658252,0.166861338,0.0,1.001168029,0.083430669,0.57309360068495,0.333611339330673,0.584014684,0.584014684,10.9400997161865,22.9532898041185,8.9,0.0,0,20.8761403797156,23.555519026876,0
19167,IA,Sioux,4.14515815718467,1.29737062903525,0.932179752996271,0.264830508,0.0294256,0.588512241,0.088276836,0.50824870627602,0.235197275876999,0.735640301,0.735640301,4.85132312774658,23.0994811639973,7.2,0.088276836,0,14.2653690956563,26.8425112746262,0
19169,IA,Story,18.0082127216584,7.5787403802846,1.60682629943685,0.121149377,0.0220272,0.374461711,0.066081478,0.619011045278326,0.142661184072495,0.748923423,0.737909843,9.80322647094727,18.1676591846083,5.9,0.110135797,1,9.98972549194791,17.8162203211901,0
19171,IA,Tama,18.0350244148708,6.66330864699415,2.24806620659538,0.340715503,0.0,0.681431005,0.113571834,0.807861922141119,0.227117881178856,0.39750142,0.624645088,13.4801816940308,25.8874748827863,8.8,0.170357751,0,18.4274216243598,25.5529915010975,0
19173,IA,Taylor,7.90172894462925,2.66445733990788,1.13020402460457,0.317309218,0.0,0.475963827,0.0,0.805412371134021,0.317309230566025,0.158654609,0.793273045,13.0815496444702,41.6334661354582,8.7,0.158654609,0,21.0068070286528,23.3655216083584,0
19175,IA,Union,19.486707117285,5.34511340205551,1.78882540499415,0.159375249,0.079687625,0.796876245,0.079687625,0.873431792917262,0.318648934364319,0.717188621,0.796876245,18.6671962738037,36.6684991753711,8.5,0.159375249,0,18.0868038934099,23.4242859422371,0
19177,IA,Van Buren,91.1642652738095,35.1549269196787,5.56145520620972,0.798509449,0.0,0.931594357,0.0,1.61095449053564,0.798615753650665,0.266169816,0.665424541,14.7782697677612,34.8747591522158,8.4,0.0,0,19.7886393659181,24.0686922060766,0
19179,IA,Wapello,27.7391265775139,11.1841097004712,2.60233407050256,0.197388828,0.0281984,0.620364887,0.0,1.15694923561236,0.253656893968582,0.648563291,0.620364887,28.092212677002,43.7660432709938,9.1,0.0563968,0,16.4378947368421,22.7901754385965,0
19181,IA,Warren,21.9278817158561,4.83481492617216,1.46871002332014,0.128678048,0.0214463,0.493265849,0.064339024,0.607792540146297,0.192971542477608,0.407480484,0.471819508,9.66946125030518,16.7,7.3,0.107231706,1,13.3239588967009,25.9989183342347,0
19183,IA,Washington,6.8690537423322,2.34071839921879,1.35870220622534,0.183326459,0.0,0.641642605,0.091663229,0.608439049618205,0.229126572608948,0.320821303,0.824969064,13.0233297348022,26.2694300518135,7.9,0.137494844,1,17.3147806855879,25.1520457058607,0
19185,IA,Wayne,39.9867793324226,17.2688798116186,6.21331859110909,0.473634354,0.0,0.947268709,0.0,1.16908364859185,0.473410129547119,0.315756236,0.78939059,15.3730630874634,39.2236976506639,9.0,0.315756236,0,22.1458691238482,23.4265188193035,0
19187,IA,Webster,22.1351065117785,6.2052623255898,1.32274654634958,0.159033079,0.0265055,0.662637829,0.053011,0.894302399413338,0.211942985653877,0.636132316,0.450593723,20.6563396453857,40.43254376931,8.7,0.159033079,0,16.670612685134,22.1476863178386,0
19189,IA,Winnebago,17.6708281779758,5.53348564702525,1.55719653155791,0.280819994,0.0,0.561639989,0.0,1.08490566037736,0.46755188703537,0.468033324,0.748853318,11.4022665023804,24.20223787816,8.5,0.093606665,0,19.2619179090742,21.6639057610896,0
19191,IA,Winneshiek,13.6640896438969,3.21911035101484,1.45173084629817,0.237608706,0.0475217,0.475217412,0.0475217,0.561859993985724,0.285062700510025,0.332652188,0.950434824,6.09244012832642,18.0818150567205,8.0,0.190086965,0,16.8455547112462,20.4074848024316,0
19193,IA,Woodbury,31.546063354844,12.2774062301519,2.58592238894397,0.194889985,0.0292335,0.487224962,0.077955994,0.851063136668524,0.204465135931969,0.877004931,0.847771433,22.6659488677979,40.6764168190128,9.0,0.097444992,1,12.845985201425,26.6354774302157,0
19195,IA,Worth,8.03427503401033,1.11759173922657,1.99272011346349,0.264340471,0.0,0.660851176,0.0,0.797978454581726,0.264550268650055,0.396510706,0.925191647,10.4541616439819,23.1852654387866,8.4,0.0,0,18.2942879705186,23.1245064490655,0
19197,IA,Wright,6.70777752061301,2.14882858839578,1.1534583674271,0.460475825,0.0,0.997697621,0.230237913,1.26369537885203,0.383641511201859,0.537221796,0.997697621,15.3086042404175,37.1038908945046,9.1,0.076745971,0,20.9312873233049,23.3275379847305,0
20001,KS,Allen,39.9605075942981,13.3511706556358,3.93165266256102,0.149936277,0.074968139,0.374840693,0.074968139,1.07615686863378,0.224752768874168,0.599745108,0.974585801,18.5045890808105,43.6677258284158,9.9,0.0,0,18.2858424949518,23.543489641762,0
20003,KS,Anderson,22.3182433525769,9.29740679575259,2.3186546258333,0.372254622,0.0,0.868594118,0.0,0.494716011957391,0.124084874987602,0.372254622,1.116763866,13.4503660202026,39.6615158204562,9.4,0.0,0,20.1555171562577,25.3887928906443,0
20005,KS,Atchison,20.6997609531223,7.80798526827789,2.92902304057701,0.179061717,0.0596872,0.477497911,0.0,0.634429707171038,0.119374476373196,0.656559628,0.716246866,19.1914081573486,48.7794786925941,8.9,0.119374478,0,15.3687071614276,24.1845899314583,0
20007,KS,Barber,11.4295179844111,4.16979066981051,1.32547102777342,1.218026797,0.0,1.218026797,0.0,0.668586710553384,0.406338900327683,0.812017864,1.218026797,5.49055814743042,27.0687237026648,10.0,0.203004466,0,20.3867516971816,22.4645134745937,0
20009,KS,Barton,23.0296590624412,7.64638062765903,1.39664221737225,0.144388694,0.0360972,0.360971736,0.108291521,0.84370577348768,0.216653421521187,0.50536043,1.010720861,14.0205297470093,47.1104946833102,10.5,0.108291521,0,16.9400881694009,24.5139842451398,0
20011,KS,Bourbon,20.9499532965818,7.60756450462769,1.80001572620112,0.133859849,0.066929924,0.401579546,0.0,0.671276095858227,0.200749471783638,0.803159092,0.870089017,21.2507286071777,50.837076357697,8.7,0.0,0,17.3202398998221,25.6112832004218,0
20013,KS,Brown,5.79760273698549,2.59427150527784,1.95844192529407,0.100280786,0.100280786,0.501403931,0.0,1.0120433154539,0.300872534513474,0.601684717,1.002807862,17.0974826812744,45.8636664460622,10.2,0.0,0,18.3193108974359,25.380608974359,0
20015,KS,Butler,24.5587507667277,5.80024558102954,1.54294248697685,0.121532525,0.0151916,0.273448182,0.091149394,0.52156916361574,0.0911355465650559,0.607662626,0.470938535,11.0312404632568,22.371395301048,9.3,0.0303831,1,12.6396478445659,26.9444444444444,0
20017,KS,Chase,93.7436054781283,31.5434964006966,2.91475016253444,0.361271676,0.0,0.722543353,0.0,1.08813928182807,0.361271679401398,0.0,1.083815029,8.75273513793945,25.25,9.4,0.0,0,21.1827956989247,22.0430107526882,0
20019,KS,Chautauqua,29.9921938153083,7.94526156368934,1.9944577091811,0.277085065,0.0,1.10834026,0.0,1.54018482217866,0.554323732852936,0.0,2.493765586,12.8943176269531,44.8343079922027,10.7,0.55417013,0,24.4208231125647,20.6595802671028,0
20021,KS,Cherokee,16.2057544658793,6.77672196783331,3.70969992541803,0.234170101,0.0,0.468340202,0.046834,0.647790445679827,0.187292218208313,0.515174223,0.421506182,20.5324268341064,47.620253164557,9.9,0.046834,0,15.9607461926584,24.945609406101,0
20023,KS,Cheyenne,98.1585403135499,36.7200986989332,3.15363479477209,1.485332343,0.0,0.742666172,0.0,0.746825989544436,0.371333092451096,0.0,1.113999257,5.68678903579712,36.0544217687075,10.6,0.0,0,26.3022743947175,21.3132795304475,0
20025,KS,Clark,99.9999997645382,30.9779864918189,1.75477712007308,0.471698113,0.0,0.471698113,0.0,0.649549136481736,0.471698105335236,0.471698113,1.41509434,8.12163162231445,30.3571428571429,10.7,0.0,0,21.9864559819413,25.2370203160271,0
20027,KS,Clay,26.2825912496048,9.68883705788007,1.30630475458155,0.117288295,0.0,0.469153179,0.117288295,0.781463681475403,0.351699888706207,0.351864884,1.52474783,7.28345680236816,26.3540290620872,9.5,0.0,0,20.4335090802578,23.6789689513767,0
20029,KS,Cloud,33.7772705781405,12.4320972448823,1.50116511183429,0.212381863,0.106190931,0.637145588,0.106190931,0.718314355645419,0.318471342325211,0.637145588,1.274291176,10.4388017654419,38.0081300813008,11.1,0.106190931,0,20.4342809189133,22.4168677226476,0
20031,KS,Coffey,53.7114304624908,16.7186450538627,2.08985587001866,0.2356823,0.0,0.824888051,0.0,1.00956637653885,0.117841146886349,0.942729201,0.942729201,10.7069749832153,31.7307692307692,9.2,0.0,0,17.2421811417277,24.2646203929776,0
20033,KS,Comanche,17.8206621278314,6.65513542597372,2.07992362087735,1.063829787,0.0,0.531914894,0.0,1.56821745948772,0.53134959936142,0.0,2.127659574,4.97382211685181,21.4925373134328,10.6,0.0,0,24.0613432046536,23.0037017451084,0
20035,KS,Cowley,16.2638435239143,5.64829775513159,1.25027710106275,0.110390506,0.0551953,0.413964399,0.0275976,0.67745076425632,0.165553778409958,0.386366772,0.662343038,17.9903087615967,47.577519379845,8.9,0.0275976,0,15.7693260995291,24.4278593263749,0
20037,KS,Crawford,30.3009508249614,14.2020978561945,3.79302925191764,0.153123724,0.0255206,0.561453655,0.076561862,0.69442680148709,0.127560779452324,0.459371172,0.969783585,19.8746814727783,48.1982744036542,9.0,0.0510412,0,13.9597281136608,22.2951908826085,0
20039,KS,Decatur,16.8807685296652,7.74854946812455,0.11349611381638,0.3417635,0.0,0.0,0.0,0.696621386276559,0.341763496398926,0.3417635,1.025290499,7.45750951766968,28.6486486486487,11.2,0.0,0,27.2880783519081,18.7436676798379,0
20041,KS,Dickinson,18.4919655906663,5.49570679334378,1.23774515047036,0.203262361,0.0,0.508155902,0.10163118,0.61565968356779,0.152431279420853,0.558971492,0.711418263,8.65438270568848,27.9196089082021,9.6,0.0,0,18.0520400931457,24.7797914346462,0
20043,KS,Doniphan,61.3423112193828,21.2294588249289,5.45333455418983,0.502702023,0.0,0.502702023,0.0,0.794760935910478,0.37693178653717,0.125675506,0.628377529,9.24517154693604,35.2030947775629,9.9,0.0,1,16.1862806796728,22.3410950283197,0
20045,KS,Douglas,13.3236935499291,4.1431858581983,0.82150945595568,0.142372821,0.0266949,0.302542245,0.0177966,0.389111378886684,0.106702707707882,0.863135227,0.729660708,9.96260833740234,25.842385663876,6.2,0.088983013,1,8.9031454712793,19.0668254741667,0
20047,KS,Edwards,15.9993459704058,4.99973476014495,1.4002126079841,0.330797221,0.0,0.992391664,0.330797221,0.643392637350341,0.331235498189926,0.0,1.323188885,9.53984260559082,39.2624728850325,9.7,0.0,0,19.130721106355,23.7405334211393,0
20049,KS,Elk,99.3570110851055,49.8301675190795,2.69894028127278,0.0,0.0,1.076812635,0.0,0.735294117647059,0.717875063419342,0.0,0.71787509,12.9337339401245,48.2242990654206,10.9,0.358937545,0,24.2886884108258,21.3393476752255,0
20051,KS,Ellis,19.9058475851211,5.78072544892127,1.29862417991873,0.139120757,0.0347802,0.626043406,0.173900946,0.585137507314219,0.139072388410568,0.973845298,0.904284919,7.53250312805176,28.2017428043306,7.7,0.069560378,0,13.4577534092507,21.0213693237734,0
20053,KS,Ellsworth,31.3144463015264,11.0677236259235,1.09229754275459,0.154846702,0.0,0.929080211,0.0,0.667282619854224,0.309453815221787,0.309693404,0.929080211,5.87036180496216,33.5463258785943,9.6,0.0,0,18.9010312451901,18.7317223333846,0
20055,KS,Finney,20.3880271108709,9.14708942645233,1.2537167528471,0.107773138,0.0538866,0.269432844,0.134716422,0.459229390681004,0.0808211416006088,0.619695541,0.538865688,15.349814414978,54.4711650712118,7.9,0.134716422,0,8.39949967370024,32.0208831846857,0
20057,KS,Ford,32.0058679361741,13.8062384624921,2.47814059595421,0.174251445,0.0290419,0.34850289,0.0,0.467598987108656,0.0872574970126152,0.435628612,0.638921964,13.7398729324341,64.7034596375618,8.0,0.145209537,0,9.97695580241078,30.9324036870716,0
20059,KS,Franklin,47.0440382022492,14.6042536138716,2.69049736572638,0.077381413,0.0386907,0.541669891,0.0386907,0.569366169999228,0.116054154932499,0.619051304,0.619051304,17.1689205169678,40.5150214592275,8.9,0.0386907,0,14.131271160357,25.9695290858726,0
20061,KS,Geary,33.579998474954,12.6951548826472,3.03902144156481,0.085046067,0.0283487,0.396881644,0.0283487,0.434062031410307,0.0850099176168442,0.652019844,0.538625089,10.5865840911865,39.29602639901,8.7,0.0566974,0,7.64798323729701,30.8975030557011,0
20063,KS,Gove,97.4351679600865,28.7942677056848,0.742400999192568,1.098901099,0.0,1.098901099,0.0,0.580188103090265,0.733944952487946,1.098901099,1.098901099,3.82760691642761,24.537037037037,11.7,0.366300366,0,24.0074211502783,22.3376623376623,0
20065,KS,Graham,22.183321696381,7.78376102910535,0.104949275381279,0.757862827,0.0,1.13679424,0.378931413,0.775795190069822,0.379506647586823,0.378931413,1.894657067,5.99845218658447,29.4285714285714,11.3,0.0,0,25.6449749711205,19.1374663072776,0
20067,KS,Grant,9.48450134580622,3.66681382345841,0.549856905112504,0.38003547,0.0,0.12667849,0.0,0.515377171946653,0.253228664398193,0.50671396,1.14010641,9.58673858642578,46.5169833045481,8.7,0.0,0,10.4738791671989,31.3577723847235,0
20069,KS,Gray,53.0083747954099,16.2997043456936,1.57681563547051,0.328569082,0.0,0.328569082,0.164284541,0.66334991708126,0.328623056411743,0.164284541,0.657138163,5.50340843200684,31.4606741573034,8.9,0.0,0,12.6706626706627,30.3529803529804,0
20071,KS,Greeley,99.9999999134748,23.0067513937262,2.20535700167406,0.796812749,0.0,0.0,0.0,0.770416024653313,0.79744815826416,1.593625498,0.796812749,3.1545741558075,35.1219512195122,10.2,0.0,0,20.9302325581395,21.3311948676824,0
20073,KS,Greenwood,42.933229520964,15.3087597614611,3.12143055938979,0.302617643,0.0,0.605235285,0.0,1.26536514822849,0.30257186293602,0.151308821,0.756544107,15.9378566741943,45.3748782862707,10.0,0.0,0,22.2006278965466,22.081028554343,0
20075,KS,Hamilton,100.000000048257,47.7581037226271,2.57672333607419,0.378071834,0.0,0.378071834,0.0,1.13679424024252,0.379362672567368,0.0,0.756143667,6.03955459594727,52.156862745098,9.2,0.0,0,13.6059479553903,28.364312267658,0
20077,KS,Harper,18.5880337681994,7.14160233208813,0.82073132816855,0.505220613,0.0,0.673627484,0.168406871,1.48029098291321,0.505475997924805,0.673627484,1.347254968,10.3189496994019,48.5074626865672,10.4,0.0,0,21.6605899900563,23.6658932714617,0
20079,KS,Harvey,22.5421472132424,6.54046530241769,1.52608146966823,0.201729107,0.0288184,0.374639769,0.0576369,0.554726653659283,0.144150376319885,0.778097983,0.634005764,11.7230176925659,35.5566870332655,8.8,0.0288184,1,17.1347018798293,25.5247376311844,0
20081,KS,Haskell,100.00000004659,39.2189734899006,5.23469882196648,0.472478148,0.0,0.708717222,0.0,0.841948621553885,0.472478151321411,0.0,1.18119537,6.90159797668457,52.0441988950276,8.4,0.0,0,10.7142857142857,31.156015037594,0
20083,KS,Hodgeman,99.286809950703,33.1806819765804,3.17662010781787,0.510986203,0.0,0.510986203,0.0,0.721684496518934,0.51098620891571,0.510986203,1.021972407,5.87523746490479,28.0864197530864,10.1,0.0,0,20.6680584551148,24.0083507306889,0
20085,KS,Jackson,15.1024791840788,4.43585472603429,2.3687846561308,0.223480334,0.0,0.223480334,0.074493445,0.625821002800704,0.223480328917503,0.372467223,0.744934446,8.18469047546387,30.7243963363863,9.4,0.0,1,15.398900609122,26.5488040410043,0
20087,KS,Jefferson,15.1077055994227,4.09779984066234,2.97872474047294,0.158261237,0.0,0.580291201,0.105507491,0.589425530043107,0.26374089717865,0.369276219,0.527537455,8.61718845367432,27.7289481145449,9.8,0.0,1,15.4344870856426,24.7045906096413,0
20089,KS,Jewell,27.1659131806494,10.7252855050908,4.12487008788431,0.646621403,0.0,0.323310702,0.0,0.957539943094769,0.970873773097992,0.0,1.616553508,6.18798398971558,26.5573770491803,11.2,0.0,0,28.0467988300293,18.75203119922,0
20091,KS,Johnson,21.9910338845347,2.86907515913574,0.576808882467038,0.121209928,0.0217092,0.215283306,0.06874593,0.388899704061167,0.0614970549941063,0.750777914,0.765250742,5.14148187637329,17.0764406962915,6.5,0.157391997,1,10.9011924385175,26.343537696236,0
20093,KS,Kearny,8.80597754368064,2.68579455994823,3.00742771958866,0.25220681,0.0,0.756620429,0.0,0.504032258064516,0.252652853727341,0.756620429,0.504413619,9.45923328399658,49.1694352159468,9.2,0.0,0,13.4523510183555,29.8466180538094,0
20095,KS,Kingman,33.3698624446703,9.04138184698909,2.23479262600786,0.126758778,0.0,0.253517556,0.0,0.63588960956378,0.126742705702782,0.507035112,0.887311446,8.79771614074707,34.5425867507886,10.5,0.126758778,1,19.9796385848817,24.1791804530415,0
20097,KS,Kiowa,99.6543386545887,41.6816303975327,4.62641025618721,0.0,0.0,0.781860829,0.0,1.26869658119658,0.390930414199829,0.0,0.390930414,7.43099784851074,36.5280289330922,11.6,0.0,0,18.8797493145319,21.5432824128476,0
20099,KS,Labette,19.5397408568367,6.10966798283487,2.0976118151302,0.233863424,0.0467727,0.654817587,0.0,1.03364029317797,0.280714899301529,0.374181478,0.748362956,18.3444347381592,47.8034047226799,9.7,0.0467727,0,16.6011014948859,24.353218864257,0
20101,KS,Lane,100.000000173952,36.4942972345447,5.26174685631026,0.573394495,0.0,0.573394495,0.0,1.76056338028169,1.14744699001312,0.573394495,0.573394495,7.52624273300171,29.5652173913043,10.2,0.0,0,21.0857142857143,22.5142857142857,0
20103,KS,Leavenworth,19.4963569815731,5.15968528330757,2.10795767330422,0.09084656,0.0,0.27253968,0.0389342,0.455584284164534,0.0648912414908409,0.415298561,0.389342401,9.58334445953369,24.3671128107075,9.1,0.0129781,1,11.0538260721267,25.1183963687407,0
20105,KS,Lincoln,31.720399168129,8.55574363919864,0.839016654396044,0.309405941,0.0,1.237623762,0.0,0.315059861373661,0.309310227632523,0.0,0.928217822,7.91902685165405,36.6315789473684,10.0,0.0,0,20.3332304844184,24.0666460968837,0
20107,KS,Linn,34.4440116207517,10.5416539006225,2.56350079738789,0.312109863,0.0,0.936329588,0.104036621,1.22691805246619,0.312109857797623,0.208073242,0.416146484,15.1379375457764,42.5055928411633,9.3,0.0,1,19.3351284175642,23.1980115990058,0
20109,KS,Logan,18.2351016693204,5.9860771192123,1.00516931100595,0.362187613,0.0,1.08656284,0.0,0.838122605363985,0.361532896757126,0.0,1.448750453,6.54356384277344,34.3228200371058,10.7,0.362187613,0,20.7547169811321,22.8229317851959,0
20111,KS,Lyon,9.86169218316967,2.99687809658439,0.737027249378865,0.178401522,0.0297336,0.475737393,0.118934348,0.711153253526135,0.14858840405941,0.802806851,0.951474786,17.8898029327393,51.7860285060707,8.5,0.0594672,0,12.5051944197091,23.5678242802018,0
20113,KS,McPherson,29.2643586067615,7.48053226591607,1.60984917924655,0.206086419,0.0343477,0.240434155,0.137390946,0.57342053867466,0.171532467007637,0.446520574,0.824345676,7.98464775085449,24.1709053916582,9.5,0.068695473,0,18.2967786154901,23.5023989033585,0
20115,KS,Marion,24.2137090167935,8.30210118131177,1.59604106411373,0.478354461,0.0,0.478354461,0.0,0.728922005345428,0.318877547979355,0.318902974,1.195886152,7.69147872924805,30.9886866699459,10.2,0.0,0,20.8609794628752,22.6382306477093,0
20117,KS,Marshall,14.0655627536234,4.15628648886543,1.2101676120126,0.601202405,0.100200401,0.801603206,0.100200401,1.01443490986496,0.300571084022522,0.501002004,1.503006012,7.91670846939087,30.2224969097651,9.8,0.100200401,0,21.0932094494415,23.089848769398,0
20119,KS,Meade,50.7163014972343,19.4816359620258,1.34974372855281,0.442575791,0.0,0.663863687,0.0,1.08052775250227,0.22128789126873,0.442575791,0.663863687,6.790687084198,38.7428571428572,9.4,0.221287896,0,17.1584699453552,29.0273224043716,0
20121,KS,Miami,10.6199803059634,2.74001779373689,1.65022083818111,0.091645028,0.0305483,0.427676799,0.0305483,0.467619281246167,0.152741715312004,0.54987017,0.610966855,10.8589181900024,28.1411018628617,8.5,0.091645028,1,13.0753042364352,26.9710556013054,0
20123,KS,Mitchell,22.0518168484309,6.33207198238189,1.93585849768625,0.318319274,0.0,0.795798186,0.0,0.786782061369001,0.159134313464165,0.795798186,1.11411746,5.68692779541016,29.5731707317073,10.1,0.159159637,0,21.0418954966264,21.4498666248235,0
20125,KS,Montgomery,11.34871082014,2.78493892948351,1.70036126585653,0.08626143,0.0287538,0.517568578,0.08626143,0.643276550876888,0.201259315013886,0.690091437,0.891368106,19.8060493469238,47.8488982161595,10.2,0.08626143,0,17.3550224126751,23.6784979278848,0
20127,KS,Morris,32.9594609961209,9.08700668911045,1.89628450990461,0.340947835,0.0,0.340947835,0.170473917,0.341646737273659,0.170532062649727,0.68189567,1.36379134,9.40170955657959,28.740581270183,10.8,0.170473917,0,22.3197703866284,21.4756035792673,0
20129,KS,Morton,26.1353197061788,6.43425225063461,1.27846241757929,0.31466331,0.0,1.258653241,0.0,0.631113916061849,0.31496062874794,0.31466331,1.573316551,9.66453647613525,44.9740034662045,9.5,0.0,0,16.9502010516548,27.0027837921435,0
20131,KS,Nemaha,15.1050734174493,4.97627859493288,3.16690979815784,0.79310003,0.0,0.396550015,0.198275007,0.641531780497434,0.297353565692902,0.198275007,1.090512541,5.22333717346191,19.980459208598,10.0,0.0,0,20.1316565140499,26.2035763411279,0
20133,KS,Neosho,24.7218974207108,8.83418558017339,0.960254575432733,0.364852539,0.0608088,0.547278808,0.0,0.843187451745297,0.304043769836426,0.304043782,0.547278808,18.6318702697754,46.5437788018433,10.0,0.0608088,0,17.3570736434109,24.7214147286822,0
20135,KS,Ness,26.9151317068592,6.41881222163025,0.734888821090638,0.641642605,0.0,0.320821303,0.0,0.651890482398957,0.64164263010025,0.641642605,1.28328521,5.08823204040527,31.547619047619,11.1,0.0,0,24.5574509172836,22.4010299324107,0
20137,KS,Norton,29.5152110507815,11.938360617773,0.80437542857675,0.353606789,0.0,0.707213579,0.176803395,1.18793062485151,0.530503988265991,0.530410184,0.884016973,5.8618221282959,31.25,9.0,0.0,0,18.6386880620702,19.9788397108094,0
20139,KS,Osage,11.6985124406684,4.32390735583738,1.66836183587955,0.183598531,0.0,0.611995104,0.0,0.867302688638335,0.24478305876255,0.305997552,0.795593635,12.801887512207,33.080372542256,9.0,0.0,1,17.0174900276158,24.835839214483,0
20141,KS,Osborne,23.1145097490572,10.3914872691366,1.38316179328559,0.78369906,0.0,0.78369906,0.0,0.788229111928534,0.521920680999756,0.0,1.828631139,8.73850154876709,40.7012195121951,11.0,0.0,0,25.2462415759461,21.0990150336962,0
20143,KS,Ottawa,28.4958407325533,7.13647463507631,0.717792606906348,0.164934851,0.0,0.329869701,0.0,0.329380764163373,0.16493484377861,0.164934851,0.824674254,7.64487934112549,26.2992125984252,9.4,0.0,0,17.5012313249056,25.4309637169594,0
20145,KS,Pawnee,16.9257321981816,4.88705683278225,0.70187910414615,0.143307538,0.0,0.286615076,0.143307538,0.613452655889146,0.143328070640564,0.573230152,0.71653769,7.1164870262146,42.9048414023372,9.7,0.0,0,17.4243510684067,21.9130933601033,0
20147,KS,Phillips,35.3519422811974,9.37272222006314,1.89250499410631,0.541418517,0.0,0.360945678,0.0,0.905961224859576,0.360880553722382,0.721891355,0.902364194,8.20958614349365,35.7497517378352,10.8,0.0,0,20.2056008507621,24.228996809642,0
20149,KS,Pottawatomie,19.2281644262829,5.86643728918723,1.23012500452059,0.272380607,0.0,0.453967678,0.090793536,0.418497593638837,0.227025061845779,0.40857091,0.590157981,6.85861825942993,23.8903783139708,8.3,0.0,1,12.3125347157934,29.6750601740418,0
20151,KS,Pratt,22.9992869472964,5.75868096307144,0.954153945332975,0.414765657,0.103691414,0.414765657,0.103691414,0.719572368421053,0.207425847649574,0.933222729,1.036914144,7.78369522094727,33.1407942238267,9.5,0.0,0,18.8690969345485,22.8355426677713,0
20153,KS,Rawlins,35.6805740124671,12.1708310051203,1.5334420768919,0.797766254,0.0,0.797766254,0.0,1.171875,0.39872407913208,0.0,1.196649382,4.91955852508545,31.3291139240506,11.0,0.0,0,26.6772528781262,18.856689162366,0
20155,KS,Reno,26.9216503580977,8.86593977535036,2.47697236245252,0.170741172,0.0155219,0.450135817,0.0620877,0.660841946263592,0.0776156485080719,0.838183935,0.589833139,15.8978595733643,41.8335196666328,10.1,0.077609624,0,17.04205484336,23.6176776053696,0
20157,KS,Republic,25.5924579792253,8.36006684890135,2.68303807015011,0.408914332,0.0,0.613371499,0.0,0.617538081515027,0.20445716381073,0.408914332,1.226742997,7.06390333175659,35.969387755102,11.1,0.204457166,0,27.0481927710843,19.3172690763052,0
20159,KS,Rice,18.7076729400569,6.45786585639423,1.39249055504374,0.39607882,0.0,0.59411823,0.0,1.09330662660658,0.29717680811882,0.792157639,0.693137934,11.4235210418701,43.5083669936526,9.3,0.0,0,17.861747495785,23.8916988991372,0
20161,KS,Riley,50.4276866559738,21.7415822981403,2.91774397698879,0.081799591,0.0136333,0.408997955,0.068166326,0.293567127544984,0.0544818080961704,0.695296524,0.572597137,5.35904979705811,23.0857142857143,6.4,0.0408998,1,7.32334950432398,18.5164873795964,0
20163,KS,Rooks,14.4800451234238,5.57489939211953,0.621405280838803,0.577145056,0.0,0.577145056,0.0,0.765843385027762,0.38468936085701,0.769526741,1.539053482,8.79798126220703,31.0497237569061,9.9,0.0,0,19.7645242231229,23.6247828604517,0
20165,KS,Rush,99.9999997963163,38.8208602862585,3.9360681186723,0.0,0.0,0.622858922,0.0,0.31055900621118,0.622858941555023,0.622858922,1.245717845,9.37467575073242,34.9693251533742,10.7,0.0,0,24.0701542183248,19.3831267009374,0
20167,KS,Russell,24.8582262282974,9.35154825703874,2.91877053472564,0.429245958,0.0,0.572327944,0.0,0.575871004894904,0.286368846893311,0.572327944,1.001573902,11.2509536743164,38.8,10.6,0.0,0,22.7833572453372,21.2769010043042,0
20169,KS,Saline,20.5310883063793,5.09534371626609,0.883106527786148,0.107482579,0.0358275,0.394102789,0.071655053,0.654902240956395,0.0896410793066025,1.021084499,0.519499131,15.297755241394,42.2756371542457,8.7,0.107482579,0,14.3905333956767,25.0620436643528,0
20171,KS,Scott,9.08101352949868,1.08151700980855,0.0125595234778093,0.406256348,0.0,0.406256348,0.0,1.14779555735602,0.408830732107163,0.812512696,0.812512696,7.38051414489746,38.3759733036708,9.7,0.203128174,0,18.2333873581848,25.0405186385737,0
20173,KS,Sedgwick,29.1052933266247,9.41203432174707,1.58728558942667,0.123772753,0.0219597,0.251538176,0.069871716,0.592557752467971,0.0798428729176521,0.836464252,0.684742812,20.3050117492676,47.6250197864283,9.3,0.073864385,1,11.4311799584642,27.1640263662175,0
20175,KS,Seward,43.3903496030936,22.2522719266884,2.39546962317775,0.129516902,0.0431723,0.172689203,0.0,0.509619059752835,0.129645630717278,0.561239908,0.69075681,14.0064105987549,65.326351224986,7.5,0.0431723,0,8.48727779714186,31.957999302893,0
20177,KS,Shawnee,26.8781717790507,9.69903444680449,1.89568239900416,0.156514643,0.0223592,0.346568137,0.078257321,0.553100435217413,0.0894214436411858,0.79375283,0.581340101,18.3070392608643,43.072625698324,9.5,0.072667513,1,14.3941011835849,24.8243730821541,0
20179,KS,Sheridan,98.6399409005352,36.5387476804846,3.49700106790258,0.799680128,0.0,1.199520192,0.0,1.14919884423431,0.39984005689621,0.399840064,0.799680128,3.6799144744873,26.0504201680672,10.6,0.0,0,22.0266040688576,23.5915492957746,0
20181,KS,Sherman,71.5845472514343,27.7213410495564,5.84271831461158,0.0,0.165180046,0.495540139,0.165180046,0.477125252194776,0.165207341313362,1.156260324,1.486620416,12.4843435287476,37.1111111111111,10.2,0.165180046,0,19.0515806988353,22.4625623960067,0
20183,KS,Smith,38.7746071315217,12.499606711325,1.62581028957243,0.791347929,0.0,0.791347929,0.0,1.32802124833997,0.52756530046463,0.263782643,1.318913216,7.23865365982056,31.9727891156463,11.1,0.0,0,26.4209706722035,20.0882429275889,0
20185,KS,Stafford,30.5204076796502,10.2559092810547,2.9427262206149,0.456412597,0.0,0.228206298,0.0,0.688389169343736,0.456620991230011,0.0,1.369237791,8.08057594299316,44.1111111111111,10.6,0.0,0,20.9601081812035,23.3716475095785,0
20187,KS,Stanton,10.5422134551001,4.06847559694778,0.403725951670832,0.452079566,0.0,0.0,0.0,0.459770114942529,0.452284038066864,0.452079566,1.356238698,8.58867263793945,43.3070866141732,9.7,0.0,0,15.5704697986577,29.082774049217,0
20189,KS,Stevens,18.2374502832835,7.42318762667664,0.0327450747010548,0.177399326,0.0,0.177399326,0.0,0.622538800092657,0.177619889378548,0.709597304,1.064395955,6.12723779678345,42.3590504451039,9.4,0.0,0,13.1376659678546,30.5904961565339,0
20191,KS,Sumner,24.6156165912067,7.86555838707575,2.55443489178129,0.210216523,0.0420433,0.588606264,0.0420433,0.630086452085269,0.210234194993973,0.54656296,0.462476351,12.6648330688477,34.7890451517395,9.6,0.0,1,15.6887120835405,26.1644289739765,0
20193,KS,Thomas,47.0308291781228,14.8838763109124,4.12828674180523,0.125960448,0.125960448,0.377881345,0.0,0.871007010032322,0.251920908689499,1.133644036,1.007683587,6.77720355987549,31.1699402220324,9.1,0.125960448,0,15.3924050632911,23.3417721518987,0
20195,KS,Trego,17.9575049603053,7.63258923024192,0.22954069269863,0.338638673,0.0,1.35455469,0.0,0.669792364367046,0.338638663291931,1.015916018,0.677277345,6.37538242340088,20.6896551724138,10.4,0.0,0,23.4255248250583,19.9600133288904,0
20197,KS,Wabaunsee,66.5630117735092,19.2283262982125,3.25999155510463,0.284454558,0.0,0.426681838,0.0,0.509068522990955,,0.284454558,0.853363675,5.75987386703491,22.4121557454891,8.9,0.142227279,1,15.7521622004821,25.4076279597334,0
20199,KS,Wallace,32.7766151578427,12.2423913477063,0.570414620223713,0.655737705,0.0,0.0,0.0,0.659195781147001,0.655737698078156,0.0,0.0,5.41694021224976,30.5031446540881,10.8,0.0,0,20.4040404040404,25.1851851851852,0
20201,KS,Washington,47.0052620133466,17.4796105748319,3.04259006171317,0.859254167,0.0,1.202955834,0.171850833,0.853884450619428,0.687521457672119,0.0,1.202955834,5.425612449646,26.1933904528764,10.5,0.0,0,23.1591653733402,22.9005000862218,0
20203,KS,Wichita,99.9999999261285,30.6836297756042,1.49248248375357,0.443066017,0.0,0.443066017,0.0,0.664893617021277,0.442869782447815,0.443066017,0.886132034,5.83744955062866,44.2013129102845,10.0,0.0,0,17.9498657117278,27.2157564905998,0
20205,KS,Wilson,10.8379405530506,4.65034924887329,2.07699079659604,0.216403376,0.0,1.082016879,0.0,1.20812740252608,0.21642678976059,0.54100844,1.298420255,17.9837055206299,43.0164319248826,10.2,0.0,0,19.2687852056542,24.3702837708577,0
20207,KS,Woodson,2.03820788606176,0.943283083329239,3.59732653233603,0.0,0.0,0.903070439,0.0,2.7709985763677,0.300932884216309,0.30102348,1.204093919,13.9440202713013,43.7768240343348,10.6,0.0,0,22.6654578422484,19.8851616802659,0
20209,KS,Wyandotte,30.9516644440966,13.5610315995826,2.87671094493431,0.145549354,0.00632823,0.360709268,0.094923492,0.858318303598548,0.113909631967545,0.639151511,0.499930389,27.5765914916992,68.675795888348,10.9,0.0316412,1,10.6695025554744,28.2118027999111,0
21001,KY,Adair,8.58326226185501,4.44402829313907,4.21383595591466,0.210703751,0.0,0.526759376,0.0,1.13788487282463,0.263282597064972,0.421407501,0.579435314,20.7133674621582,51.8217054263566,12.9,0.0526759,0,15.3248284734134,22.545025728988,0
21003,KY,Allen,1.23390193886737,0.516149936450536,4.0763045421407,0.198206234,0.0,0.495515584,0.0,0.78344054098631,0.14858840405941,0.29730935,0.29730935,23.1195545196533,49.1980360065466,11.2,0.0495516,1,14.6873120865905,24.4888755261575,0
21005,KY,Anderson,26.0760047087488,5.79319554191256,1.64288330267639,0.0464641,0.0464641,0.650497166,0.0,0.598306332842415,0.139204680919647,0.464640833,0.604033082,18.034969329834,37.1177944862155,10.4,0.0,0,12.0395873208534,25.423649689557,0
21007,KY,Ballard,6.04401130767099,2.55009058609481,6.31252899109217,0.241837969,0.0,0.967351874,0.0,0.820032801312053,0.36280083656311,0.120918984,0.725513906,19.2949638366699,47.0547945205479,11.9,0.0,0,17.5778882288762,22.1602618499212,0
21009,KY,Barren,7.74396640192884,3.0726811938812,2.67728816731311,0.236272564,0.0236273,0.685190436,0.0236273,1.09466507158328,0.259869128465652,0.732444948,0.708817692,23.4664096832275,49.6513058936141,12.3,0.0472545,0,15.4127048111351,24.2240295923932,0
21011,KY,Bath,0.133964019919062,0.0696682235911892,4.27101555580733,0.341471743,0.0,0.939047294,0.0,1.14387391967463,0.426839679479599,0.426839679,0.256103807,37.2138748168945,68.5365853658537,12.5,0.0,0,14.718315934777,24.7260805797602,1
21013,KY,Bell,20.7957758973064,12.5955414741327,9.34372483084288,0.209380235,0.0348967,0.209380235,0.0348967,1.28919324888526,0.523432314395905,0.872417644,0.418760469,48.173999786377,72.3506937462296,13.9,0.069793412,0,15.7122442577812,21.7106409675508,1
21015,KY,Boone,33.8669031287086,4.63298213670196,1.14961059733857,0.106987079,0.0246893,0.337420788,0.0411489,0.585893152551169,0.148093298077583,0.929964612,0.839437083,11.8712701797485,25.364263803681,8.6,0.090527529,1,9.52184562035502,28.2625346137984,0
21017,KY,Bourbon,7.53093716095221,2.61535453885884,2.21022201094363,0.150127608,0.0500425,0.65055297,0.0,0.946874895718624,0.24931438267231,0.800680578,0.400340289,22.8380832672119,52.1810699588477,12.9,0.0,1,15.2564423317488,24.0830622967225,0
21019,KY,Boyd,26.2839339404392,10.9521217512837,2.48738473800262,0.182123561,0.0404719,0.68802234,0.101179756,0.998359233043148,0.141645923256874,1.092741364,0.586842585,27.1810855865479,47.0130591831064,14.3,0.080943805,1,16.6363893262283,21.3818578176093,0
21021,KY,Boyle,23.5595938889097,10.1249104029652,2.83354397454283,0.243393602,0.0347705,0.556328234,0.0347705,0.814199641752158,0.208362266421318,0.730180807,0.869262865,20.7369956970215,41.6196265740339,11.6,0.104311544,0,16.2070906021384,21.6586944288126,0
21023,KY,Bracken,0.563983642223921,0.217968168550673,5.63586443509427,0.235155791,0.0,0.705467372,0.0,1.08900400282552,0.352485030889511,0.235155791,0.705467372,30.3415775299072,46.957671957672,12.0,0.0,1,13.6545711592837,25.3534401508011,0
21025,KY,Breathitt,6.67374178944328,3.44258837979983,9.80570004465056,0.362713094,0.0,0.652883569,0.0,1.60127123823493,0.725058019161224,0.290170475,0.217627856,53.8776206970215,73.6389684813754,15.7,0.0,0,13.4457414613057,23.2021905173656,1
21027,KY,Breckinridge,9.77924536442126,4.184392980923,4.70387153139882,0.197404136,0.0,0.641563441,0.0,1.29955325261987,0.197316497564316,0.197404136,0.542861373,26.2513294219971,50.2265372168285,11.1,0.0,0,15.6089535869186,24.178672914901,0
21029,KY,Bullitt,25.4817925500128,7.15889197802107,1.88962018900863,0.079777686,0.0,0.412184712,0.0132963,0.614876497663469,0.0797882974147797,0.545147522,0.319110745,16.1826362609863,38.8021440223724,10.0,0.106370248,1,11.1505806052288,25.2734832277076,0
21031,KY,Butler,11.7292263654325,5.01242796806406,4.30733539495304,0.236034618,0.0,0.550747443,0.0,1.35643821391485,0.314539581537247,0.472069237,0.314712825,27.4133148193359,48.9292364990689,11.8,0.0,1,15.7998423955871,23.0575256107171,0
21033,KY,Caldwell,11.5280501826236,5.08275632362241,2.10504846224956,0.307219662,0.0,0.537634409,0.0,1.19185671949491,0.460617214441299,0.614439324,0.921658986,23.9323482513428,54.6218487394958,12.4,0.0,0,17.8219346888478,22.2196549599507,0
21035,KY,Calloway,15.4710645530923,5.26173480919959,2.56893636794478,0.106227593,0.0265569,0.478024167,0.0265569,0.646217855087859,0.132738664746284,0.849820741,0.929491435,13.9024047851563,43.2128166269755,10.4,0.079670694,0,15.1111828130462,18.0473770535882,0
21037,KY,Campbell,30.8844222402335,6.30435999912957,1.54198374440466,0.186683944,0.0109814,0.472200564,0.0329442,0.782842727446063,0.186681896448135,0.713791551,0.812624227,16.7827453613281,40.4496310279732,9.9,0.120795493,1,12.7933492738222,22.8037548707049,0
21039,KY,Carlisle,6.74569745880807,2.11466469215102,4.39502148983143,0.198373339,0.0,0.595120016,0.0,1.75473447225533,1.19142174720764,0.198373339,0.595120016,18.9085369110107,49.7607655502392,12.3,0.0,0,18.9067398119122,22.6097178683386,0
21041,KY,Carroll,37.8327539865982,17.0419210948665,8.19449332425297,0.273448182,0.091149394,0.729195151,0.0,1.36850152905199,0.272826492786407,1.002643332,0.638045757,26.298791885376,58.7900723888314,11.3,0.0,0,12.9035241883267,25.1410600314495,0
21043,KY,Carter,4.3876688787,1.7009832111097,4.62838062626981,0.39820446,0.0,0.687807703,0.0,1.26761250060943,0.398117989301682,0.687807703,0.39820446,36.494327545166,53.508411981945,10.4,0.072400811,0,14.8593073593074,23.4632034632035,0
21045,KY,Casey,6.06624582924834,3.62197983333094,5.71970574918468,0.565859793,0.0,0.754479723,0.0,1.36798905608755,0.565646409988403,0.188619931,0.314366551,29.6708889007568,61.8636755823986,14.1,0.06287331,0,16.1266060795989,23.5976183014729,1
21047,KY,Christian,20.5137786140599,8.58326721817573,2.64049384236938,0.190561749,0.0272231,0.27223107,0.0136116,0.768955413843849,0.163325309753418,0.680577674,0.462792819,24.2800636291504,59.5414917662254,11.5,0.0408347,1,10.2670542897708,28.4970590223785,0
21049,KY,Clark,10.528033308774,2.73279158449841,1.20629116979684,0.112873187,0.0282183,0.592584232,0.0564366,1.1037527593819,0.225752741098404,0.846548902,0.479711045,28.3116207122803,49.5621716287215,11.1,0.0564366,1,14.1689832364586,23.4998455620139,0
21051,KY,Clay,13.336984528118,7.24944713569949,8.96732731247901,0.231524356,0.0,0.555658455,0.0,1.56182346755737,0.740946531295776,0.416743841,0.185219485,53.7320938110352,65.6882302650328,11.8,0.0,0,12.0662678324896,21.9604233778187,1
21053,KY,Clinton,1.59784936197367,1.02325823648846,5.98499152046551,0.196908536,0.0,0.787634144,0.0,1.70960946362016,0.295304656028748,0.393817072,0.49227134,32.8577919006348,57.1428571428571,12.4,0.098454268,0,16.5790498442368,23.8609813084112,1
21055,KY,Crittenden,0.0,0.0,6.40393180933727,0.216262976,0.0,0.324394464,0.0,0.691451149425287,0.324359387159348,0.648788927,0.648788927,16.7244930267334,43.1665421956684,10.7,0.0,0,18.1105743424584,22.6516371443908,0
21057,KY,Cumberland,1.98378026048194,1.26278021085718,4.67114363781492,0.290866783,0.0,1.163467132,0.0,1.4909321992472,0.582241654396057,0.436300175,0.872600349,28.9189968109131,59.7087378640777,13.0,0.0,0,19.0927654609102,22.2287047841307,1
21059,KY,Daviess,17.9613656893997,4.36969573680762,1.24886494875397,0.154344806,0.030869,0.596799918,0.030869,1.02370708010125,0.123483471572399,0.782013685,0.596799918,21.3052177429199,50.9494897300091,11.8,0.08231723,1,14.6064393312366,24.4216603211389,0
21061,KY,Edmonson,2.15798934108267,0.799148795253448,3.72383571414736,0.245639892,0.0,0.655039712,0.0,1.24264766796454,0.327064603567123,0.163759928,0.573159748,23.8538818359375,46.5733590733591,12.9,0.0,1,16.6351451360908,21.8485321930762,0
21063,KY,Elliott,0.199615639364949,0.133398536132992,10.9944214863999,0.12848516,0.0,0.25697032,0.0,1.17823479005998,0.514072716236115,0.25697032,0.12848516,37.6713829040527,71.131221719457,12.1,0.0,0,14.4421803362201,20.3769740193581,1
21065,KY,Estill,12.4030984434844,6.26504699551947,10.6977803933057,0.273074823,0.0,0.341343528,0.0,1.56397341245199,0.545888781547546,0.477880939,0.477880939,45.5491180419922,61.4166996438465,12.4,0.0,0,15.3148854961832,22.7576335877863,1
21067,KY,Fayette,15.4411513994309,5.87505492860028,1.5427308980708,0.195773938,0.0199092,0.434684505,0.0597276,0.698333928008319,0.145822837948799,0.932414855,0.832868785,16.255163192749,42.1446515932831,9.7,0.122773486,1,10.5266004739641,21.17388937908,0
21069,KY,Fleming,5.89932964818952,3.02841967780989,7.70126509910873,0.275957227,0.0,0.82787168,0.068989307,1.72847985347985,0.48322519659996,0.275957227,0.137978613,25.6114902496338,50.5376344086022,10.5,0.137978613,0,14.7616392528575,24.4354613883468,0
21071,KY,Floyd,4.26139940669795,2.4150128324117,8.08512497028014,0.377339505,0.0,0.628899175,0.0,1.4591731067122,0.477927297353745,0.704367076,0.352183538,45.7036628723145,67.6143790849673,13.5,0.0,0,13.5636612506654,22.4937263947682,1
21073,KY,Franklin,23.1294362408153,7.98274549565482,1.42835103921147,0.101432223,0.0202864,0.48687467,0.0608593,0.928640269857843,0.162196129560471,0.811457784,0.770884895,23.3036556243897,42.7177395863676,10.9,0.101432223,0,13.9636806330527,21.6394440499138,0
21075,KY,Fulton,0.0458573463073382,0.0225191247999027,2.96024280667802,0.296515938,0.0,0.593031875,0.0,1.60919540229885,0.741289854049683,0.889547813,0.889547813,39.1335258483887,80.4004214963119,12.5,0.0,0,17.9509760751505,20.0792602377807,1
21077,KY,Gallatin,0.0,0.0,4.41349922778611,0.116171004,0.0,1.045539033,0.232342007,0.914022880056611,0.580315709114075,0.348513011,0.348513011,29.4439239501953,62.8537025888019,11.0,0.0,1,11.3983001513564,26.8133659331703,0
21079,KY,Garrard,22.690372640973,12.0010453992015,4.90244142821084,0.0,0.0,0.533333333,0.0,0.763712331736928,0.118553645908833,0.296296296,0.296296296,25.3080253601074,51.4424878231547,12.1,0.0,0,14.5636234626301,23.143330179754,0
21081,KY,Grant,17.6019997836998,8.3608384395858,3.1145337107438,0.080781969,0.040391,0.807819695,0.0,1.04826083997005,0.282748311758041,0.646255756,0.646255756,33.351016998291,50.1491265445249,9.5,0.080781969,1,10.7371664909578,28.0715270456573,0
21083,KY,Graves,12.3315132411843,4.47076838466849,2.89327048363384,0.106473595,0.0266184,0.532367973,0.0266184,0.754670075999716,0.159582957625389,0.505749574,0.612223169,22.3815612792969,54.3233380929716,11.7,0.0532368,0,16.553972145147,24.3851189353735,0
21085,KY,Grayson,22.849108541306,10.9953021430888,5.49574577706658,0.194159677,0.0388319,1.048462255,0.0,1.54380424177066,0.388274133205414,0.50481516,0.388319354,29.9873371124268,56.25,12.4,0.0,0,15.0858385768663,23.8639011885341,0
21087,KY,Green,6.4870431728241,3.78526973724146,4.8295277719965,0.178699071,0.0,0.536097212,0.089349535,1.29621446457505,0.267689824104309,0.446747677,0.357398142,23.5256748199463,50.899593731863,12.0,0.0,0,17.2854858767099,22.6416770296678,0
21089,KY,Greenup,24.008395481884,8.05987381126527,3.40434146008387,0.162915094,0.0,0.570202829,0.054305,0.987550058571935,0.244458928704262,0.434440251,0.217220125,23.3277893066406,41.0078892287876,13.5,0.0271525,1,17.0360335952316,22.5548631807098,0
21091,KY,Hancock,0.353681701591073,0.140873219610973,3.36500454418198,0.0,0.0,0.698567936,0.0,0.691483231531635,0.349243313074112,0.349283968,0.349283968,19.6883792877197,40.034965034965,10.8,0.0,1,13.9638061879743,25.9778166958552,0
21093,KY,Hardin,23.1669959041176,8.24826352919962,1.9437929700299,0.130258004,0.0279124,0.4745113,0.0465207,0.792649692439461,0.130222871899605,0.707114878,0.567552731,27.299129486084,37.5425195440711,12.1,0.093041431,1,10.9983608576599,25.9761424253622,0
21095,KY,Harlan,17.3729262554588,9.92041715252152,7.18861980795054,0.343406593,0.0,0.412087912,0.0,1.6116035455278,0.515092194080353,0.652472527,0.240384615,46.7571105957031,61.6718628215121,14.5,0.0,0,14.2735159505431,22.8328437734818,1
21097,KY,Harrison,7.84563117987769,3.50407021447903,2.18620997828268,0.267580006,0.053516,0.42812801,0.0,0.747243699885453,0.321147561073303,0.42812801,0.642192015,25.5824375152588,48.109517601043,11.8,0.053516,0,14.9209381301072,24.3075453677173,0
21099,KY,Hart,9.44829004800451,4.31201656816295,6.45091402642967,0.327994315,0.0,0.765320068,0.0,1.47918254746089,0.328101933002472,0.327994315,0.65598863,26.2669353485107,54.2939274164571,10.8,0.0,0,14.907412495192,24.9738996648168,1
21101,KY,Henderson,9.7461728212584,3.07496772359656,1.94373168610715,0.172685475,0.0215857,0.539642109,0.0215857,0.885057224145221,0.172637030482292,0.755498953,0.561227794,23.2109775543213,49.006254343294,12.4,0.086342737,1,14.1643243243243,23.5027027027027,0
21103,KY,Henry,8.31302237841846,2.75140758646772,4.44851913824659,0.195185426,0.0,0.650618087,0.0,0.913957435696566,0.130064383149147,0.390370852,0.390370852,21.9724655151367,47.8638416116707,12.2,0.0,1,14.2060197197717,24.7989102231448,0
21105,KY,Hickman,3.24365084129117,1.24465671287425,8.68496938098427,0.418322527,0.209161263,0.836645053,0.0,0.841396718552798,0.209161266684532,0.209161263,0.209161263,22.4216823577881,38.7654320987654,12.9,0.0,0,20.7874337005304,21.5014279885761,0
21107,KY,Hopkins,16.6424501215565,6.00877303314798,2.82433688596305,0.19212706,0.0213475,0.533686278,0.0213475,1.06668379068739,0.170772314071655,0.533686278,0.683118436,25.7513027191162,48.8800205973224,11.0,0.064042353,0,15.4390451832907,23.2118499573743,0
21109,KY,Jackson,0.189766906801713,0.138540472838462,8.07538822829409,0.149387511,0.0,0.821631312,0.0,1.34398519740955,0.672444701194763,0.298775022,0.373468778,42.7621688842773,75.0,11.1,0.0,0,13.798725359419,23.5808507484808,1
21111,KY,Jefferson,17.7529384010683,4.56731431761582,1.04493912481367,0.195622085,0.0187583,0.344348465,0.054935,0.811881460645226,0.170147314667702,0.874939873,0.716834352,23.7821140289307,56.3095274631966,11.9,0.095131288,1,13.3714120707709,23.1828265164027,0
21113,KY,Jessamine,8.92876737598294,2.28625355141975,1.08027770981296,0.102259945,0.040904,0.38858779,0.061356,0.696752963298748,0.184037789702415,0.613559669,0.552203702,21.1159400939941,45.5413601755065,11.8,0.061356,1,11.3077841353476,25.8284279422056,0
21115,KY,Johnson,9.93547035702158,4.66299401015902,5.97697942792977,0.08540439,0.0427022,0.555128534,0.0,1.3970263296697,0.298902601003647,0.725937313,0.597830728,39.0984306335449,50.8532423208191,12.2,0.08540439,0,14.1334132556945,22.4738825141291,1
21117,KY,Kenton,32.6663089869697,6.51294988836708,1.41204285112898,0.149618473,0.0062341,0.386514388,0.062341,0.741033902043357,0.187149092555046,0.461323625,0.679517231,20.0186996459961,39.6328817897013,9.9,0.137150267,1,11.1776859504132,25.0100175306787,0
21119,KY,Knott,0.300769786270992,0.16305153729325,10.6723149104893,0.245534344,0.0,0.675219446,0.0,1.64351277598611,0.735429286956787,0.245534344,0.0613836,42.9755401611328,63.3294071456616,14.3,0.0,0,13.3549492230515,21.6322035972103,1
21121,KY,Knox,5.31727777764931,3.40924501689198,8.19197786016853,0.250964645,0.0,0.313705807,0.0313706,1.45475552754582,0.878238499164581,0.752893936,0.376446968,50.8777236938477,63.1992810604359,12.2,0.0,0,14.5845748518019,24.6620456042405,1
21123,KY,Larue,1.48734041677676,0.628844746085512,1.43767951810596,0.281908521,0.0,0.493339911,0.07047713,1.00699597201611,0.140974134206772,0.634294172,0.352385651,23.7773513793945,46.9396195202647,12.6,0.14095426,1,15.5992390615092,23.7793278376665,0
21125,KY,Laurel,11.1080440659615,4.89351555199997,4.63072880185265,0.235980245,0.0337115,0.573094881,0.0,1.20104716737861,0.303244709968567,0.707940735,0.522527686,31.6422882080078,51.1125443405353,13.9,0.067422927,0,12.8753249842818,24.3181702322894,1
21127,KY,Lawrence,11.1913084970938,6.44802994311684,4.07514724845307,0.18818216,0.062727387,0.752728641,0.0,1.44602894161198,0.501787602901459,0.564546481,0.250909547,40.1358833312988,59.8256735340729,11.7,0.0,0,14.1551071878941,23.2093316519546,1
21129,KY,Lee,0.0163278546547643,0.00639208601220001,8.47021252491959,0.129701686,0.0,0.778210117,0.0,1.9897915044554,0.778412044048309,0.389105058,0.0,48.6880264282227,70.1957295373666,12.4,0.0,0,13.2242931406111,19.5004437682262,1
21131,KY,Leslie,3.74386207212103,1.87781381376471,10.0553886035576,0.266975171,0.0,0.533950343,0.0,2.04416592062071,1.42386758327484,0.177983448,0.0,46.9362411499023,55.8189655172414,14.0,0.0,0,14.1732979664014,21.3793103448276,1
21133,KY,Letcher,0.0,0.0,10.4836219549743,0.205060903,0.0,0.410121806,0.0,1.43690158093966,0.451282054185867,0.65619489,0.205060903,40.809741973877,60.4161380360315,15.2,0.0,0,14.1767608793181,22.1460907867368,1
21135,KY,Lewis,1.11075594527952,0.814690652189185,7.00132421256273,0.362502719,0.0,0.942507069,0.0,1.52391278159258,0.651984930038452,0.145001088,0.217501631,44.4549407958984,63.8279932546374,11.7,0.0,0,14.7296322999279,23.8500360490267,1
21137,KY,Lincoln,7.77792158829868,4.14274189742765,5.34753621063202,0.282976917,0.0404253,0.485103287,0.0,1.00159437471894,0.404547095298767,0.363827465,0.161701096,29.8818111419678,62.0953792933037,11.5,0.0404253,0,14.8734944628567,24.6544337563657,1
21139,KY,Livingston,1.4152973647081,0.773916784789507,2.23409493137583,0.42091971,0.0,0.736609492,0.105229927,1.46803919487778,0.420919716358185,0.42091971,0.315689782,20.6898384094238,51.6810007818608,12.1,0.0,0,18.1216514339742,20.5168610148125,0
21141,KY,Logan,2.81036173329791,1.1995527504198,3.81742297277156,0.1490924,0.0372731,0.5590965,0.0372731,0.803747904626085,0.186247482895851,0.4845503,0.6709158,23.3112449645996,45.878889823381,11.6,0.0,0,15.6586547419415,24.5500279485746,0
21143,KY,Lyon,1.66478740839412,0.298452810896398,3.674470006822,0.118553646,0.0,0.355660937,0.0,0.409132638805732,0.118539594113827,0.474214582,0.829875519,13.3250484466553,37.2368421052632,11.8,0.0,0,20.9526100553284,15.4318017801299,0
21145,KY,McCracken,22.0286957736716,7.60683021087008,2.44691230446112,0.13671786,0.0455726,0.607634933,0.09114524,0.873392423988161,0.227876946330071,1.169697246,1.108933753,21.3859806060791,46.3503281171126,11.6,0.167099607,0,16.7787691603752,22.4296499656829,0
21147,KY,McCreary,4.73290663135245,3.46720085108468,8.04952830031308,0.21873462,0.0,0.765571171,0.0,1.46660025457967,0.546866476535797,0.492152895,0.273418275,46.5363159179688,70.4610492845787,12.9,0.0,0,12.2855894242325,22.4898940238173,1
21149,KY,McLean,0.0301550292117691,0.0133547098473084,2.9029624476221,0.315723006,0.0,0.631446011,0.0,1.47275405007364,0.420565664768219,0.631446011,0.841928015,22.7432384490967,46.1864406779661,13.4,0.0,1,16.9027384324835,23.3448746196622,0
21151,KY,Madison,9.59791325962507,3.60257831580032,1.970731703023,0.094373009,0.0353899,0.578034682,0.0235933,0.913083134794266,0.153345286846161,0.684204318,0.448271794,22.0068702697754,41.9926500612495,9.4,0.15335614,0,11.2306430604467,21.5278112788847,0
21153,KY,Magoffin,0.800383519921188,0.477798683347484,8.36686798092971,0.151251607,0.0,0.756258035,0.0,1.91064079952969,0.831946730613709,0.378129018,0.226877411,51.7294158935547,90.3690369036904,11.6,0.0,0,12.9078226955674,23.9555988899722,1
21155,KY,Marion,2.36139384795782,0.922040301645525,3.29552935287797,0.150120096,0.05004,0.50040032,0.0,0.846192135390742,0.300075024366379,0.550440352,0.600480384,25.4338798522949,48.2726423902895,11.2,0.0,0,13.0171543895056,24.6619576185671,0
21157,KY,Marshall,3.36870533012681,1.07736061001453,2.07953223447111,0.287953927,0.0319949,0.319948808,0.0,0.688595371788327,0.223942667245865,0.703887378,0.927851544,17.5491924285889,40.8070825612518,10.5,0.127979523,0,19.2889849910964,20.7962350546935,0
21159,KY,Martin,0.298623013714013,0.147171086540794,9.35474078333151,0.233517553,0.0,1.323266132,0.0,1.73297758246357,0.466962397098541,0.54487429,0.311356737,45.5710754394531,61.090573012939,11.8,0.077839184,0,11.2305669425323,21.3318895506226,1
21161,KY,Mason,12.4421516565702,5.10325728802761,4.07857345472412,0.284932756,0.0569866,1.025757921,0.0569866,1.67980051774022,0.170959651470184,0.911784819,0.569865512,30.6673545837402,52.5524475524476,12.1,0.113973102,0,15.1229273870783,24.3853630646084,0
21163,KY,Meade,14.3238260698541,6.98255704025607,2.8423006377487,0.101177026,0.0,0.708239182,0.0,0.664112825073252,0.134939104318619,0.303531078,0.236079727,15.5395708084106,38.5808452888717,11.3,0.067451351,1,10.4013705335291,27.2883015173764,0
21165,KY,Menifee,0.0,0.0,5.75234455882131,0.311817898,0.0,0.935453695,0.0,1.64790996784566,0.779666304588318,0.155908949,0.155908949,40.8971328735352,62.2475856014047,13.6,0.0,0,15.9372026641294,23.2159847764034,1
21167,KY,Mercer,18.3095359317544,6.81926605811303,3.31750377559248,0.328962827,0.0469947,0.375957517,0.0,0.721195302823636,0.281941652297974,0.751915034,0.657925654,22.7589073181152,41.1600669269381,13.0,0.0469947,0,15.915803290985,23.6182082415264,0
21169,KY,Metcalfe,0.796346796524704,0.430863871141576,3.79993906022476,0.19896538,0.0,0.59689614,0.0,1.27896479085164,0.198807150125504,0.19896538,0.59689614,29.2297916412354,62.0215311004785,11.5,0.0,0,16.2788394890583,23.9528666204575,0
21171,KY,Monroe,4.05631877715121,2.53443798966531,7.18951795394207,0.366535325,0.091633831,0.458169156,0.091633831,1.04734620953085,0.549450576305389,0.549802987,0.916338312,32.9950790405273,58.395615346288,10.8,0.183267662,0,17.1485907142206,23.2235701906412,1
21173,KY,Montgomery,21.7015524390346,10.1390707018103,6.85765140899162,0.186901914,0.0373804,0.67284689,0.0373804,1.25765122791366,0.261604011058807,0.67284689,0.411184211,26.3632984161377,50.8968136737708,12.1,0.149521531,0,12.8042567644062,24.5292275180195,0
21175,KY,Morgan,10.1313253340792,4.80042778624665,6.926750071013,0.218642956,0.0,0.510166897,0.072880985,1.51814457126134,0.728756725788117,0.437285912,0.145761971,34.1695594787598,63.3492822966507,11.6,0.072880985,0,13.0000718236012,20.3979027508439,1
21177,KY,Muhlenberg,4.46410651335379,1.75860735431207,3.04148234029467,0.222031909,0.0317188,0.602658039,0.0317188,0.884619907422255,0.190294951200485,0.666095727,0.602658039,23.440486907959,48.8736158839252,12.2,0.0317188,0,16.2227372297533,21.6546557033557,0
21179,KY,Nelson,14.3583696406834,4.49175702163973,1.86320289873987,0.090785293,0.0226963,0.612800726,0.090785293,0.881864061313056,0.113466165959835,0.544711757,0.56740808,20.3515205383301,44.6428571428571,10.5,0.136177939,0,11.7342357897645,25.9801551672537,0
21181,KY,Nicholas,0.590971650137972,0.187689477370657,4.76953317739406,0.423370025,0.0,0.282246684,0.0,1.16666666666667,0.141083523631096,0.0,0.705616709,29.216609954834,53.6565324568611,12.2,0.0,0,15.5571128241065,24.1625788367204,0
21183,KY,Ohio,10.3131425894558,4.51509255689216,5.38622374437447,0.083427189,0.0417136,0.583990322,0.0,1.06957424714434,0.125072956085205,0.458849539,0.417135945,24.9066486358643,55.0428643469491,13.0,0.0417136,0,15.4433352906635,24.8888516064089,0
21185,KY,Oldham,40.7507989164131,5.23179877105085,1.81999023814774,0.0493941,0.0164647,0.329293994,0.065858799,0.359593130549947,0.0822760835289955,0.461011591,0.411617492,5.45010709762573,16.0990712074303,9.6,0.0493941,1,9.23967106572054,27.8466741826381,0
21187,KY,Owen,6.94317078208793,1.7276133342139,2.61418383951832,0.277366864,0.0,0.369822485,0.0,0.789595912679981,0.369685769081116,0.554733728,0.277366864,26.6434116363525,51.6692347200822,11.2,0.0,0,14.4820588506595,24.5641545982843,0
21189,KY,Owsley,1.45379875118873,0.686576629806269,9.41100077120888,0.207986689,0.0,0.623960067,0.0,1.51771848086969,0.831946730613709,0.207986689,0.207986689,61.2546272277832,76.4596848934198,12.2,0.0,0,16.7613038906414,22.2502628811777,1
21191,KY,Pendleton,0.759094456028749,0.350553545551026,4.13715653177863,0.136444263,0.0,0.204666394,0.0,0.621975714416142,0.136453568935394,0.341110656,0.204666394,24.9449863433838,49.1307634164777,11.0,0.068222131,1,12.280701754386,24.7361699267325,0
21193,KY,Perry,5.93998241141697,3.00495025097651,10.1664986203621,0.278619441,0.0348274,0.870685752,0.0,1.55506769118185,0.453103750944138,0.766203462,0.557238881,49.3078346252441,64.329152413531,12.9,0.0,0,13.3916132627473,21.7470047366955,1
21195,KY,Pike,1.21101031863461,0.50027934434878,6.7445245978622,0.292731026,0.0308138,0.493020676,0.0462207,1.38546957939896,0.446751803159714,0.724124118,0.400579299,33.9658126831055,51.9821029082774,15.7,0.0154069,0,13.7210875984252,21.9334399606299,0
21197,KY,Powell,1.93619284606181,0.79623332836571,4.74140876794642,0.237717908,0.0,0.950871632,0.0,1.78242409677161,0.396165132522583,0.633914422,0.396196513,44.6416664123535,64.6128901499797,14.4,0.0,0,13.0183144374851,24.6174581780702,1
21199,KY,Pulaski,14.0031034092751,6.42735110217227,4.858125571482,0.283469031,0.0157483,0.472448385,0.0314966,1.07061049696245,0.251928836107254,0.62993118,0.488196665,26.3693141937256,54.9220791791695,11.2,0.078741398,0,16.2393162393162,22.7677084819942,0
21201,KY,Robertson,74.7299754341621,38.2554448350611,6.4212135119752,0.436681223,0.0,0.0,0.0,0.571297989031079,0.43668121099472,0.0,0.0,29.9338150024414,54.3243243243243,11.6,0.0,0,18.7116564417178,21.4723926380368,1
21203,KY,Rockcastle,2.52597064464817,1.17995560495043,6.44752912354067,0.116897539,0.0,0.526038927,0.0584488,0.725234231055706,0.350672125816345,0.467590157,0.409141388,35.9528846740723,58.4605175846052,10.3,0.0,0,14.827626641651,23.2000469043152,1
21205,KY,Rowan,6.95952241184451,3.80205820440633,4.75051711030366,0.25467974,0.0,0.50935948,0.0,1.09111329096828,0.466853410005569,0.848932467,0.50935948,28.8713359832764,53.0181385667559,10.3,0.0424466,0,12.2573179616852,19.5517078815412,1
21207,KY,Russell,2.43408075399682,1.09359401549673,4.15259087116534,0.226193169,0.0,1.074417553,0.113096584,1.42881636852032,0.225975930690765,0.622031215,0.735127799,32.1124801635742,56.841046277666,12.3,0.113096584,0,17.3640762880729,22.3341873042983,1
21209,KY,Scott,16.8361597274004,4.00838888866911,1.22265158528777,0.104242677,0.0208485,0.479516314,0.0,0.555476282691563,0.125203460454941,0.625456062,0.604607526,18.3813018798828,35.3869895536562,9.9,0.0416971,1,9.25741419880016,26.8543446463019,0
21211,KY,Shelby,9.05850719273875,2.11937947523539,1.10285595533105,0.163288157,0.0233269,0.443210712,0.0466538,0.594228153039544,0.0698551684617996,0.629825748,0.443210712,16.0232162475586,40.3063395263083,10.4,0.0466538,1,12.0264296239958,24.8205542615392,0
21213,KY,Simpson,13.0787906528432,5.18355072538212,2.14659864891784,0.173390359,0.0577968,0.346780719,0.0,0.650967423119322,0.231133714318275,1.15593573,0.809155011,23.8007068634033,50.2776870303822,12.5,0.115593573,0,14.2609799734518,24.6320771050961,0
21215,KY,Spencer,0.0,0.0,2.97657847657457,0.230123116,0.0,0.115061558,0.0,0.287092328892972,0.0575076192617416,0.517777011,0.0575308,13.2620286941528,34.3335659455687,10.2,0.0575308,1,10.2455893558408,25.7077545278706,0
21217,KY,Taylor,7.26130691278105,2.46181505353335,2.27564242230563,0.280078422,0.0400112,0.440123235,0.0400112,1.11714119854738,0.240144088864326,0.720201656,0.560156844,24.7780075073242,51.6764236295902,12.2,0.080022406,0,16.0044060052219,22.2952023498695,0
21219,KY,Todd,7.18944649341402,4.02962080175718,6.37306384501147,0.322320709,0.0,0.483481064,0.080580177,0.526967565146365,0.241409838199615,0.402900886,0.241740532,22.7368946075439,55.1820728291317,11.1,0.0,0,14.2215088282504,27.23113964687,0
21221,KY,Trigg,12.1818840800759,3.46604325343817,3.1539318449521,0.210955629,0.0,0.421911258,0.0,0.692185228767218,0.140676647424698,0.562548344,0.562548344,16.8123073577881,48.005698005698,11.5,0.070318543,1,19.0180626264035,22.512030127624,0
21223,KY,Trimble,28.7596246932756,8.98980526189241,6.54583492529421,0.113417262,0.0,0.453669048,0.113417262,0.569022419483328,0.226834520697594,0.226834524,0.340251786,25.1666469573975,46.8627450980392,11.1,0.0,1,12.9413100238393,25.0879782041094,0
21225,KY,Union,5.97690287489322,4.45487214561279,4.89387000421379,0.32761106,0.065522212,0.786266544,0.0,1.23456790123457,0.327546685934067,0.458655484,0.720744332,24.7464027404785,53.1924460431655,12.3,0.065522212,0,13.706936762844,22.969281002199,0
21227,KY,Warren,10.5756027908353,3.0809677887098,1.20275101542367,0.155428335,0.0259047,0.414475559,0.0345396,0.757834514558962,0.155377358198166,0.708062413,0.742602043,20.3173503875732,35.2954404902457,9.8,0.094983982,1,10.9322272215973,22.7713723284589,0
21229,KY,Washington,8.82408649500265,3.44175428155365,4.27787810054553,0.340657469,0.0,0.596150571,0.0,1.14791965970872,0.256497949361801,0.596150571,0.425821836,18.9195289611816,48.6518873576992,11.7,0.085164367,0,15.8914397883417,23.1629256635658,0
21231,KY,Wayne,13.1935017251317,8.4847671235732,5.85080852764315,0.191488343,0.0478721,0.478720858,0.0478721,0.976437443974901,0.191396713256836,0.526592944,0.335104601,31.1229057312012,61.8898978433598,12.2,0.0478721,0,15.9803968673425,22.5628213136021,1
21233,KY,Webster,0.574683910331807,0.187082868240185,2.46679795728116,0.295836107,0.0,0.88750832,0.0,1.31291565437189,0.369549155235291,0.369795133,0.44375416,20.5066261291504,51.8468468468469,12.0,0.073959027,0,15.1237060421408,23.412377945819,0
21235,KY,Whitley,12.8142964430639,6.36696116921483,5.76646816643262,0.362510806,0.0278854,0.557708932,0.0278854,1.31224353737664,0.641472578048706,0.836563398,0.418281699,43.6951522827148,62.3699124162803,13.2,0.0557709,0,14.2660717793305,23.8768695456969,1
21237,KY,Wolfe,6.18299146843894,3.72397357582594,6.10737730372555,0.543256825,0.0,0.543256825,0.0,2.01237669830635,0.678886651992798,0.135814206,0.271628412,55.7756462097168,77.847604084839,12.2,0.135814206,0,15.5676410605031,24.0380693405846,1
21239,KY,Woodford,27.0663040627069,8.03593397935651,3.29570930976995,0.080253601,0.0,0.441394808,0.0,0.644681049035637,0.160410657525063,0.521648409,0.60190201,14.6732339859009,31.2729049596873,10.6,0.0,1,12.9957095312563,24.0707325875135,0
22001,LA,Acadia,1.70138320102885,0.572559621704348,1.79701803794561,0.372011775,0.0161744,0.630802575,0.080872125,1.19524486367748,0.210175737738609,0.501407175,0.3234885,30.2510871887207,59.7162824658392,10.3,0.113220975,1,12.7660952195943,27.29833422369,1
22003,LA,Allen,36.696235585932,17.5519974205969,2.9797277308299,0.155394118,0.0388485,0.543879414,0.0,1.12246629338136,0.155309647321701,0.349636766,0.155394118,23.798376083374,56.2674743709226,12.5,0.0388485,0,12.9172488743984,22.8768824716659,0
22005,LA,Ascension,39.7137719583493,10.869798407945,3.42586153034541,0.200007273,0.0272737,0.472744463,0.0545474,0.733988802403387,0.136283099651337,0.590930579,0.400014546,17.9689197540283,42.0920291677144,9.0,0.154551075,1,8.85510422981859,28.6853518630789,0
22007,LA,Assumption,38.9724775888958,12.9874387366067,8.94217403726044,0.215740421,0.0,0.647221263,0.086296168,1.08211007846203,0.172540217638016,0.172592337,0.129444253,27.1058216094971,62.8218602207042,11.6,0.0431481,0,13.4281200631912,24.5762350027753,0
22009,LA,Avoyelles,20.9752128268341,11.4521060636769,6.41529367976593,0.311041991,0.0239263,0.861347051,0.143557842,1.61534396617986,0.191428780555725,0.526378753,0.311041991,36.3866996765137,69.4757109004739,11.8,0.0478526,0,14.4391890285932,24.4408528034607,1
22011,LA,Beauregard,41.1432161709662,14.6260092733015,2.78853043965505,0.08312552,0.0277085,0.665004156,0.08312552,0.679878356899387,0.110834024846554,0.55417013,0.304793572,21.001293182373,44.0425531914894,11.5,0.055417,0,12.9634823582207,26.0700061704157,0
22013,LA,Bienville,28.7985519961133,12.2105552400645,8.13917519485031,0.14024262,0.0,1.192062268,0.0,1.40309747087241,0.280485242605209,0.771334409,0.350606549,32.877742767334,65.1061985262245,13.5,0.0,0,18.4700062704661,23.2773636173622,1
22015,LA,Bossier,25.3291250345504,6.90134793192495,2.79083493402088,0.158302992,0.0083317,0.44158203,0.0416587,0.619900652225505,0.0998984351754189,0.774851487,0.541562867,18.3715038299561,39.3258969530156,11.2,0.074985628,1,11.9901862727498,25.6746937484506,0
22017,LA,Caddo,33.0962973221601,14.3291025762233,5.24037608488616,0.124515072,0.0233466,0.614793169,0.0466932,0.833680159838398,0.136212214827538,0.758763721,0.552535633,33.5105781555176,61.0663345630566,12.7,0.105059592,1,13.5871419662783,24.5731834066102,0
22019,LA,Calcasieu,21.9294068159928,7.89847804636942,2.62666034980767,0.175426829,0.0257981,0.675909253,0.0412769,0.964044978482516,0.123814731836319,0.706866928,0.423088235,26.7553863525391,51.7176384751018,12.0,0.0567557,1,12.6193144090305,25.4253818061089,0
22021,LA,Caldwell,11.2000425836226,4.16543597948583,3.70729941978387,0.691153239,0.0,0.691153239,0.0,0.799680127948821,0.197491854429245,0.394944708,0.691153239,31.9530162811279,61.7964071856287,11.1,0.098736177,0,14.8440584287406,23.4307145677063,0
22023,LA,Cameron,24.5860685244954,10.0140487489348,2.92321248548603,0.450315221,0.0,0.600420294,0.0,0.932557445538645,0.149902567267418,0.0,0.150105074,10.2719030380249,36.5967365967366,10.9,0.0,1,12.8820002924404,24.2140663839743,0
22025,LA,Catahoula,20.2773903397253,7.89477560221565,7.20466695959413,0.097238429,0.0,0.777907429,0.097238429,1.0768881979531,0.194420143961906,0.486192143,0.0,32.5818214416504,65.2090032154341,12.9,0.0,0,14.4422023637936,22.5809551263573,1
22027,LA,Claiborne,8.47729812896534,4.3555212459314,7.11537050131232,0.177137459,0.0,0.590458196,0.0,0.881467395610491,0.177137464284897,0.472366556,0.236183278,29.299036026001,69.8404785643071,12.6,0.0590458,0,16.0162838034312,19.6568769991277,1
22029,LA,Concordia,22.6623980005753,11.4251736252606,5.4129709759764,0.143988481,0.0479962,1.295896328,0.0479962,1.39945985759882,0.239923223853111,0.623950084,0.431965443,38.5134582519531,71.7234262125903,12.1,0.095992321,0,14.5327057919508,25.1320718470848,1
22031,LA,De Soto,25.2950847013795,10.0466953587699,5.68754181513978,0.112049003,0.0,0.485545679,0.0,0.744847877956212,0.112028084695339,0.224098006,0.410846343,28.9393825531006,59.7399959374365,12.9,0.074699335,1,14.4357743097239,24.9474789915966,0
22033,LA,East Baton Rouge,28.2411701733124,11.4634695168564,2.65522221458271,0.278811673,0.0249344,0.573490677,0.104271032,0.935828275511443,0.167734652757645,0.825101211,0.673228186,30.1904144287109,67.5479824306541,10.8,0.14507274,1,10.9116684197732,23.551074468786,0
22035,LA,East Carroll,12.173004437259,5.82561177756256,1.58142048889962,0.391798354,0.0,0.652997257,0.130599451,1.6055452210116,0.261198908090591,0.652997257,0.391798354,58.8953399658203,90.9682668836452,13.5,0.0,0,12.5144992911458,25.6862997808996,1
22037,LA,East Feliciana,15.153572757772,8.53829721462757,7.37908649486126,0.0497859,0.0,0.746788808,0.0,0.982940157270425,0.149268582463264,0.398287364,0.099571841,25.9247131347656,77.6789892372485,12.5,0.0497859,1,12.9866285093995,20.6838703310801,1
22039,LA,Evangeline,16.2026384651984,7.68430346608566,5.05137377811559,0.443498315,0.0295666,0.502631423,0.0591331,1.61920300603184,0.384172111749649,0.325232097,0.20696588,35.3199424743652,68.7239366138449,11.4,0.0,0,13.2120998116761,26.9744585687382,1
22041,LA,Franklin,10.5914292098967,5.65710164815847,4.01777819841315,0.240755008,0.048151,0.722265023,0.0,1.36585444936206,0.144453004002571,0.481510015,0.288906009,36.6436576843262,79.3296089385475,12.1,0.096302003,0,16.3143448740791,25.6031203351471,1
22043,LA,Grant,22.6394105821382,7.5102722332018,4.54826208165291,0.089405454,0.0,0.581135449,0.0,0.709926892634886,0.0893774852156639,0.089405454,0.089405454,26.1219596862793,56.4825930372149,11.4,0.0,1,12.0579138464297,23.0893361423641,0
22045,LA,Iberia,16.1319778404827,5.39118020338064,2.92721296346337,0.312908141,0.0136047,0.598606879,0.081628211,1.21172808641558,0.204234465956688,0.544188071,0.312908141,33.9441337585449,64.7542929492759,12.6,0.0408141,1,12.1709448388859,27.0917531403605,0
22047,LA,Iberville,15.3921893144979,2.97227616713797,3.92449008746141,0.389770036,0.0299823,0.599646209,0.0599646,1.14612174471329,0.149889081716537,0.359787725,0.389770036,39.6777763366699,76.8017524644031,12.1,0.0299823,1,11.9926917662563,22.4698235840297,0
22049,LA,Jackson,22.945666550154,10.3919373464071,6.12485956822992,0.0611621,0.0611621,0.672782875,0.0,0.894178589047854,0.183508679270744,0.611620795,0.244648318,23.9163856506348,53.606411398041,10.9,0.0611621,0,16.6953422637336,22.7602310433821,0
22051,LA,Jefferson,12.0866582257048,4.36153455113136,0.895274549727039,0.218876862,0.0161278,0.527608436,0.089854712,0.872963533452009,0.0898493304848671,0.80638844,0.792564638,22.8419303894043,67.7550210542561,12.2,0.09907058,1,13.6372043130075,22.5168303464092,0
22053,LA,Jefferson Davis,7.25053603228534,2.98978716134511,3.4916137332344,0.284900285,0.0316556,0.664767331,0.126622349,1.03132688555188,0.221589103341103,0.56980057,0.22158911,22.9134864807129,50.3079028395484,12.8,0.094966762,0,14.5122491612331,26.5809963917199,0
22055,LA,Lafayette,25.9080786845501,9.21284804474217,2.43259373909318,0.249582173,0.0222841,0.530362117,0.066852368,0.903231962887112,0.0979558378458023,0.900278552,0.824512535,20.475622177124,51.9822622278112,8.8,0.129247911,1,10.2839632093439,24.4893446100245,0
22057,LA,Lafourche,27.6433536407922,9.8557286026517,4.42184249575624,0.16492975,0.0309243,0.453556813,0.092772985,0.754070089011189,0.144200563430786,0.525713579,0.474173032,20.091344833374,52.2196985339666,12.3,0.092772985,1,12.490915509043,24.5706929130588,0
22059,LA,La Salle,9.90857913682216,3.21607050113561,2.98246110577968,0.200937709,0.066979236,1.004688547,0.0,1.04955226546973,0.200816661119461,0.803750837,0.133958473,17.2849063873291,46.8101170252926,11.6,0.066979236,0,14.7951645399597,23.6668905305574,0
22061,LA,Lincoln,31.7938191256542,16.3899712320537,5.75572489759788,0.0425053,0.0212526,0.6375789,0.0425053,0.559069708005878,0.0637565329670906,0.68008416,0.55256838,27.8756980895996,53.6801079298456,10.8,0.08501052,0,11.3105809350594,20.5520487857066,1
22063,LA,Livingston,19.202792816387,5.20640524758119,2.3255242625036,0.115242778,0.0153657,0.553165335,0.0384143,0.813488755160096,0.107561580836773,0.49170252,0.361094038,20.9535827636719,38.6954389406572,9.6,0.099877074,1,9.89720837954791,27.5959570712199,0
22065,LA,Madison,9.75758297065625,2.48505890101216,1.73274239382654,0.167014614,0.0,0.835073069,0.0,1.11074543360211,0.167014613747597,0.501043841,0.417536534,48.1123580932617,87.17424629535,12.8,0.0,0,11.8580997271149,24.9896634416605,1
22067,LA,Morehouse,24.6486002491062,13.9230959448786,6.33012443066165,0.145581598,0.0363954,0.655117193,0.0363954,1.03112110986127,0.145571008324623,0.473140195,0.291163197,47.1594161987305,78.7677304964539,12.7,0.0,0,15.4044104506952,24.7256871224847,1
22069,LA,Natchitoches,27.2812897030079,14.8951069179375,5.69288867699253,0.17779584,0.0253994,0.711183358,0.076198217,0.961473442201711,0.15236160159111,0.482588707,0.634985141,39.5026741027832,65.4259232014124,11.9,0.101597623,0,13.4686346863469,24.2632563311935,1
22071,LA,Orleans,25.4828191991593,12.0616722614916,3.01284870498291,0.396494215,0.00554537,0.371540033,0.094271352,0.949447077409163,0.180212154984474,0.729216633,1.156210403,39.4180526733398,79.5156407669021,12.1,0.097044039,1,10.9470114504594,21.2940153390203,1
22073,LA,Ouachita,41.5637299980044,19.2310989710561,4.21330257529459,0.129371127,0.0194057,0.543358733,0.0388113,0.90487009991654,0.206944271922112,0.776226762,0.620981409,35.6943473815918,58.912828891385,12.2,0.097028345,1,12.3080926359615,26.2639864689045,1
22075,LA,Plaquemines,31.5044313224763,13.5927291593608,5.32389903551449,0.127183314,0.0,0.59352213,0.169577751,0.91621030335967,0.127194091677666,0.720705443,0.720705443,17.7420253753662,47.5645912748835,12.5,0.0423944,1,11.1839250065099,27.4672337470706,0
22077,LA,Pointe Coupee,13.8676531200648,5.93467667754548,5.2365587131621,0.438654209,0.0,0.701846734,0.0438654,1.18439965971428,0.306936770677567,0.614115892,0.48251963,27.3011322021484,76.9724182168057,13.2,0.0438654,1,15.4986404701342,24.0110516621349,0
22079,LA,Rapides,36.2449332544664,14.7068241526308,3.45376081353618,0.121208448,0.0303021,0.863610194,0.068179752,1.13379113061828,0.15908969938755,0.734826217,0.439380625,33.13720703125,55.7357382203285,12.7,0.068179752,1,13.685578172369,25.8439515853297,0
22081,LA,Red River,18.6827730793841,7.7531799006765,6.39852430335559,0.0,0.0,0.440431623,0.0,1.00189246354225,0.110107906162739,0.440431623,0.550539529,38.1217384338379,81.5495732107682,12.7,0.0,0,15.2458475415246,25.4427455725443,1
22083,LA,Richland,10.7872434171322,4.70331765611042,4.19906869821698,0.095744172,0.0478721,0.670209201,0.0,0.948010770676991,0.191497504711151,0.478720858,0.574465029,36.6931190490723,68.8726723704077,11.8,0.0478721,0,14.3980699638118,25.5006031363088,1
22085,LA,Sabine,26.3489386603552,10.8740004111366,5.41673999916583,0.286591607,0.0,0.573183214,0.0,0.774237752655019,0.245649948716164,0.327533265,0.286591607,15.5012474060059,59.9870298313878,12.9,0.0,0,17.2450790244708,24.4377501753807,1
22087,LA,St. Bernard,42.878635760836,18.2247134741532,2.27494693898833,0.303759018,0.0,0.607518036,0.126566257,1.08482446659461,0.126534223556519,0.607518036,0.68345779,34.3826065063477,65.5341446923597,11.3,0.126566257,1,9.15953979441179,25.5648104298409,0
22089,LA,St. Charles,55.9302136450028,15.4772252005881,3.63899627750398,0.171834428,0.0190927,0.515503284,0.0190927,0.737141157786172,0.133626043796539,0.553688712,0.400946999,20.4010276794434,41.9361590790162,10.3,0.133649,1,9.91852974611595,26.9192876089428,0
22091,LA,St. Helena,9.01265534579211,4.00129531348872,6.7116157708144,0.273872558,0.0,0.456454263,0.0,1.17423900280011,0.365030109882355,0.273872558,0.273872558,31.7604904174805,87.4678111587983,13.7,0.0,1,14.1033651700437,24.6630366866018,1
22093,LA,St. James,19.9018312854338,4.98236093249195,5.64733484899016,0.275431509,0.0,0.59676827,0.0459053,0.763434920050333,0.183654725551605,0.504957767,0.367242012,28.7418746948242,65.5424836601307,12.4,0.137715755,1,12.8540403583386,25.7940457877115,0
22095,LA,St. John the Baptist,43.5694773172927,13.8888360166133,3.63947381671297,0.266358874,0.0221966,0.488324603,0.066589719,0.910451762813352,0.15532773733139,0.710290331,0.399538311,34.5402565002441,83.5261973641916,12.4,0.088786291,1,10.3126905321836,26.905321836077,0
22097,LA,St. Landry,13.7669535199224,6.41193411621972,4.3120256531503,0.347596788,0.0239722,0.659235287,0.107874865,1.45924473875037,0.323616832494736,0.467457749,0.299652403,39.2354774475098,72.6115503148868,14.0,0.0599305,0,13.7340496977837,27.1994627266622,1
22099,LA,St. Martin,7.64773110353531,2.96259593820834,4.6282978024381,0.303156618,0.0189473,0.454734927,0.094736443,1.18853443588868,0.189426228404045,0.435787639,0.397893062,26.1424560546875,63.7539691873456,11.9,0.0378946,1,11.6679447852761,26.4014570552147,0
22101,LA,St. Mary,24.992643422804,10.7935399656832,4.34789946050532,0.258612727,0.0184723,0.628059481,0.0184723,1.24929387737366,0.184535890817642,0.628059481,0.498753117,32.7279243469238,62.5991458206223,12.6,0.110834026,0,12.903934126258,25.4419030192132,0
22103,LA,St. Tammany,25.618269259208,5.84879952888376,1.79782462941126,0.173156517,0.0211166,0.473012923,0.0422333,0.628515825652633,0.105568528175354,0.755976011,0.836219275,15.3843584060669,38.5400506246428,9.1,0.13092322,1,12.6756224865235,25.7277316676649,0
22105,LA,Tangipahoa,27.7869740542053,11.0552522193682,4.26981121450848,0.163093559,0.0163094,0.725766336,0.073392101,1.17667549679604,0.187473505735397,0.603446167,0.725766336,39.740665435791,67.6499457560572,11.2,0.097856135,1,11.398300535934,25.1203580600676,1
22107,LA,Tensas,55.6519222099642,32.5590113684366,8.27748087806639,0.392772977,0.0,1.37470542,0.0,1.66532095276544,0.392772972583771,0.392772977,0.981932443,46.1759033203125,89.2011834319527,14.5,0.0,0,17.2886519421173,25.3046458492003,1
22109,LA,Terrebonne,29.5160202541875,11.5300066529288,4.56032935638156,0.152339304,0.0268834,0.681046302,0.125455898,1.01138289854295,0.134412214159966,0.672085167,0.618318353,26.9177398681641,58.3324431150518,12.4,0.089611356,1,11.233684963347,26.0352225996782,0
22111,LA,Union,18.1069249516858,6.5650247369787,3.72027935883478,0.219741584,0.0439483,0.922914652,0.0,0.940422558246725,0.307597666978836,0.351586534,0.395534851,28.1945991516113,72.473456547385,13.2,0.087896634,1,16.504555257251,23.0095506359755,0
22113,LA,Vermilion,5.90681623783017,2.22550092099502,1.56002138104573,0.240508504,0.0171792,0.412300292,0.171791788,0.984849774932025,0.171806544065475,0.309225219,0.377941934,23.0319976806641,51.0832271345946,11.7,0.085895894,1,12.9450507767375,26.6849428438421,0
22115,LA,Vernon,39.1421692079453,14.6524515159872,3.79186534812756,0.057424,0.0191413,0.593380931,0.0382826,0.595580636977359,0.0765726119279862,0.459391689,0.382826407,18.0253009796143,44.7418356137022,10.2,0.0382826,0,9.41835135858142,27.7295830626361,0
22117,LA,Washington,16.7782888119158,10.0876457526906,5.78238910902827,0.233273248,0.0,0.508959813,0.0,1.37490179272909,0.254652708768845,0.57257979,0.402926519,40.2063827514648,79.8916633637204,13.8,0.0424133,0,14.4928765264586,25.15052578019,1
22119,LA,Webster,20.1972834613021,10.3072718886995,4.05009952607766,0.169766934,0.0485048,0.703320156,0.0242524,1.31493242142973,0.218255892395973,0.703320156,0.388038707,33.2885131835938,54.8057839523675,14.0,0.0,1,16.7301672046012,23.5639575800228,0
22121,LA,West Baton Rouge,16.4931609509523,4.35681001615937,3.2891466536059,0.165995767,0.0414989,0.829978836,0.207494709,1.15462263890041,0.207382827997208,0.788479894,0.45648836,26.1085338592529,63.254593175853,11.5,0.124496825,1,11.0013452160753,24.9159239952917,0
22123,LA,West Carroll,4.8669550853653,2.71543960299087,3.477416533694,0.347342827,0.086835707,0.607849948,0.0,1.5056752374334,0.520878553390503,0.521014241,0.173671414,32.6477661132813,66.8769716088328,13.0,0.086835707,0,16.839021027232,24.6294381247846,1
22125,LA,West Feliciana,42.2830817823103,19.82553362871,4.68903108000053,0.193498452,0.0,0.64499484,0.064499484,0.400302931948502,0.128915816545486,0.193498452,0.64499484,13.828709602356,43.8604240282686,11.5,0.0,1,10.176,17.3952,0
22127,LA,Winn,27.7335617265047,12.7825967822015,5.8228109823226,0.198045947,0.066015316,0.726168471,0.0,0.883333333333333,0.19803287088871,0.396091893,0.330076578,31.4327964782715,65.9574468085106,11.2,0.0,0,14.373408215242,22.4776333833997,1
23001,ME,Androscoggin,11.2947090024352,2.90421797678247,1.96358210423312,0.20485125,0.0186228,0.61455375,0.083802784,1.28242061537604,0.269953280687332,0.642488012,0.772847898,32.0906410217285,43.9311705933144,9.1,0.121048466,1,14.0981597370522,22.569683014243,0
23003,ME,Aroostook,10.5058297196391,4.29777847509836,3.98423757984552,0.392305213,0.0140109,0.798621327,0.0,1.50044213655435,0.448279738426209,0.630490522,0.86867583,27.307559967041,42.3735333718023,12.1,0.0420327,0,18.9940169750939,20.0139140114095,0
23005,ME,Cumberland,21.6616064929238,4.50153643400811,2.03673304353842,0.247700806,0.0141543,0.530787441,0.123850403,0.940695944763978,0.155662402510643,0.838644157,1.234965446,18.4213714599609,26.1369960034401,7.4,0.159236232,1,14.2565519004239,20.9085680609499,0
23007,ME,Franklin,1.52144170364284,0.589282563951017,4.54100367229253,0.423025609,0.0325404,0.780970356,0.195242589,1.44466209598433,0.292797178030014,0.585727767,1.236536396,25.1133728027344,45.4945054945055,7.9,0.065080863,0,16.7706708268331,19.6535361414457,0
23009,ME,Hancock,6.18207407760785,2.06844775505831,3.33133031471595,0.495203859,0.0,0.733635347,0.146727069,0.917983308283539,0.293475657701492,0.715294463,2.145883389,17.3913040161133,34.4848577081114,8.0,0.146727069,0,18.2605020397663,18.3340071299938,0
23011,ME,Kennebec,9.2052772564679,2.70155574577162,2.95318817765514,0.221738595,0.0246376,0.657003244,0.098550487,1.1660224478128,0.172447770833969,0.673428325,0.763766271,26.2752151489258,37.7698473059147,9.2,0.123188108,0,15.5217722327283,20.7186187587494,0
23013,ME,Knox,11.2245026746703,3.65826629072763,2.73841903176516,0.327753126,0.0,0.907624042,0.126058895,1.20794259016504,0.176460206508636,0.655506253,1.815248084,21.38596534729,36.7534129692833,8.7,0.176482453,0,19.1111334809744,19.4030601973022,0
23015,ME,Lincoln,4.30518687884552,1.45956770367058,1.95380145425962,0.37929626,0.0,0.962828967,0.291766354,0.902086990442754,0.145900204777718,0.729415884,1.371301861,19.2596607208252,41.9013174890209,7.7,0.145883177,0,21.455727428389,18.7712221029109,0
23017,ME,Oxford,8.56063847792734,3.09194771296533,2.90534274737424,0.1904597,0.034629,0.848411393,0.034629,1.19894689839541,0.173142179846764,0.450177474,0.831096875,30.9329929351807,47.614730878187,8.7,0.0519436,0,17.0196946380094,21.2975290923867,0
23019,ME,Penobscot,16.1921308270227,5.90670199485948,2.64623345326425,0.201674549,0.0130113,0.72863063,0.078067567,1.11493415546854,0.221139654517174,0.62454054,0.73513626,25.3202457427979,36.4090844165119,9.4,0.078067567,1,14.4572286143072,19.7208994107443,0
23021,ME,Piscataquis,4.26082457645388,2.15686169921446,4.5604994025527,0.51843318,0.0,0.979262673,0.17281106,1.76884518989782,0.518433153629303,0.34562212,1.267281106,27.7134132385254,47.0204436711614,9.5,0.115207373,0,20.3250641573995,19.1901910464785,0
23023,ME,Sagadahoc,9.95911473467291,2.53399657281288,2.2123364220095,0.227770976,0.0,0.427070581,0.085414116,0.767241624278935,0.113901704549789,0.597898813,0.939555277,18.0489902496338,31.696259916887,8.4,0.170828232,1,16.399852662001,21.0296659394214,0
23025,ME,Somerset,7.84603504987666,3.69180828705587,3.39691206189185,0.231102552,0.0192585,1.039961483,0.0385171,1.33725036922879,0.288867056369782,0.519980741,0.751083293,33.7660026550293,50.3280839895013,11.0,0.0385171,0,16.3456383549054,21.3984835720303,0
23027,ME,Waldo,9.07191885134716,3.25103578113103,4.08292415717732,0.257426762,0.0,0.798022962,0.102970705,1.05615662029882,0.23163041472435,0.437625496,0.875250991,26.3131980895996,48.4138209739341,9.5,0.102970705,0,16.1914092713866,21.0050018047749,0
23029,ME,Washington,11.7803797194939,5.40050032400928,4.53654352364501,0.550206327,0.0,1.039278618,0.030567,1.52742694021728,0.550172686576843,0.458505273,1.0087116,31.7988185882568,52.3284927391087,10.7,0.091701055,0,19.5580715850986,19.9780861943024,0
23031,ME,York,17.0603260861169,3.57824537797943,1.7889294559492,0.227035372,0.00504523,0.600382428,0.136221223,0.757099905362512,0.146299868822098,0.792101187,1.276443314,17.8482551574707,28.6248103888416,8.0,0.10594984,1,15.397375349387,21.3517914483262,0
24001,MD,Allegany,38.7143579316195,15.6245592158609,4.27969403386352,0.214520346,0.0134075,0.388818127,0.08044513,0.702588769388748,0.147528231143951,0.777636254,0.616745995,22.4743785858154,40.1795610729328,13.6,0.134075216,1,17.8486289237817,18.0044481734521,0
24003,MD,Anne Arundel,28.6988013772998,3.35957227507657,1.11527694056045,0.16698075,0.0110097,0.324786733,0.075233085,0.412815538213367,0.0972934067249298,0.834903748,0.638563745,9.33602237701416,22.0956267140075,8.5,0.141291403,1,11.8410284642969,23.2604118618596,0
24005,MD,Baltimore,20.2623132443671,3.05251559996742,1.11434513690763,0.170912847,0.0110663,0.314774739,0.084841629,0.561091028456204,0.103346839547157,0.876696833,0.485687586,15.674952507019,33.8790372430845,9.1,0.14632107,1,14.5927662233286,21.9557307873381,0
24009,MD,Calvert,33.5776125541216,4.64185091374474,2.42649352672734,0.145540852,0.0,0.324668055,0.100759052,0.400730426503622,0.100763566792011,0.64933611,0.492599807,13.1684532165527,17.8088716880024,8.9,0.078368151,1,10.9120209157398,26.1796094075752,0
24011,MD,Caroline,6.43217795263667,2.25718699886746,2.91346457376815,0.182381908,0.0,0.699130646,0.060794,0.896550318886648,0.152035757899284,0.364763815,0.486351754,24.4615993499756,43.1575131411999,12.0,0.060794,0,13.3460352023226,25.2434524889615,0
24013,MD,Carroll,25.6994600539399,3.74182783183931,1.87517722233581,0.137708883,0.00598734,0.269430424,0.0419114,0.377752660714321,0.137708887457848,0.610708961,0.538860848,8.41465568542481,12.4789639277091,8.6,0.149683569,1,13.0488111335814,24.6730168607225,0
24015,MD,Cecil,19.9563393992551,4.67110003224228,2.45830675944348,0.147659595,0.009844,0.433134813,0.0295319,0.645715334591987,0.0886166915297508,0.580794409,0.511886597,18.0829734802246,31.9821798330928,9.2,0.0492199,1,11.7448668750247,25.0771452308423,0
24017,MD,Charles,32.012351626033,3.72974299449429,1.38176383197615,0.134041969,0.0134042,0.234573445,0.0603189,0.443250637484063,0.147470876574516,0.670209843,0.455742693,13.6008596420288,22.7932960893855,9.9,0.0603189,1,9.45199964517472,26.5327428676706,0
24019,MD,Dorchester,11.6101411938899,2.90725275034447,2.24106025016462,0.183486239,0.0,0.611620795,0.0611621,1.07523578384689,0.0917599573731422,0.764525994,0.611620795,34.3725929260254,53.3032063697009,12.1,0.122324159,0,17.6926850205408,21.6690171071188,0
24021,MD,Frederick,20.7510944796992,1.80430469072986,1.47037909937346,0.151661962,0.0126385,0.299111092,0.067405317,0.418437111302185,0.118012502789497,0.758309812,0.581370856,9.58487987518311,18.077535582761,8.5,0.134810633,1,11.1035413586991,25.2989695138934,0
24023,MD,Garrett,4.30085611790182,1.91728892834591,5.04853505198943,0.232272622,0.0331818,0.53090885,0.165909015,0.985350930081954,0.165848478674889,0.630454259,0.763181471,16.1052494049072,36.4672364672365,11.7,0.165909015,0,17.3804698142672,22.1284513406652,0
24025,MD,Harford,24.1984414460699,3.43470041885931,1.31559018298833,0.145908483,0.012159,0.356665181,0.081060268,0.529250562433466,0.10944289714098,0.660641187,0.470149556,10.4578580856323,21.8054904412148,8.7,0.109431362,1,12.4839682059912,24.6746669062926,0
24027,MD,Howard,21.4555846535376,1.71790349719841,0.663769098089514,0.139523171,0.00680601,0.265434325,0.0816721,0.269122443754244,0.0783434808254242,0.803108985,0.537674659,6.92589807510376,13.0583990273366,7.5,0.125911154,1,10.1172126722051,26.0076284027379,0
24029,MD,Kent,0.0932241980859652,0.0281505658158282,2.48171167468423,0.24691358,0.0,0.395061728,0.197530864,0.891486305779803,0.246950164437294,0.592592593,1.283950617,17.9372940063477,43.6555199267064,10.7,0.148148148,0,21.7705599841561,17.5669653908996,0
24031,MD,Montgomery,15.7199959572394,1.2207060712796,0.404398683315437,0.202350487,0.00201344,0.188256423,0.074497194,0.287064878155433,0.0887246131896973,0.757052569,0.595977554,7.53094148635864,23.8142518903231,7.3,0.131880168,1,12.3247411700421,24.0312335031597,0
24033,MD,Prince George's,26.7371425729423,3.88501243661564,1.09849567543247,0.18065422,0.00457352,0.300709239,0.0548823,0.477507495988143,0.135061040520668,0.776355793,0.314429813,14.3130044937134,45.5629944261104,10.9,0.072033012,1,9.44071251534595,23.8584929698177,0
24035,MD,Queen Anne's,22.9442700664699,3.1112074654823,2.523301172251,0.186451212,0.0,0.31075202,0.145017609,0.514456219775697,0.124321408569813,0.642220841,0.642220841,11.5521249771118,18.9178768795785,8.4,0.145017609,1,14.9399556466798,23.795974726976,0
24037,MD,St. Mary's,13.0307624524674,2.20603977430658,2.44936154437828,0.130129665,0.01859,0.297439234,0.074359809,0.442713351133622,0.139459639787674,0.641353349,0.557698564,15.5792007446289,24.1560998205084,9.7,0.0557699,1,10.2528744377134,26.2346530227958,0
24039,MD,Somerset,27.4559649230017,11.0688299507846,5.58204774912026,0.190381906,0.0,0.418840193,0.0,0.923703957642936,0.0761817693710327,0.494992956,0.342687431,27.9548416137695,59.6917808219178,11.9,0.0,1,13.8269739327541,16.8681526256139,0
24041,MD,Talbot,11.0668626644619,1.59577043326424,1.75209261336798,0.316213866,0.0,0.500671954,0.210809244,0.708698619350097,0.184496983885765,0.895939287,1.34390893,12.8363733291626,29.2628774422735,9.6,0.184458088,0,23.7097030331904,19.5198771901964,0
24043,MD,Washington,24.1587448089905,6.23094365856589,2.776464742317,0.161339115,0.0134449,0.322678229,0.080669557,0.638490414264647,0.147883251309395,0.678968774,0.557964438,18.835636138916,36.0082860488156,10.4,0.094114484,1,14.3145899749033,22.911890388659,0
24045,MD,Wicomico,26.6640190127611,7.11323909705503,2.7615282253316,0.089901109,0.029967,0.519428629,0.099890121,0.79734120242034,0.109943926334381,0.819098991,0.659274798,25.3031063079834,46.1062439160061,10.2,0.119868145,1,13.011860269616,22.378536051776,0
24047,MD,Worcester,20.0585514503875,3.81956925191571,1.97117841978293,0.310649452,0.0194156,0.873701582,0.427142996,0.953248801168457,0.213588088750839,1.727987574,3.087078924,17.3358669281006,35.4082698910285,9.7,0.155324726,1,23.2460061414079,18.3134450188518,0
24510,MD,Baltimore,3.31994622892293,1.22508584339995,0.780545305702204,0.360802076,0.0,0.365634247,0.104697031,1.46430360949901,0.36425644159317,1.069520439,0.536370943,44.1805534362793,76.4031938013796,12.2,0.0499324,1,11.7256961387269,21.5085971582756,1
25001,MA,Barnstable,50.3529941952323,8.61021064316122,2.08955458368006,0.287916783,0.00464382,0.520107737,0.273985326,0.762066569802977,0.153251007199287,1.00770874,1.95969165,12.3447885513306,19.7606593158469,8.1,0.213615678,1,24.9569221077596,17.2538538501445,0
25003,MA,Berkshire,23.7685489331805,5.79252574114536,2.57835630247632,0.283550978,0.00766354,0.582429036,0.122616639,0.701195750266634,0.137898281216621,0.781681074,1.624670468,19.9302368164063,32.6440346946981,8.9,0.099626019,1,18.5841989346055,19.5276598663303,0
25005,MA,Bristol,31.0688540319062,4.52456363104566,1.25968271281716,0.183847621,0.0091014,0.467810284,0.096474494,0.83910682378787,0.176590964198113,0.655298452,0.833685253,21.3185176849365,32.2792217291657,10.4,0.136520511,1,14.2041091767967,22.3257977146922,0
25007,MA,Dukes,16.8720498133016,4.33879924934925,2.46413924577436,0.539083558,0.0,0.539083558,0.77867625,0.410774015609413,0.179694518446922,1.078167116,3.533992213,5.49646425247192,12.4440465532677,8.9,0.419287212,0,16.3229513153916,19.1895978228001,0
25009,MA,Essex,32.1454865385245,4.51404591597516,1.64706940901574,0.183635178,0.00399207,0.357955528,0.08915621,0.68619328814295,0.206264868378639,0.755831748,0.793091059,19.258207321167,31.5738077014437,8.7,0.146375867,1,14.1400427095682,23.1564174019288,0
25011,MA,Franklin,17.3003092635513,5.29602860379566,3.64350816493444,0.307013871,0.0139552,0.488431159,0.097686232,0.74433883142298,0.111608698964119,0.488431159,0.86522091,20.0657997131348,31.9400550514833,7.5,0.111641408,0,15.2412710867007,19.7108109622821,0
25013,MA,Hampden,26.0406287975615,5.31056473765203,1.94684245001596,0.199544267,0.00643691,0.448438191,0.0600778,1.03557884028047,0.259580343961716,0.592195888,0.714497213,35.266544342041,49.0239273817897,9.8,0.087971128,1,14.184772055492,23.7081706185678,0
25015,MA,Hampshire,32.974985343798,6.42024429436943,2.97303336576706,0.19988132,0.00624629,0.324807146,0.081201786,0.619022288974415,0.11241077631712,0.549673631,1.043130641,11.270715713501,20.2411362010831,7.2,0.118679534,1,12.6657388663968,16.9319331983806,0
25017,MA,Middlesex,26.7528062446074,2.90609867003397,1.19738221412563,0.176487068,0.0045926,0.354942392,0.083978976,0.522481674109781,0.110838130116463,0.738096472,0.824043706,9.87206840515137,19.1215165788802,8.0,0.192889211,1,13.1073758303755,21.3187544283923,0
25019,MA,Nantucket,15.3233824121892,1.96585773263213,1.93383348915839,0.296325563,0.0,0.395100751,0.395100751,0.291318702660711,0.197433367371559,1.876728566,4.543658633,4.81391572952271,9.23196276183088,7.4,0.197550375,0,12.0625245772709,20.7235548564687,0
25021,MA,Norfolk,34.6961806812132,3.6497314716785,1.80148984870205,0.147531575,0.0103272,0.358501728,0.095895524,0.446337999594238,0.0752509832382202,0.627009196,0.849781875,8.18559837341309,13.4999263586823,7.4,0.191791048,1,14.50458373705,22.6774986956846,0
25023,MA,Plymouth,45.0190678532616,6.09744034302494,2.17692109503961,0.16258596,0.00401447,0.465678305,0.102368938,0.599455604267924,0.120445162057877,0.596148519,0.754720011,13.5189876556396,22.4132644637845,7.9,0.178643832,1,13.9105591015904,24.1403138695423,0
25025,MA,Suffolk,2.83233169725156,0.702759901278344,0.501646085092644,0.279639021,0.00135747,0.453395306,0.116742504,0.910097175541961,0.321518987417221,0.900003258,1.137560679,27.5362453460693,65.6336761945054,7.9,0.15339422,1,10.4880315447015,17.4890550578029,0
25027,MA,Worcester,30.5594889789404,4.70355123672213,2.11861785749694,0.174132819,0.0111943,0.417918765,0.0559713,0.697749710666453,0.157958626747131,0.641803817,0.715188362,18.3967247009277,28.2270696533152,8.2,0.120649167,1,12.7775022791252,23.4463128262155,0
26001,MI,Alcona,11.9073841711439,4.76490569095045,3.52312490973775,0.27935562,0.0,0.744948319,0.0,1.15969283811315,0.372439473867416,0.27935562,0.931185399,21.1762847900391,44.9152542372881,11.6,0.0,0,31.4476329738622,14.5585816121367,0
26003,MI,Alger,34.7431689386889,12.5918067790395,3.48649947971188,0.735835173,0.0,1.051193104,0.10511931,1.01317122593718,0.6305832862854,0.630715863,1.366551035,15.2510061264038,37.3094170403587,10.0,0.0,0,20.5707738777211,17.1336319133424,0
26005,MI,Allegan,5.73893840330618,1.45916996949483,1.84183262229511,0.17995807,0.0179958,0.458893078,0.0449895,0.593543319736877,0.215908885002136,0.422901464,0.737828086,18.1945838928223,35.1999151553717,8.7,0.062985324,0,12.9595720235531,26.2315094068649,0
26007,MI,Alpena,6.81281967271596,2.74766914710324,1.78644348381617,0.238614671,0.0340878,0.749931824,0.06817562,1.07466192333128,0.204471096396446,0.613580584,0.818107445,26.9709548950195,41.4722536806342,10.2,0.102263431,0,19.4776674099601,20.9101966349078,0
26009,MI,Antrim,0.303063768955885,0.136809095096307,2.667433413043,0.214426623,0.0,0.686165194,0.085770649,0.544732119969239,0.214445009827614,0.471738571,1.029247791,18.6017665863037,42.7039232289021,10.3,0.0428853,0,22.1204410517388,21.0517387616624,0
26011,MI,Arenac,0.189395250722664,0.0814410260633738,3.90092669598543,0.127975429,0.0,1.151778858,0.127975429,1.63683745773298,0.383901715278626,0.895828001,0.767852572,28.4248561859131,51.023751023751,10.3,0.063987714,0,20.2968740172338,20.0956034970753,0
26013,MI,Baraga,14.9037946045564,3.82873178230982,3.21282230266437,0.22652622,0.0,0.792841771,0.0,0.844562171292564,0.452744752168655,0.566315551,0.679578661,20.6876125335693,40.6912804399057,10.9,0.0,0,17.2799097065463,20.2483069977427,0
26015,MI,Barry,2.82744377441857,0.906604375238176,1.51807228250318,0.169747585,0.0,0.424368963,0.0509243,0.700683731705939,0.152762457728386,0.271596137,0.662015583,18.4061737060547,32.5850043591979,9.0,0.084873793,1,14.5522451117909,24.43344092745,0
26017,MI,Bay,18.7569820614242,6.48925723288924,2.11693910471569,0.186250955,0.0279376,0.61462815,0.111750573,0.982684185096866,0.139653101563454,0.847441843,0.61462815,24.5768260955811,40.7606143939902,10.1,0.074500382,1,16.2446298169266,22.224902803166,0
26019,MI,Benzie,0.0,0.0,2.36038046500053,0.345006038,0.0,0.575010063,0.057501,0.992461112701594,0.34502586722374,0.402507044,1.092519119,18.6467399597168,49.0009514747859,10.4,0.057501,0,20.6390870185449,20.9871611982882,0
26021,MI,Berrien,24.5618212130811,8.39510029747578,3.02351090385018,0.274248686,0.0255115,0.42731772,0.076534517,0.870352690404335,0.223107576370239,0.631409766,0.956681463,26.6289901733398,46.3973494072093,10.4,0.082912393,1,16.2926543079974,23.385816226971,0
26023,MI,Branch,14.425119074892,6.16883606245118,3.45160463619793,0.0455446,0.0455446,0.500990595,0.0455446,0.889030728549284,0.136602684855461,0.478218295,0.660396693,23.0071506500244,44.9892163910856,9.3,0.113861499,0,14.7166725601132,23.9480198019802,0
26025,MI,Calhoun,23.6338433573189,8.90290487837447,2.35877345662987,0.170321166,0.0296211,0.585016181,0.081457949,1.18184935985216,0.207260027527809,0.725716275,0.636853057,32.9030609130859,46.5981353095864,10.2,0.096268485,1,14.7701731964215,24.2452954916046,0
26027,MI,Cass,5.97902786838238,1.63012755712394,2.16953746265387,0.229942323,0.0,0.383237205,0.076647441,0.698671566938479,0.191581889986992,0.306589764,0.421560925,25.3779907226563,44.9935815147625,9.7,0.0383237,1,15.9772818541679,23.4409959267971,0
26029,MI,Charlevoix,5.87102945282069,1.3342640891656,2.23967322284942,0.383391481,0.0,0.766782962,0.230034889,0.874226645659609,0.229867443442345,0.575087222,1.226852739,17.3565979003906,39.2865809269595,10.1,0.191695741,0,18.6249951828587,22.0278238082392,0
26031,MI,Cheboygan,12.1400985376431,6.45166038401166,3.60410920753217,0.231803431,0.0386339,0.849945913,0.309071241,0.935423521063157,0.270458221435547,0.386339051,1.390820584,25.2851905822754,50.8638981509548,10.7,0.07726781,0,21.4935760171306,20.4420312022025,0
26033,MI,Chippewa,27.7678282894598,10.0849254683766,3.17527343902108,0.308784931,0.0,0.617569863,0.077196233,0.852241094294696,0.385832250118256,0.64330194,0.797694406,19.9493465423584,43.6783804430863,10.0,0.0514642,0,14.6079958463136,20.1220145379024,0
26035,MI,Clare,6.16186330962724,3.38935578044374,5.397093040234,0.290350679,0.0,0.903313224,0.064522373,1.30881540012357,0.290360033512116,0.612962545,0.709746104,36.1538696289063,55.152300712897,9.9,0.09678356,0,19.9411498415573,20.9112073983056,0
26037,MI,Clinton,17.6993629831778,3.44627165981359,2.26070941289956,0.118606766,0.0263571,0.342641768,0.0527141,0.478063885124318,0.131766200065613,0.434891475,0.408534416,11.9734125137329,21.5895249695493,9.2,0.0263571,1,12.8744262556048,24.6902443554164,0
26039,MI,Crawford,17.156689326036,7.18272305502196,3.44182687393413,0.1425212,0.0,0.9263878,0.0712606,1.13022580721917,0.284981489181519,0.6413454,0.712606,25.0848503112793,52.7541169789892,9.9,0.0712606,0,20.804320022737,19.8593150490266,0
26041,MI,Delta,22.0591817710155,7.06236506726613,1.96356810864749,0.406063887,0.0270709,0.64970222,0.108283703,1.03477569316415,0.351912498474121,0.595560368,0.64970222,22.4210166931152,34.0568271507498,10.7,0.189496481,0,19.1480752110928,20.874585232944,0
26043,MI,Dickinson,31.8605557348685,9.61480318052075,1.75484081318087,0.268610898,0.038373,0.652340752,0.115118956,0.64836003051106,0.268569678068161,0.997697621,0.613967767,17.0106372833252,28.1697089294524,10.1,0.268610898,0,18.9811984102721,21.434576582085,0
26045,MI,Eaton,20.2360935625601,5.35414984783677,2.139978166535,0.148348694,0.046359,0.315240974,0.0278154,0.657358714169321,0.185320749878883,0.611938361,0.602666568,16.0091247558594,31.596744612563,9.0,0.092717934,1,14.0201746489852,23.2936460063661,0
26047,MI,Emmet,17.6454959008962,5.83277652797758,1.68313542510521,0.488833216,0.0611042,0.794353976,0.366624912,1.17474302496329,0.335990726947784,0.855458128,1.405395497,18.0074405670166,33.3270321361059,9.3,0.15276038,0,16.6299626842846,22.600477151771,0
26049,MI,Genesee,29.8461757455882,8.95424016656854,1.80249630290614,0.227541532,0.021332,0.478785307,0.0497747,1.11394460271633,0.248829320073128,0.694475718,0.521449345,36.2877769470215,47.7787091366303,11.3,0.06636628,1,13.6661264942812,25.0308837689941,0
26051,MI,Gladwin,9.19317448106185,3.2637411055217,4.19687970970987,0.115995824,0.0,0.695974945,0.077330549,1.07583843457333,0.309250444173813,0.347987472,0.618644395,26.8638210296631,50.6340579710145,10.9,0.077330549,0,22.781410555815,20.0762883387825,0
26053,MI,Gogebic,21.1324020006526,7.41896900582687,3.00736755862548,0.186161961,0.062054,0.62053987,0.062054,0.771988725855923,0.248277574777603,0.682593857,1.675457648,24.4071006774902,47.1111111111111,10.3,0.124107974,0,21.3916113715225,16.9050952699823,0
26055,MI,Grand Traverse,17.5778876631104,3.82037792697982,1.70528582068412,0.237760971,0.0226439,0.464199991,0.147185363,0.748122213244756,0.192462265491486,0.656673158,0.962365835,17.3507537841797,32.9279212057902,8.5,0.101897559,0,14.9771227553859,22.0667693651852,0
26057,MI,Gratiot,6.67682368818293,2.49075426443716,1.54793123325529,0.237518408,0.0,0.546292338,0.095007363,0.939067589092552,0.284954398870468,0.475036815,0.427533134,22.4903659820557,42.0466058763931,9.5,0.0237518,0,14.7636312270459,21.4638854882757,0
26059,MI,Hillsdale,5.70799431657591,1.58418039407363,3.26429351483357,0.085855334,0.0214638,0.472204336,0.107319167,0.957191373380346,0.236107230186462,0.386349002,0.600987336,22.2948875427246,43.4865595673612,9.4,0.107319167,0,15.7299520219328,23.7555688827964,0
26061,MI,Houghton,10.0826009996787,4.38458035838735,2.10684002580737,0.299490866,0.0272264,0.435623077,0.0272264,0.70281124497992,0.244744792580605,0.626208173,1.143510577,18.9787654876709,35.7021357021357,9.3,0.136132212,0,14.9503112373048,20.6454078846784,0
26063,MI,Huron,29.594842862785,11.4747203360938,4.32203681173502,0.213688259,0.0305269,0.885279932,0.122107577,1.03194405939069,0.305213034152985,0.671591672,1.098968191,19.318904876709,40.8407754301895,10.1,0.091580683,0,21.7344042514645,20.6594601123256,0
26065,MI,Ingham,32.8473900335052,13.44104175052,3.09714994493505,0.173605575,0.0212578,0.410984627,0.0496016,0.814925772242001,0.169759467244148,0.790082516,0.701508243,26.8409461975098,40.8497215239785,8.4,0.07794536,1,10.4711725021805,20.8615318891401,0
26067,MI,Ionia,6.17509726248369,1.70317183646488,2.44174479461944,0.156609713,0.0313219,0.454168168,0.062643885,0.779364309806436,0.203592628240585,0.407185254,0.438507196,21.0887222290039,40.9456215426365,8.6,0.078304856,0,11.3496596510445,24.5285971363743,0
26069,MI,Iosco,25.755073676983,10.322314094533,3.59545613208083,0.273587118,0.0390839,0.742593606,0.0,1.59390569336541,0.273533672094345,0.742593606,1.055264598,31.1099758148193,58.8770864946889,10.7,0.078167748,0,26.0941785452157,17.5918414648279,0
26071,MI,Iron,15.2087226570916,5.68300238744747,4.12669260974888,0.25508035,0.0,1.190374968,0.085026783,0.762348609073387,0.425097763538361,0.425133917,1.105348185,19.9648265838623,47.4478792235802,10.9,0.170053567,0,26.3010916476263,17.1024794787171,0
26073,MI,Isabella,8.13751171096995,3.95196799372387,2.14009869942943,0.141731391,0.0425194,0.496059867,0.0283463,0.711585029100641,0.127458900213242,0.60944498,0.637791258,26.6740818023682,35.5253853768915,7.6,0.0566926,0,9.70971825176715,17.9687388886519,0
26075,MI,Jackson,26.47846545619,9.85753568054291,3.86151598978281,0.119028974,0.0250587,0.501174628,0.068911511,0.856678872261279,0.169113591313362,0.582615505,0.607674236,24.8851413726807,44.5371620239702,9.7,0.08770556,1,14.152438719984,23.2108981079327,0
26077,MI,Kalamazoo,25.9500014336998,8.83152168547687,2.03991486707901,0.182228737,0.0277305,0.400110922,0.067345403,0.744035928457328,0.178167015314102,0.756645407,0.71306897,24.577428817749,41.5786292063675,9.6,0.134690805,1,12.2957204661029,22.7402918535859,0
26079,MI,Kalkaska,7.30679080956731,2.83293184092447,3.80903277404372,0.291341336,0.0,0.757487472,0.0582683,0.901612180049516,0.232991605997086,0.40787787,0.582682671,28.7595081329346,49.5798319327731,9.9,0.0,0,16.5393808663208,22.6957383548067,0
26081,MI,Kent,22.2722832381408,5.23924928451137,1.43724239321021,0.189090622,0.0312411,0.289390865,0.118387172,0.70454587373453,0.203790500760078,0.68072624,0.669216376,22.6765308380127,40.9038598176669,8.6,0.110165841,1,11.1353385704471,26.2409935249626,0
26083,MI,Keweenaw,27.2707317454749,5.81480061320394,6.06408826754548,0.459136823,0.0,0.459136823,0.0,0.451467268623025,,0.0,2.754820937,15.8510313034058,64.0625,11.1,0.0,0,24.025974025974,17.8571428571429,0
26085,MI,Lake,16.0178965684948,7.01588606581238,4.75912820304159,0.174611489,0.0,0.873057447,0.0,1.30457470864498,0.523834466934204,0.349222979,1.396891915,36.4665145874023,85.1162790697674,11.7,0.0,0,23.7108934916371,17.895831527862,0
26087,MI,Lapeer,10.1499071922161,3.23389038397057,2.09507169781751,0.12492618,0.0227139,0.454277018,0.0227139,0.823192284864225,0.124885052442551,0.476990869,0.511061645,18.7718181610107,36.8659793814433,9.1,0.0340708,1,13.3368810788166,24.1782628879403,0
26089,MI,Leelanau,17.824908945457,4.40643705605642,2.62481578072768,0.466853408,0.0,0.466853408,0.420168067,0.709646565156354,0.23332867026329,0.280112045,1.493930906,8.8891487121582,31.270207852194,10.7,0.093370682,0,23.4107241569928,19.531969780726,0
26091,MI,Lenawee,22.0646926048692,6.50654412242152,2.73254519560716,0.191295068,0.0201363,0.422862781,0.080545292,0.682749586646058,0.181201368570328,0.594021526,0.654430494,20.827018737793,37.5888717156105,9.4,0.060409,0,14.5957634244985,23.1530052456653,0
26093,MI,Livingston,30.0122328530173,3.89593351028834,0.962426586834533,0.115386517,0.0384622,0.296708187,0.0494514,0.424784052913873,0.126359045505524,0.505502838,0.505502838,9.80569171905518,17.0770126356881,8.1,0.082418941,1,11.9601916371493,25.5499621477949,0
26095,MI,Luce,11.8123786801353,4.590674143388,2.34307156756126,0.613591042,0.0,0.766988802,0.15339776,1.31605846877236,0.460193276405335,0.306795521,1.380579844,19.8069496154785,44.2282749675746,10.2,0.0,0,17.8706077514704,17.8856884331172,0
26097,MI,Mackinac,30.7950044413249,11.7632645597915,3.63717568632709,0.726480203,0.0,1.089720305,0.272430076,1.4665828619317,0.635266363620758,1.271340356,3.087540865,16.5898551940918,36.682725395733,12.2,0.0,0,22.3791955367588,18.6628273193557,0
26099,MI,Macomb,23.2121669700762,4.47707229019374,1.03294162058035,0.163597243,0.0201533,0.387654336,0.11262129,0.98597682511922,0.168231502175331,0.635421174,0.714848821,19.3349571228027,35.5344418052257,9.4,0.07350021,1,14.290504626756,23.0273562447531,0
26101,MI,Manistee,12.3568973721315,3.39457465689233,3.71067832076241,0.444049734,0.0,0.726626837,0.080736315,1.23284154777345,0.282577097415924,0.322945261,0.968835782,23.2707462310791,46.7164179104478,10.1,0.0,0,20.6525694416367,19.0676424210569,0
26103,MI,Marquette,16.2433665208094,5.16933273283653,1.79098526128173,0.19274679,0.0148267,0.518933665,0.0593067,0.589049568521191,0.207567304372787,0.741333808,0.696853779,18.7533798217773,31.4796787539547,9.0,0.103786733,0,14.6503272358633,18.6800244495132,0
26105,MI,Mason,5.76965290523989,2.05397459598698,2.31799860848288,0.209548423,0.069849474,0.628645269,0.069849474,1.01406322640632,0.279319852590561,0.663570007,0.942967904,24.6482563018799,45.8442486306263,10.0,0.104774212,0,19.1917784358126,21.7383731057307,0
26107,MI,Mecosta,17.6955510052127,10.0537682520759,5.44985357216047,0.161201179,0.0460575,0.621775976,0.0,0.906089847176693,0.253193706274033,0.552689757,0.736919676,29.7976551055908,52.8619040718736,8.9,0.06908622,0,15.3675405392775,19.9682228141502,0
26109,MI,Menominee,5.59954209693762,2.09961866126704,3.15404129066102,0.209538178,0.0,0.335261085,0.0419076,0.647351109244874,0.335232973098755,0.460983991,0.921967983,20.8579292297363,39.3175853018373,10.2,0.209538178,0,19.0894336010654,20.9829789004952,0
26111,MI,Midland,26.1816872794201,7.11541650661103,2.45370742579383,0.155207202,0.023878,0.489499636,0.071634093,0.657146492965252,0.14319808781147,0.644706837,0.513377667,17.0601711273193,26.1598830499346,9.5,0.179085233,1,14.8082602924823,23.7417642205455,0
26113,MI,Missaukee,8.83311605354246,4.12825811317328,3.15617939823851,0.201450443,0.0,0.402900886,0.134300295,1.14762823498104,0.268438369035721,0.335750739,0.60435133,20.7527236938477,45.4712643678161,10.1,0.134300295,0,17.3816418614048,24.2171189979123,0
26115,MI,Monroe,20.5808676325295,4.71498487357955,1.90670730449396,0.165067711,0.00660271,0.343340838,0.0594244,0.707280687816676,0.178247228264809,0.607449176,0.528216674,17.2817554473877,30.398966241318,10.1,0.092437918,1,13.4139362324942,24.1262720282066,0
26117,MI,Montcalm,5.95974775218024,3.47115926761054,4.07999348644061,0.221361372,0.0316231,0.585026484,0.0474346,1.17279743886397,0.25292044878006,0.490157325,0.537591904,27.2624683380127,43.8298683959565,9.5,0.079057633,1,14.1170155662909,24.1403807899972,0
26119,MI,Montmorency,3.73298429380461,1.14843519375108,2.5735404796928,0.415454923,0.0,0.727046115,0.0,1.24876881947376,0.31175309419632,0.207727462,1.3502285,29.7275047302246,56.9143932267168,11.6,0.0,0,27.0046082949309,16.8151561699949,0
26121,MI,Muskegon,35.1110989936566,14.3196897266261,3.83005988094841,0.152963671,0.0352993,0.441241359,0.076481836,0.928417811519432,0.235288575291634,0.694219738,0.56478894,36.1501274108887,51.2209302325581,10.5,0.088248272,1,13.5619206913374,24.849002253351,0
26123,MI,Newaygo,3.2810736916122,1.4092378844977,2.97035083288991,0.186296833,0.0206996,0.517491203,0.103498241,0.950464632985119,0.331132680177689,0.43469261,0.600289795,28.6779918670654,49.0059171597633,10.4,0.0206996,0,15.5344614114734,24.9628559636814,0
26125,MI,Oakland,30.0051695714539,4.59646337387477,0.911985424166412,0.20720752,0.0206382,0.365708889,0.09328466,0.747138631081459,0.160816788673401,0.816447159,0.825527966,13.6237354278564,26.5184907311888,9.5,0.127956835,1,13.2342838512861,23.4625678456239,0
26127,MI,Oceana,3.68981633720463,2.05174028256837,2.91985668329628,0.264650284,0.0,0.793950851,0.2268431,1.05789940453566,0.378028959035873,0.378071834,0.718336484,28.4099559783936,59.6217352146503,9.6,0.0378072,0,17.0304855099737,24.8626270229582,0
26129,MI,Ogemaw,0.043427060968539,0.0151958462494135,4.1295467576996,0.279134682,0.0465224,0.697836706,0.0465224,1.20896891667055,0.186063826084137,0.837404047,1.209583624,32.8886795043945,53.5851966075559,10.4,0.093044894,0,21.9595373058666,20.3649937785151,0
26131,MI,Ontonagon,31.7907461316382,12.3098762422663,4.26129876736532,0.603682463,0.0,1.05644431,0.0,1.44238266022143,0.754603087902069,0.150920616,1.811047389,20.3686370849609,41.8032786885246,11.7,0.0,0,26.3569321533923,15.8259587020649,0
26133,MI,Osceola,15.7553021912434,5.80426971041925,3.68331610974121,0.255667292,0.0,0.468723368,0.0,1.24949876840236,0.340875208377838,0.383500937,0.72439066,29.4609546661377,51.7828012118387,9.6,0.0,0,17.0350221013261,24.7492349540972,0
26135,MI,Oscoda,0.0719005075246763,0.0319736302934648,5.66274593776026,0.464306442,0.0,0.812536274,0.0,1.49363749224084,0.348391592502594,0.580383053,1.044689495,30.8127326965332,55.1020408163265,10.9,0.0,0,23.5416666666667,20.1736111111111,0
26137,MI,Otsego,12.2516779469434,3.43191639782079,2.0451567880903,0.290516705,0.083004773,0.913052501,0.124507159,1.02345267832362,0.290360033512116,0.747042955,0.871550114,23.7188034057617,41.2271540469974,9.1,0.124507159,0,17.0253269326271,22.9059758318159,0
26139,MI,Ottawa,32.8809008900689,8.67298875810084,1.54201520267633,0.138696255,0.0262398,0.269895416,0.086216591,0.455532474417717,0.127388060092926,0.509802452,0.483562619,13.0243101119995,29.1151218611521,8.3,0.104959328,1,11.7600009097767,26.0563834102221,0
26141,MI,Presque Isle,28.7996700391222,8.33158534594401,2.85855308267048,0.380343831,0.0,0.684618895,0.152137532,0.914007159722751,0.228171586990356,0.456412597,1.217100259,15.0072650909424,46.242774566474,11.6,0.304275065,0,26.1513157894737,17.4715909090909,0
26143,MI,Roscommon,19.0221024148062,8.89522355290683,2.56214538394063,0.205668216,0.0411336,0.822672864,0.164534573,1.34129815536934,0.287805289030075,0.617004648,1.192875653,33.4319763183594,56.5793625749448,11.2,0.0411336,0,28.013415681623,16.0579164792016,0
26145,MI,Saginaw,20.6689972027786,7.22930800020388,2.140611713387,0.201173849,0.0301761,0.487846585,0.075440194,0.886046593699112,0.236319839954376,0.704108473,0.512993316,31.0781841278076,50.2396528272557,11.1,0.0553228,1,15.2875819932157,23.4007263862037,0
26147,MI,St. Clair,32.6522315856838,10.5964598061121,3.14425449943912,0.185730913,0.0309552,0.383843887,0.0371462,1.03904700248168,0.247572243213654,0.526237587,0.71815953,25.3928318023682,35.8896737302388,8.7,0.092865457,1,14.5185230618253,23.6831452404318,0
26149,MI,St. Joseph,11.1477476324755,4.16787840501199,3.23124488468119,0.24571232,0.0491425,0.49142464,0.114665749,1.05955435664627,0.245672076940537,0.524186283,0.753517781,26.6746520996094,51.0339198258661,9.8,0.065523285,0,14.8511297822008,25.8993392609511,0
26151,MI,Sanilac,6.21785482692726,1.98800095058666,2.26736848327326,0.187336081,0.023417,0.749344324,0.046834,1.39388347370745,0.281076520681381,0.327838142,0.632259273,26.8486785888672,45.4494928442407,10.0,0.023417,0,17.578976666512,23.6303752841304,0
26153,MI,Schoolcraft,25.8986691356061,10.1746552133,2.92271031098074,0.472032098,0.0,0.944064196,0.0,0.659235287067002,0.590040147304535,0.944064196,1.534104319,21.3250274658203,40.0,11.2,0.0,0,21.2374779021803,19.8821449616971,0
26155,MI,Shiawassee,15.906624124434,7.02761063956661,2.44754898233275,0.171514329,0.0285857,0.443078682,0.0,0.76193089900624,0.157178789377213,0.586007289,0.485957264,24.3329620361328,38.0888391190743,9.4,0.100050025,0,14.3033065338014,24.1464726531537,0
26157,MI,Tuscola,6.66826049991207,3.25632315512814,2.80080678178548,0.162463671,0.0180515,0.523494052,0.036103,0.865927579183589,0.216598674654961,0.306875824,0.397133419,22.8647937774658,44.6460039390484,9.2,0.0541546,0,15.8463277647185,23.4904627752158,0
26159,MI,Van Buren,5.93637244001345,1.46942621163453,2.04058726327606,0.223914017,0.0131714,0.632227813,0.079028477,0.94870163720059,0.223887473344803,0.553199336,0.76394194,28.2238597869873,45.2244389027431,9.7,0.0131714,1,13.7992079519526,25.4504445435233,0
26161,MI,Washtenaw,25.6494240627574,6.84750352583643,2.09632143107344,0.166140555,0.0143225,0.292178217,0.091663754,0.619041106039106,0.151568874716759,0.721852066,0.78773539,15.2281932830811,27.1814570692741,8.2,0.12317317,1,10.1368655214318,20.868584156779,0
26163,MI,Wayne,15.051024444814,4.03085538626469,1.10191070750731,0.260797574,0.0122075,0.494405615,0.104873918,1.35533220075152,0.28561919927597,0.683622578,0.566541114,39.7050437927246,55.8195350027097,11.7,0.059928,1,12.6719228555233,25.3652124812697,0
26165,MI,Wexford,9.72004631452363,4.28992078104808,3.26842207368207,0.245113058,0.0612783,0.735339175,0.091917397,1.07080062152437,0.245098039507866,0.735339175,0.857895704,31.707103729248,51.6607243385251,9.3,0.183834794,0,15.8820833969757,24.3409195051168,0
27001,MN,Aitkin,30.3445040340834,12.0003209089764,3.27067135073272,0.123632317,0.0,0.865426222,0.0,0.926100332768255,0.43298077583313,0.556345429,1.112690857,13.4473943710327,38.4955752212389,9.1,0.0,0,27.237378101469,18.0101222071349,0
27003,MN,Anoka,38.3937288045451,6.58160834764215,1.80654522780818,0.108149354,0.0150207,0.33045636,0.0420581,0.504091189229144,0.144197836518288,0.609842192,0.387535186,9.51750564575195,24.8477295466114,7.3,0.078107867,1,9.7423559139655,26.0034940938932,0
27005,MN,Becker,36.0444512235977,14.0507302044828,2.89865887968418,0.152625153,0.030525,0.824175824,0.030525,0.787878787878788,0.335754841566086,0.57997558,0.763125763,15.8627901077271,31.7733473242392,8.0,0.091575092,0,17.3424809254246,24.6092788579867,0
27007,MN,Beltrami,18.152144807548,7.56471643122958,4.59811255054272,0.155427759,0.022204,0.555099141,0.133223794,0.844811753902663,0.421800434589386,0.421875347,0.7105269,27.2250900268555,50.211186484065,7.3,0.088815863,0,12.9472120966653,24.994374690608,0
27009,MN,Benton,23.8446408365722,6.85492918015243,2.75878411940058,0.103279112,0.0,0.438936225,0.12909889,0.488871735494661,0.206558227539063,0.464756003,0.516395559,12.0479068756104,23.5393163832295,6.2,0.154918668,1,11.8540480091545,24.7067696548854,0
27011,MN,Big Stone,47.263000603546,16.1037532439607,3.2793919302549,0.576147494,0.0,0.384098329,0.192049165,1.03279111799639,0.768344223499298,0.192049165,1.728442481,8.24568271636963,28.429203539823,8.9,0.0,0,25.1281078003416,20.9717213892579,0
27013,MN,Blue Earth,34.8823547241562,16.3631437647829,1.99195044076014,0.124331717,0.0310829,0.388536616,0.108790252,0.637568941942819,0.20202961564064,0.745990302,0.901404948,9.40334701538086,24.9529443398763,6.4,0.124331717,1,11.8132254385828,19.3413837814194,0
27015,MN,Brown,32.2642697894508,7.90319181442826,2.80306476843942,0.194908978,0.0389818,0.428799751,0.116945387,0.612913798754507,0.233872532844543,0.740654115,0.77963591,6.70995664596558,24.8870056497175,8.0,0.272872569,0,18.920171474916,22.0059475533928,0
27017,MN,Carlton,22.4280633290247,5.44017662743902,2.42832140854448,0.141119359,0.0282239,0.592701307,0.0564477,0.596450529968692,0.25396466255188,0.338686461,0.677372922,10.7708301544189,24.3376954995212,7.5,0.141119359,1,15.025716385011,23.6364663991409,0
27019,MN,Carver,27.6984936910659,2.65704794271676,0.955138443504025,0.096978579,0.0107754,0.290935736,0.075427783,0.39751566051629,0.150842562317848,0.484892893,0.420240507,4.20222520828247,11.46561510426,6.0,0.183181759,1,8.46532369675534,29.8818127897015,0
27021,MN,Cass,16.7024280455284,6.86282145292705,3.06401826069474,0.281888654,0.0,0.634249471,0.140944327,0.911003749808983,0.387569576501846,0.281888654,1.444679352,19.6708316802979,51.031175059952,7.9,0.0,0,21.1047712395421,21.7138656491756,0
27023,MN,Chippewa,11.4151826707317,3.18659169185664,1.71260415661104,0.324939074,0.081234768,0.568643379,0.0,0.796593874467793,0.568597197532654,0.649878148,0.893582453,8.80305862426758,26.7930327868852,7.9,0.081234768,0,19.2910537738124,23.4225544570372,0
27025,MN,Chisago,7.6193686944891,1.74245932059491,2.12053945964605,0.167454322,0.0,0.465150895,0.018606,0.341427823093617,0.111621677875519,0.465150895,0.558181074,6.93379211425781,17.3669467787115,6.4,0.074424143,1,11.5927774787982,25.6963646148422,0
27027,MN,Clay,19.9505350844719,5.37965403419729,1.6047928662937,0.100168617,0.0,0.400674469,0.0500843,0.507023522566703,0.150222837924957,0.484148316,0.434064008,11.8867597579956,25.4976092516402,6.8,0.066779078,1,11.9968135053137,23.2953100900015,0
27029,MN,Clearwater,38.5537112495317,17.277493577616,3.6074781490581,0.458768207,0.0,0.688152311,0.0,1.11072810142097,0.573460280895233,0.344076156,1.146920518,15.2335948944092,40.2666666666667,8.1,0.0,0,18.6428982173663,24.9568717653824,0
27031,MN,Cook,28.3761962498043,6.52538141017094,2.9310038389815,0.768049155,0.0,1.152073733,0.192012289,0.819672131147541,0.575926303863525,1.152073733,2.496159754,6.56370639801025,26.3502454991817,8.1,0.192012289,0,20.3052550231839,16.8276661514683,0
27033,MN,Cottonwood,43.0374481530613,12.1669041277754,3.38808171386776,0.426876121,0.0,0.597626569,0.0,0.639533212612457,0.426912575960159,0.683001793,0.426876121,9.86321067810059,33.1294597349643,8.2,0.085375224,0,21.2372721827672,23.8812355608796,0
27035,MN,Crow Wing,7.88043054880872,2.33338244382968,2.01177463145734,0.22346012,0.0159614,0.478843115,0.11173006,0.617558813863003,0.239364251494408,0.62249605,1.06941629,11.4138889312744,30.9158723580605,7.2,0.127691497,0,18.5024,22.9952,0
27037,MN,Dakota,37.0557325939531,4.71632952170031,0.917707437497751,0.12444033,0.0174216,0.296167984,0.064708971,0.506474313400216,0.144372701644897,0.637134488,0.517671771,7.0650782585144,18.1450267022697,6.5,0.104529877,1,9.9901643951103,26.3604247375499,0
27039,MN,Dodge,10.508735272104,1.28904624722383,1.14423640951461,0.148529557,0.0,0.39607882,0.0495099,0.399551842881387,0.148536905646324,0.346568967,0.346568967,8.1248664855957,18.75,6.8,0.0495099,1,12.2467267386867,28.9938766366307,0
27041,MN,Douglas,37.024970554117,9.69383176446113,2.93173077151226,0.165860401,0.0276434,0.718728404,0.110573601,0.553801089294705,0.248790606856346,0.774015204,1.216309606,8.7751932144165,24.8105010168238,7.7,0.110573601,0,19.6312033102835,21.8723097003527,0
27043,MN,Faribault,15.2523271403833,5.37923938549494,1.99936239073938,0.484060577,0.0,0.553212088,0.069151511,0.858865596298114,0.414937764406204,0.484060577,0.829818132,11.4437866210938,32.2567457072772,8.5,0.069151511,0,21.8442932728647,21.981721981722,0
27045,MN,Fillmore,2.57693522773836,0.648565637373637,3.68409773240534,0.336102175,0.0,0.480145964,0.096029193,0.61998016063486,0.335989236831665,0.528160561,1.296394104,8.54741859436035,25.7637474541752,7.8,0.0480146,1,19.1699415316783,24.2739384644877,0
27047,MN,Freeborn,29.0612116873261,11.4955825239198,3.11320462107487,0.128733265,0.0321833,0.289649846,0.193099897,0.673557888409437,0.0965717062354088,0.772399588,0.772399588,11.5939931869507,34.4776488021734,7.9,0.0321833,0,20.1855703087506,21.9868820988642,0
27049,MN,Goodhue,24.0127816752179,5.81123800943373,2.46579618591774,0.238596187,0.0216906,0.520573498,0.173524499,0.708592311233886,0.238601356744766,0.672407436,0.780860248,7.16354608535767,19.7816480374318,7.7,0.130143375,0,16.4432799948033,23.7100231686984,0
27051,MN,Grant,44.7588343432453,16.8980041699452,1.77269741312708,0.500667557,0.0,0.667556742,0.0,0.546769851951548,0.500584006309509,0.333778371,0.667556742,10.2760906219482,28.9144050104384,8.3,0.0,0,22.1668328348289,21.3858424725823,0
27053,MN,Hennepin,29.659720508237,5.06712872037844,1.44685652537287,0.181280559,0.0128265,0.295863554,0.085509698,0.511083009166712,0.251440227031708,0.773007667,0.723412042,14.8910055160522,34.0064577126853,6.1,0.142801195,1,11.3511942208821,22.6778315291668,0
27055,MN,Houston,10.6230474138218,2.34367418985722,1.89145082854081,0.211886852,0.0,0.476745418,0.105943426,0.583957105696236,0.211909309029579,0.211886852,0.900519123,6.82492303848267,17.3351775011526,7.6,0.105943426,1,17.3805644610291,23.140799915909,0
27057,MN,Hubbard,21.4858121878781,5.93844818176513,1.48948803576819,0.194998294,0.0487496,0.877492322,0.194998294,0.634819219868613,0.24372410774231,0.487495734,1.023741042,13.7177734375,40.2868318122555,8.3,0.14624872,0,20.7803015468964,21.8523595065596,0
27059,MN,Isanti,11.6745484683441,3.29779242006172,2.73465600579682,0.104739461,0.0261849,0.392772977,0.0261849,0.407428710869414,0.104736715555191,0.392772977,0.471327573,10.8307113647461,25.5975452196382,6.2,0.104739461,1,12.375713983499,25.9281785487624,0
27061,MN,Itasca,16.7909361232458,5.68997045922666,2.75398756181592,0.177391459,0.0,0.931305158,0.066521797,0.729749452687911,0.332660615444183,0.310435053,0.731739767,14.966588973999,34.9687642846259,7.9,0.088695729,0,19.0288073150162,21.8296417950198,0
27063,MN,Jackson,28.1557116114792,7.56505918897767,2.51844698224992,0.19619384,0.0,0.588581519,0.19619384,0.486334014200953,0.196193844079971,0.588581519,0.588581519,6.88785409927368,24.496644295302,8.1,0.19619384,0,19.9103837911553,22.5988700564972,0
27065,MN,Kanabec,2.85649109417578,0.936228899487456,2.11270992739415,0.0616561,0.0,0.369936494,0.0,0.348849317921483,0.184911236166954,0.308280412,0.986497318,14.9735918045044,35.7885975863504,7.4,0.123312165,0,16.3741609705031,23.9916251000677,0
27067,MN,Kandiyohi,26.9773869767104,8.52892604568659,3.06448741249218,0.189582445,0.0236978,0.497653917,0.094791222,0.629242470720561,0.260644972324371,0.687236362,0.663538556,14.4369192123413,36.6215990652646,7.0,0.142186833,0,16.174625346244,24.0464973129099,0
27069,MN,Kittson,26.1971226327636,8.2279608499248,1.92750966842299,0.881057269,0.0,0.660792952,0.440528634,0.77898953928333,0.881057262420654,0.440528634,0.660792952,4.92921209335327,24.8956884561892,8.7,0.0,0,22.6054481546573,21.6168717047452,0
27071,MN,Koochiching,45.2711259343753,16.672732615145,3.56469609084489,0.453583308,0.0,1.13395827,0.0,0.83913789622451,0.528900623321533,0.529180526,1.360749924,12.7878694534302,30.3444782168186,8.7,0.302388872,0,19.56276763579,20.9000075125836,0
27073,MN,Lac qui Parle,13.2599763487494,3.89743564600653,0.739004566377369,0.277046682,0.0,0.277046682,0.138523341,0.67988934214845,0.277008324861527,0.415570024,0.554093365,7.20973777770996,26.672384219554,8.5,0.0,0,23.7773798043808,21.132387381182,0
27075,MN,Lake,8.53555062862989,2.43568395498689,0.915542752075905,0.185511548,0.0,0.742046192,0.371023096,0.493005484686017,0.185580402612686,0.649290418,1.947871255,7.78982162475586,21.2383009359251,8.2,0.0,0,22.3449291367569,19.0226394257316,0
27077,MN,Lake of the Woods,41.1860252433372,14.649907938671,1.51606984561024,0.498628771,0.0,0.747943156,0.0,0.608272506082725,0.49862876534462,0.747943156,1.246571927,7.96164894104004,33.0783938814532,8.5,0.249314385,0,20.2966625463535,20.123609394314,0
27079,MN,Le Sueur,3.46828068517711,0.641268788064704,0.82865148095257,0.179985601,0.0,0.467962563,0.143988481,0.484758704580217,0.179998561739922,0.323974082,0.683945284,7.61656856536865,22.8763232636199,7.1,0.179985601,1,14.352236219904,25.4557268165903,0
27081,MN,Lincoln,96.4485331066791,25.324101505747,5.26313512210633,0.860881543,0.0,0.860881543,0.172176309,0.85940185630801,0.688705205917358,0.516528926,0.516528926,5.80654525756836,22.1105527638191,8.7,0.0,0,24.4911804613297,22.3202170963365,0
27083,MN,Lyon,25.9517420732708,6.6450415963611,2.22478561516069,0.348567002,0.0387297,0.309837335,0.077459334,0.831930470187527,0.387221693992615,0.813323005,0.813323005,10.0751895904541,28.1849710982659,7.0,0.077459334,0,13.6094674556213,24.2294156321306,0
27085,MN,McLeod,20.0948711979488,4.06640234922218,1.50196062603296,0.137536447,0.0275073,0.522638499,0.165043737,0.568607328100297,0.19262520968914,0.632667657,0.49513121,7.99204254150391,24.4095875925273,7.0,0.137536447,0,15.2874409975171,25.2789828381217,0
27087,MN,Mahnomen,35.1878088844321,19.476655207094,6.21996482144903,0.365363537,0.0,0.913408842,0.0,1.44508670520231,0.913408815860748,0.365363537,0.548045305,38.4801712036133,63.8914027149321,9.5,0.0,0,15.7953075928321,29.2998337336043,0
27089,MN,Marshall,64.3261550864831,17.0051280305346,3.37682032659789,0.634383591,0.0,0.317191795,0.0,0.740819134299926,0.740114212036133,0.317191795,0.951575386,6.20445680618286,27.296082209377,8.0,0.0,0,19.2393261998093,23.5830066744359,0
27091,MN,Martin,43.1241351075958,11.0477305409895,3.54857768541799,0.24251831,0.0485037,0.679051268,0.097007324,0.744810744810745,0.290993750095367,0.824562254,0.582043944,11.3414154052734,27.2314183706589,8.3,0.24251831,0,20.7149712092131,22.2264875239923,0
27093,MN,Meeker,14.5086177455412,3.63079213819858,1.78384787246873,0.172450959,0.0431127,0.474240138,0.08622548,0.401110099301852,0.25874337553978,0.474240138,0.689803837,8.39518451690674,28.3087210922262,7.9,0.172450959,0,16.4592274678112,25.4077253218884,0
27095,MN,Mille Lacs,6.54621641293785,2.34803911968478,2.21415328921577,0.309609505,0.0,0.774023763,0.0,0.427350427350427,0.270887345075607,0.387011881,1.006230891,12.899806022644,29.6549627602979,7.6,0.077402376,1,16.1167950339119,25.3477411196689,0
27097,MN,Morrison,33.062569831876,10.9940318839776,2.59740426591073,0.240601504,0.0300752,0.481203008,0.15037594,0.779075396345153,0.360869705677032,0.511278195,0.781954887,9.76763153076172,29.7364672364672,7.2,0.120300752,0,16.0401228989698,24.5948551117537,0
27099,MN,Mower,33.9130144448278,9.37716283428404,2.91766426668449,0.254000508,0.0254001,0.508001016,0.101600203,0.738680619052457,0.177931413054466,0.508001016,0.787401575,14.2373352050781,37.4612497960516,7.7,0.101600203,0,17.4092893802824,25.2355539667543,0
27101,MN,Murray,37.2990680920724,11.4391147405227,2.47454471456108,0.23174971,0.0,0.926998841,0.0,0.31090902024795,0.231749713420868,0.23174971,1.274623407,6.60989952087402,23.4005258545136,8.3,0.23174971,0,22.3610315186246,22.1661891117479,0
27103,MN,Nicollet,31.9773033186769,8.44454681563147,3.35536287437127,0.0606759,0.0,0.303379649,0.12135186,0.435279945741849,0.0303361248224974,0.546083369,0.303379649,9.00068664550781,25.9054770318021,6.7,0.091013895,1,11.9687108503682,22.5593546612888,0
27105,MN,Nobles,41.329953617523,13.5388611383117,3.83984511641291,0.323924109,0.0462749,0.370198982,0.185099491,0.973456818851709,0.231278046965599,0.601573346,0.647848218,11.6450338363647,44.320401897851,7.9,0.092549745,0,15.9977547010946,25.6478622883338,0
27107,MN,Norman,25.9787563067134,8.74925250004514,1.67414448395516,0.440399295,0.0,0.440399295,0.146799765,0.904431715405487,0.587199032306671,0.29359953,0.58719906,12.3139038085938,33.1546023235031,8.5,0.0,0,21.3806187974314,24.3140688849971,0
27109,MN,Olmsted,21.4937150710954,3.79443659794702,1.10644190119651,0.157729788,0.0342891,0.315459577,0.0480047,0.483343079524386,0.157738447189331,0.610345703,0.665208238,10.2945146560669,24.8451417461681,6.4,0.102867253,1,12.5707115523266,25.262048693916,0
27111,MN,Otter Tail,17.3687211856782,5.46488899798002,2.24328985317961,0.174584053,0.0,0.663419403,0.087292027,0.608038914490527,0.244421944022179,0.453918539,0.838003457,8.40178298950195,28.6551230308554,8.0,0.087292027,0,20.9971554717903,21.7388269375076,0
27113,MN,Pennington,17.2841912642157,4.94283627220711,1.48138887224831,0.142207053,0.071103527,0.568828214,0.071103527,0.781583060963479,0.213249921798706,0.497724687,1.066552901,10.4107618331909,28.0217292892712,7.5,0.0,0,15.8793969849246,23.7688442211055,0
27115,MN,Pine,16.0274882098786,5.68243659809109,3.31906764468442,0.202579512,0.0337633,0.844081302,0.0,0.650284071462797,0.27011513710022,0.337632521,0.607738537,15.5598936080933,37.5447570332481,7.6,0.0337633,0,16.3226890756303,22.181512605042,0
27117,MN,Pipestone,33.3150311062472,11.2148413522488,2.28059632265528,0.524769102,0.0,0.734676742,0.314861461,1.11467808097022,0.41977122426033,0.944584383,0.734676742,10.1628179550171,28.5714285714286,8.3,0.0,0,19.8103376406836,24.9166319299708,0
27119,MN,Polk,27.5078659200706,8.09248498256861,2.54787822487206,0.221989662,0.0317128,0.412266514,0.063425618,0.562346150581445,0.317097932100296,0.53911775,0.697681794,14.058614730835,28.5202150965943,8.0,0.063425618,1,16.5189873417722,23.8006329113924,0
27121,MN,Pope,12.5665334273735,3.03475437859993,1.6224358801811,0.183284457,0.0,0.641495601,0.183284457,0.405496388786877,0.183284461498261,0.274926686,1.099706745,9.46413230895996,27.5807722616233,8.0,0.183284457,0,21.2642110050023,21.2551159618008,0
27123,MN,Ramsey,24.4731320833792,5.8381421349898,1.66635893001191,0.195784621,0.0096923,0.306276933,0.079476926,0.671438348790354,0.317952692508698,0.680400021,0.668769251,19.7336368560791,47.7478043448215,7.7,0.094984618,1,12.0283501100975,23.2960443535703,0
27125,MN,Red Lake,39.2904117767985,10.6066294020692,1.9404491183067,0.979431929,0.0,0.244857982,0.0,0.876763722371748,0.489715963602066,0.489715965,1.224289912,10.5885248184204,31.8122555410691,7.7,0.0,0,17.1435558816337,24.6270481780386,0
27127,MN,Redwood,44.0672469191366,15.0701183133651,2.22323845411555,0.374461711,0.0,0.436871997,0.0,0.441723985612419,0.436844736337662,0.624102852,0.561692567,7.8702826499939,26.7901234567901,8.2,0.12482057,0,19.7023475932499,25.0140108350458,0
27129,MN,Renville,51.2678401969833,15.8525637666041,3.41315712863067,0.389029372,0.0,0.518705829,0.0,0.591016548463357,0.389029383659363,0.259352914,1.102249887,10.5461759567261,32.2274881516588,7.8,0.0,0,19.3579148124603,23.2422123331214,0
27131,MN,Rice,22.8177230700759,4.95330696488859,1.89241029061855,0.108599531,0.0155142,0.372341251,0.108599531,0.519114729494968,0.170664355158806,0.527483439,0.558511876,8.88783740997315,29.6054888507719,6.5,0.077571094,0,12.2868011599264,23.6397368338998,0
27133,MN,Rock,22.2515368970211,5.97644059243897,1.29963888161887,0.104177518,0.0,0.625065111,0.0,0.357653791130186,0.104188375174999,0.833420148,0.312532555,7.00523853302002,21.9358893777498,7.9,0.312532555,0,18.9429131826159,25.8387529678951,0
27135,MN,Roseau,29.5830904061482,8.26937015755276,2.6413292777511,0.386747454,0.0,0.773494908,0.0,0.613853708968726,0.386722534894943,0.515663272,0.773494908,5.6898775100708,21.5331010452962,6.9,0.064457909,0,14.3963145434769,26.2588777273018,0
27137,MN,St. Louis,27.2577641134919,9.07788079977366,3.36405148157057,0.174675104,0.0099814,0.519034596,0.079851476,0.642308850716441,0.199607774615288,0.514043878,0.888347673,14.0198535919189,32.3667275760705,7.3,0.089832911,1,15.8900442499975,19.757174392936,0
27139,MN,Scott,22.2967825250321,3.50891838915096,1.36497584255625,0.113146918,0.0226294,0.211207579,0.082974406,0.360704984017995,0.11315630376339,0.45258767,0.422415159,5.44638919830322,15.9690177982861,5.5,0.120690045,1,7.70888492087926,30.1921063973893,0
27141,MN,Sherburne,16.2788992648805,4.1604991576904,1.44895824467545,0.067223878,0.011204,0.280099491,0.078427858,0.281333258807967,0.0784243419766426,0.537791023,0.392139288,6.85563230514526,21.499815293683,6.1,0.100835817,1,8.25659046994881,29.126882789636,0
27143,MN,Sibley,3.27188923997959,0.659570589090195,1.73691219129862,0.263904467,0.0,0.527808933,0.263904467,0.534505940179418,0.26385223865509,0.3958567,0.329880583,6.83431768417358,30.8525671219972,7.3,0.131952233,1,16.2813608301589,25.6337843163011,0
27145,MN,Stearns,17.915655421625,4.81910670711803,1.53704461362415,0.224668614,0.0132158,0.310571319,0.085902705,0.497451727943925,0.224652290344238,0.740084845,0.687221642,10.5521211624146,26.1135934405085,6.4,0.171805411,1,12.100211096507,23.1675097250435,0
27147,MN,Steele,26.2351673179937,5.27898100741929,1.90295566473511,0.164086857,0.0273478,0.355521523,0.109391238,0.681405208964264,0.246157214045525,0.601651808,0.765738664,12.3828277587891,24.1246248392168,6.7,0.082043428,0,14.4083552055993,26.3834208223972,0
27149,MN,Stevens,16.0112521462799,3.78632259110403,1.92688588619168,0.411819211,0.0,0.411819211,0.0,0.50018972713788,0.103029057383537,0.72068362,1.132502831,5.75184869766235,19.9858256555634,7.4,0.102954803,0,16.4199054081843,20.9438618136953,0
27151,MN,Swift,46.7476814227942,15.1586606719509,2.36042455023962,0.309917355,0.0,0.516528926,0.309917355,0.729622680842193,0.413308531045914,0.723140496,0.826446281,9.46104907989502,26.5606595995289,7.8,0.0,0,20.0960850454871,22.3142185423694,0
27153,MN,Todd,34.2069677836064,13.335997025176,3.46754411246867,0.32140131,0.0,0.401751637,0.0401752,0.724223754539149,0.321452975273132,0.401751637,0.642802619,9.29793930053711,42.8169014084507,7.6,0.120525491,0,17.3810002008435,24.944768025708,0
27155,MN,Traverse,38.9628752212847,15.8348820884533,2.25820762213743,0.573230152,0.0,0.859845228,0.0,0.772722882256351,0.573394477367401,0.573230152,0.286615076,11.5271663665771,29.3005671077505,9.4,0.0,0,26.3350196739741,21.8662169758291,0
27157,MN,Wabasha,10.3015388621602,3.11357080304977,2.10848639880051,0.185133759,0.0,0.509117838,0.0,0.419072452970758,0.185116618871689,0.370267518,1.481070073,6.74745035171509,20.7957559681698,7.2,0.138850319,1,17.0326628529249,23.311496586086,0
27159,MN,Wadena,46.8844802925538,18.4675898029557,3.6831428345935,0.293061763,0.073265441,0.732654407,0.073265441,0.67794968644827,0.512858092784882,0.732654407,1.09898161,15.513988494873,42.2392745029648,8.1,0.146530881,0,21.0792458282164,24.0265838329842,0
27161,MN,Waseca,29.7184044389631,7.11619165219283,1.32416154252266,0.208517959,0.0521295,0.364906428,0.156388469,0.519831574569839,0.208496227860451,0.573424386,0.677683365,10.705717086792,24.5069511800841,6.9,0.156388469,0,14.7313963210702,23.6360785953177,0
27163,MN,Washington,39.61011066358,5.0721936016431,1.5436386099488,0.086992183,0.008285,0.231979155,0.0538523,0.368036664372412,0.107707731425762,0.497098189,0.625515222,5.06496858596802,13.4977683814893,6.2,0.149129457,1,10.4914838579635,26.7065878321631,0
27165,MN,Watonwan,4.66587091663192,1.2086861056147,0.411561335817929,0.447868148,0.0,0.537441777,0.08957363,0.998182414111618,0.447707742452621,0.537441777,0.806162666,9.63326168060303,41.3268080478521,8.2,0.358294518,0,18.954598162519,25.046829007225,0
27167,MN,Wilkin,30.1046842406206,7.12674864583478,0.643495958263368,0.0,0.0,0.608365019,0.0,0.455580865603645,0.15209124982357,0.152091255,1.064638783,12.405158996582,28.686327077748,7.6,0.0,0,17.7767639902676,23.9355231143552,0
27169,MN,Winona,15.1747055459225,3.63641768734811,1.49820496087741,0.097363399,0.0194727,0.350508237,0.0389454,0.597209578596009,0.0973747745156288,0.642598434,0.564707715,7.94184112548828,26.4855072463768,6.8,0.097363399,0,13.3907230718408,19.3719515749791,0
27171,MN,Wright,13.7832336606887,1.99456541990487,1.3485027446146,0.102989875,0.0237669,0.308969626,0.118834472,0.382845385436954,0.142612665891647,0.45949329,0.633783848,6.60867357254028,16.1991528810038,5.7,0.095067577,1,9.57016840417001,29.9607056936648,0
27173,MN,Yellow Medicine,32.3913145583733,9.50895830116345,2.11843631144139,0.486334014,0.0,0.875401226,0.097266803,0.689112029927151,0.389029383659363,0.583600817,0.486334014,5.8133807182312,31.6494217894096,8.2,0.0,0,19.4577505269209,23.7114389729833,0
28001,MS,Adams,24.5871683963524,15.7383946028601,6.41906513196374,0.123407275,0.0308518,0.740443649,0.123407275,1.08440736359297,,0.70959183,0.832999105,41.4322700500488,90.1524941845438,14.7,0.092555456,0,15.8404805399882,22.2776109236152,1
28003,MS,Alcorn,10.2403451732685,4.57996895221211,3.48484900629651,0.160991709,0.026832,0.563470981,0.026832,0.715297958597926,,0.751294642,0.858622448,20.1114673614502,49.2811501597444,12.1,0.134159757,0,15.8890358096986,24.3435788110209,0
28005,MS,Amite,18.2128138732044,10.8764737157344,6.06431843237068,0.304576258,0.0,0.83758471,0.0,0.778215121813177,,0.152288129,0.076144065,26.5898494720459,80.6422018348624,12.9,0.152288129,0,18.2012032594623,22.5039981722641,1
28007,MS,Attala,10.1619320212287,4.56054126401013,3.64353930602667,0.206302543,0.0515756,0.618907628,0.0,0.939604322179882,0.0515809580683708,0.515756357,0.309453814,26.8290767669678,64.4355070382074,13.5,0.103151271,0,17.2204048251891,25.9967286853404,1
28009,MS,Benton,35.4550615986604,22.3035025658652,8.66423039499624,0.114744693,0.0,0.688468158,0.0,0.811378388697976,,0.0,0.114744693,30.3775253295898,89.8832684824903,12.7,0.0,1,15.3854966204605,24.7107343338298,1
28011,MS,Bolivar,41.3729886115276,24.1614617832098,6.97217657689884,0.266319465,0.0295911,0.621412085,0.0295911,1.77953437155891,,0.503047878,0.71018524,51.4887619018555,82.0504926108374,13.4,0.118364207,0,12.0456875091521,25.3126372821789,1
28013,MS,Calhoun,7.78509878798276,4.19453173849818,4.24061617681481,0.335435395,0.0,0.536696632,0.0,0.943205551438388,,0.335435395,0.201261237,20.7237586975098,69.6232339089482,13.1,0.0,0,16.5485897607272,24.9899746023259,0
28015,MS,Carroll,45.6712755386843,24.2761679132682,4.3756704318793,0.0,0.0,0.479294479,0.0,0.655601394352234,,0.191717791,0.287576687,16.761209487915,84.0471092077088,12.9,0.0,0,17.1463621779749,21.5438331603284,0
28017,MS,Chickasaw,5.08577171694716,2.50545619841316,4.7287639156272,0.171477565,0.0,0.914547013,0.0,1.0048231511254,,0.514432695,0.400114318,21.1941089630127,69.1455696202532,12.9,0.0,0,14.4434222631095,26.2879484820607,1
28019,MS,Choctaw,3.3686253424185,2.10315458899247,4.45979837723123,0.473765249,0.0,0.473765249,0.0,1.08834571451394,,0.473765249,0.473765249,27.3094272613525,61.2841703750795,13.3,0.0,0,17.3862173862174,24.3009243009243,1
28021,MS,Claiborne,15.0871432902139,10.3833724977934,8.58046471035099,0.20447807,0.0,0.920151314,0.0,1.31030056690555,,0.408956139,0.0,57.2126007080078,93.9841089670829,14.8,0.0,0,12.1303623490212,23.6255726780508,1
28023,MS,Clarke,13.7839077280628,6.46969282106951,7.53585768095938,0.239578342,0.0,0.838524197,0.0598946,1.14258677619393,,0.299472928,0.419262099,20.4300746917725,57.5062344139651,12.1,0.0,0,16.3817834090366,24.6712885488884,1
28025,MS,Clay,15.9840199001869,10.0093544243698,4.41320886792187,0.29296875,0.0,0.9765625,0.0488281,1.29322302181753,,0.48828125,0.634765625,38.5451927185059,82.3461427333141,14.1,0.0,0,14.3064844431521,25.6954541048755,1
28027,MS,Coahoma,24.4185500090958,16.1748045099865,6.9915194110243,0.309525652,0.0386907,0.696432717,0.116072119,1.53318552517277,,0.541669891,0.541669891,60.7178649902344,91.1025145067698,15.9,0.0386907,0,12.1830905127911,29.3067186723261,1
28029,MS,Copiah,31.0093597360322,15.7815322368696,7.60332231641289,0.204890042,0.0,0.682966808,0.0,1.39872215506821,0.0341576710343361,0.375631744,0.409780085,46.9758567810059,76.7889908256881,13.4,0.0341483,1,13.6812795001528,25.0738564976739,1
28031,MS,Covington,0.0,0.0,4.14201724574669,0.256660336,0.0,0.564652739,0.0513321,0.998792948096768,,0.615984806,0.35932447,24.3244857788086,70.8545918367347,13.6,0.0513321,0,15.1114063777596,25.9965249386754,1
28033,MS,DeSoto,27.6934635153643,7.56273250055665,1.43961844398142,0.109771492,0.0243937,0.475676467,0.0365905,0.787043164053884,0.00609529390931129,0.646432122,0.707416284,9.96808052062988,40.1428750469984,10.9,0.091476244,1,10.1338277974847,28.2942227073153,0
28035,MS,Forrest,13.0067737282771,6.63866112219599,2.28075688464194,0.184701443,0.0263859,0.870735376,0.079157761,1.2018709738948,,0.936700177,0.646455052,24.0862598419189,65.6667244667938,11.5,0.092350722,1,11.5621747137481,23.6247898150372,1
28037,MS,Franklin,31.7582068736615,15.8748319173312,3.41723217575431,0.375704446,0.0,0.626174076,0.0,1.19979792876989,,0.375704446,0.375704446,28.3014888763428,63.1718646317186,12.6,0.0,0,16.1985710766199,25.1662971175166,1
28039,MS,George,10.1847205835223,4.23863248294712,2.21591590602492,0.087546509,0.0437733,0.9630116,0.0437733,1.25018171245821,,0.393959291,0.569052309,23.5600566864014,59.1443347437706,10.4,0.0437733,0,12.7513508725308,26.8402870050492,0
28041,MS,Greene,15.400356343357,7.21317651934889,3.73509508150288,0.279193132,0.0,0.558386264,0.0,1.31018097966599,,0.209394849,0.139596566,25.5381965637207,73.9088729016787,10.8,0.069798283,0,11.2291666666667,21.9166666666667,0
28043,MS,Grenada,20.1504440522608,8.41218921705419,3.74658338163933,0.231395779,0.0462792,0.925583117,0.0,1.04925744857485,,1.018141429,0.78674565,31.2634906768799,61.3259668508287,13.4,0.138837468,0,14.9593718615904,24.6096959737058,1
28045,MS,Hancock,44.8123662028023,17.0038889011362,1.93994461291956,0.089471447,0.0223679,0.492092961,0.0447357,0.802857879424005,,0.559196546,0.671035856,25.5226879119873,57.6886189258312,12.4,0.089471447,1,15.217737713128,23.8976530310273,0
28047,MS,Harrison,41.3647742927687,16.2727533440036,2.35450293776673,0.0890388,0.0209503,0.497569765,0.068088494,0.910516812778846,,0.759448588,0.775161317,25.834810256958,57.2819877486407,12.6,0.073326071,1,11.7324496940221,24.5065604874268,0
28049,MS,Hinds,27.6648933135395,11.1408880141952,3.2262643712795,0.124972284,0.0120941,0.657112334,0.0120941,1.07449904749648,0.00402930099517107,0.77402189,0.395073673,38.9565277099609,74.4685503267656,11.7,0.092721372,1,10.8245510324724,26.5173165909045,0
28051,MS,Holmes,26.3024507446696,19.9385215378836,10.2004937754308,0.157265674,0.0,0.524218914,0.0524219,1.73352486344612,,0.262109457,0.157265674,63.6363639831543,94.9973103819258,15.6,0.0,0,12.6158974893218,29.0499010313574,1
28053,MS,Humphreys,19.5824772432258,11.8185774156907,8.18081326694536,0.214684414,0.0,0.966079863,0.0,2.22185946965575,,0.429368828,0.429368828,62.0047760009766,94.3883277216611,15.7,0.0,0,12.4693333333333,28.8213333333333,1
28055,MS,Issaquena,24.9862574928614,16.1650008075782,12.1496237160969,0.0,0.0,0.0,0.0,1.44300144300144,,0.0,0.0,46.3292961120606,,13.4,0.0,0,14.4381223328592,19.9857752489331,1
28057,MS,Itawamba,11.3208731327692,4.40525958488868,3.42379783361933,0.171909919,0.0429775,0.515729758,0.0,0.596258211939446,,0.472752278,0.515729758,11.1838340759277,54.4802867383513,13.1,0.0429775,0,15.8155634374599,23.0759369257724,0
28059,MS,Jackson,25.1561605085716,8.57775528963363,1.71557097656804,0.150068603,0.0142922,0.585982163,0.064315115,0.852352373756813,,0.557397668,0.593128287,19.9132652282715,51.2056620854251,12.6,0.100045735,1,12.4158719248504,25.4890168112954,0
28061,MS,Jasper,13.0255031821038,5.53601558418548,9.90785915861695,0.178041543,0.0,0.712166172,0.0,0.746434263350078,,0.237388724,0.237388724,23.4952373504639,80.7242990654206,15.8,0.0,0,16.0297737662642,24.1648106904232,1
28063,MS,Jefferson,10.3634524082913,4.36799853689885,7.01435745176193,0.2634005,0.0,0.658501251,0.0,1.65837479270315,,0.2634005,0.13170025,46.8051414489746,95.5445544554455,15.3,0.0,0,12.9174216929847,23.6215376650272,1
28065,MS,Jefferson Davis,2.27855430871997,1.47007520883388,4.86745827039012,0.246528063,0.0,0.82176021,0.0,0.96271054964539,,0.493056126,0.082176021,46.7188453674316,99.2682926829268,13.6,0.0,0,16.5612236726195,23.6085528950108,1
28067,MS,Jones,13.1505768896219,7.74083638547321,3.41108921437272,0.191449568,0.0147269,0.633256263,0.0147269,0.863186725135123,0.0147223370149732,0.780525161,0.353445356,22.9780750274658,63.4942809744172,13.2,0.0441807,0,14.3858561709538,25.6017473177787,0
28069,MS,Kemper,36.8052710892138,19.8937028547233,12.917670079689,0.097012029,0.0,0.970120295,0.0,1.04015481373972,,0.194024059,0.097012029,28.511510848999,84.7938144329897,15.2,0.0,0,15.6369548584545,23.3454475899005,1
28071,MS,Lafayette,30.1391740711022,13.7355574042982,3.72442107405355,0.0620501,0.0206834,0.475717713,0.144783652,0.525305586422871,,0.785968396,1.034168942,12.0145998001099,46.7256057629339,10.1,0.103416894,0,10.4707397943021,18.5001372727081,1
28073,MS,Lamar,14.36243990924,5.14595715101962,1.42296654990527,0.174495707,0.0348991,0.401340127,0.122146995,0.683556570795694,,0.977175961,0.663083688,13.6830053329468,42.9763130792997,9.4,0.069798283,1,10.7944949513098,26.2460023716267,0
28075,MS,Lauderdale,17.4636725628519,8.54502841732718,3.08033989679453,0.173641257,0.0372088,0.955026914,0.0248059,1.17801047120419,,0.756579763,0.6077444,29.9957637786865,64.8732323654924,13.2,0.0372088,0,14.1014938762288,25.0183775432651,1
28077,MS,Lawrence,20.3936309702381,9.23167542449478,5.9630256243254,0.314366551,0.0,1.10028293,0.0,1.51382359971317,,0.471549827,0.235774914,27.1922206878662,63.472485768501,14.5,0.078591638,0,14.8658055534071,25.2610410704618,0
28079,MS,Leake,11.9175130410471,5.95898685898681,6.16735624935837,0.17200602,0.0430015,0.860030101,0.0,1.20902548253709,0.0430070534348488,0.430015051,0.34401204,26.5729637145996,76.0284565419115,12.6,0.0430015,0,13.026675068263,30.9262759924386,1
28081,MS,Lee,20.2706118230884,7.29244860609472,3.29338201299127,0.190453517,0.03571,0.880847518,0.0476134,0.911314409350673,,0.928460898,0.76181407,18.2284603118897,53.3996270975761,12.2,0.083323414,0,12.9646604752141,26.662646242914,0
28083,MS,Leflore,31.0710692926942,20.8769609776402,6.28079906694955,0.249609984,0.0312012,0.655226209,0.0624025,1.36788591616044,,0.592823713,0.655226209,47.5915946960449,93.9555555555556,14.0,0.093603744,0,11.9070458272736,27.0786273478355,1
28085,MS,Lincoln,22.6988498112296,10.9459674640686,3.57100219134684,0.114747985,0.028687,0.688487908,0.028687,1.07211079274117,,0.803235893,0.430304943,27.4707927703857,55.4060871027409,12.3,0.143434981,0,14.1787834466145,26.1062835183114,0
28087,MS,Lowndes,22.0913620143174,10.7225171650322,3.33376637754844,0.167810575,0.0167811,0.721585474,0.0503432,1.26389587173901,,0.637680187,0.704804417,29.2683944702148,61.519302615193,14.4,0.100686345,0,12.8874688435738,25.1844293146423,1
28089,MS,Madison,21.0029124881564,5.95802788213996,1.59457669806973,0.154843505,0.0206458,0.567759518,0.082583203,0.688040784823496,,0.908415228,0.784540424,19.4992046356201,42.9532414429862,10.6,0.123874804,1,10.4166885497306,26.9403275106877,0
28091,MS,Marion,16.6794205266958,8.96792056410868,5.28348084840512,0.149970006,0.0374925,0.599880024,0.112477504,1.41819832085319,,0.712357528,0.562387522,39.3674125671387,72.8585178055823,12.6,0.0374925,0,14.6817779090372,25.5906674542233,1
28093,MS,Marshall,16.9599339407855,6.48877402069874,5.7554421000772,0.217734473,0.0272168,0.762070655,0.0,1.14716486397902,,0.2993849,0.462685755,40.4409408569336,86.0160540768906,13.9,0.0272168,1,12.7261468877881,23.4304329097566,1
28095,MS,Monroe,7.37999101844191,2.91301708980259,3.53733023561235,0.245834471,0.0273149,0.464354002,0.0273149,0.839717013078535,,0.43703906,0.819448238,21.7029151916504,60.7590404582886,12.8,0.0273149,0,15.7614425910406,24.5532455594907,0
28097,MS,Montgomery,60.5840179078525,29.2766413071047,7.22121565848317,0.185735513,0.0,1.114413076,0.0,1.16983857797877,,0.650074294,0.650074294,26.6927700042725,72.4409448818898,14.4,0.0,0,17.1899313501144,24.4393592677346,1
28099,MS,Neshoba,5.76954701982093,2.39208690109086,3.96218373392903,0.100908174,0.0336361,0.773629331,0.0,0.875720440937832,0.0672427117824554,0.672721157,0.369996636,27.9413738250732,60.0,13.4,0.067272116,0,13.4654266073595,28.693220110527,1
28101,MS,Newton,11.3949416150923,5.85956112487422,4.86724846400011,0.280138202,0.0466897,0.840414605,0.0,1.06862336620218,0.0933532491326332,0.700345504,0.140069101,25.9428119659424,58.8008234688626,11.9,0.0466897,0,14.8848987108656,26.0267034990792,0
28103,MS,Noxubee,15.914877019285,9.62502763678103,8.63360931013828,0.265698344,0.0,0.708528917,0.0,1.35942235692637,,0.442830573,0.088566115,57.6083717346191,99.3548387096774,14.1,0.0,0,13.4430489389346,27.1026418362928,1
28105,MS,Oktibbeha,27.9781835287483,15.8349137369452,4.76469025723163,0.0419103,0.0209551,0.586743782,0.0209551,0.591384462151394,,0.670564322,0.859160537,22.1906929016113,64.3830570902394,9.0,0.08382054,0,9.21105074363869,18.2626754211156,1
28107,MS,Panola,22.7360340527965,12.4886665976283,6.49213442103009,0.116036203,0.0290091,1.247389185,0.0290091,1.27877856099943,,0.580181016,0.580181016,32.2890663146973,76.9547977795401,13.7,0.087027152,0,12.709251735961,26.9225228340104,1
28109,MS,Pearl River,14.0994611745594,5.91689628941014,3.5610034388769,0.162361091,0.0180401,0.469043152,0.0,1.03686288693975,,0.649444364,0.523163516,28.0626468658447,61.3584474885845,12.6,0.0541204,0,14.571766307268,24.5943332019916,0
28111,MS,Perry,6.29132954219159,3.15767802955456,4.29179088224365,0.329218107,0.0,0.905349794,0.0,1.3100557118429,0.0823113024234772,0.164609053,0.24691358,30.9764022827148,66.2613981762918,11.9,0.0,1,14.1387755102041,25.4204081632653,0
28113,MS,Pike,8.60308917121362,4.58605409176886,3.41125511240564,0.173138758,0.0247341,1.088300767,0.0494682,1.42975893599335,,0.791491467,0.519416275,34.9228324890137,72.3961218836565,15.2,0.098936433,0,14.1842391842392,27.1532521532522,1
28115,MS,Pontotoc,10.1314275776612,4.5017380110232,4.65634671346681,0.167931753,0.0335864,0.63814066,0.067172701,0.582902965723127,,0.470208907,0.403036206,12.9176158905029,53.2707028531663,10.5,0.0335864,0,12.7883299395801,26.9719931902393,0
28117,MS,Prentiss,4.91682688848073,2.79987334561466,3.35963773757663,0.276101448,0.0,0.591645959,0.0394431,0.85991860312459,,0.512759831,0.433873703,21.6197910308838,54.2177361211247,12.4,0.078886128,0,15.7145117898402,23.28295616395,0
28119,MS,Quitman,32.0175585133747,22.7902786902868,12.9395633816358,0.24835465,0.0,0.620886626,0.0,1.47473711208002,,0.496709301,0.24835465,62.3824768066406,99.3161094224924,14.4,0.0,0,14.0581296363857,26.1826583971786,1
28121,MS,Rankin,25.4621904878591,7.92836925652323,2.09706337770081,0.083248351,0.0277495,0.513364829,0.0138747,0.677964155730835,,0.867170319,0.485615379,12.8163356781006,37.4238239291508,10.8,0.145684614,1,11.464725280157,25.0916203563132,0
28123,MS,Scott,15.4113358135938,9.05735089815047,4.97522097772381,0.211685013,0.0352808,0.917301722,0.0352808,1.00589970501475,,0.670335874,0.38808919,24.6814441680908,71.2417061611374,14.4,0.0352808,0,12.4257005377866,27.0096235493915,1
28125,MS,Sharkey,6.57626119035083,3.7615994339095,7.02664349865573,0.410340583,0.0,1.231021748,0.0,1.94484962144891,,1.025851457,0.0,61.9296417236328,93.921568627451,14.8,0.0,0,14.3816110659072,25.5492270138324,1
28127,MS,Simpson,7.58078272910723,3.81900237126484,4.62961974829141,0.146028037,0.036507,0.657126168,0.0,0.998514405396849,,0.511098131,0.438084112,27.5203971862793,72.2708974662562,12.4,0.036507,1,13.9912009598953,26.3643966112788,1
28129,MS,Smith,14.0646377163555,5.27818759635448,4.41787107875478,0.241969633,0.0,0.483939266,0.0,0.642398286937902,,0.302462041,0.181477225,22.1311149597168,56.9407008086253,12.3,0.0,0,15.2810623976715,25.8383360620945,0
28131,MS,Stone,24.5265805962318,8.22029716019757,3.06503651204816,0.111794298,0.0558971,0.614868642,0.111794298,0.827416611197397,,0.558971492,0.391280045,23.5469093322754,51.4721532458319,11.7,0.111794298,0,12.0544248285168,24.3506128415608,0
28133,MS,Sunflower,22.4409763644755,16.3558457945617,5.72884467346393,0.280554094,0.0350693,0.771523759,0.0350693,1.49484717385952,,0.350692618,0.315623356,52.8710746765137,89.2533936651584,14.2,0.0350693,0,10.169779286927,24.2682512733447,1
28135,MS,Tallahatchie,51.7848499108669,37.9581785591877,9.28671873887024,0.195860808,0.0,0.587582425,0.0,0.981624864888712,,0.457008553,0.261147744,36.3641395568848,87.3075128324778,15.4,0.0,0,11.8090779034985,22.6622447652491,1
28137,MS,Tate,33.7486228932494,14.9757040772949,4.70990599402128,0.069577318,0.0347887,0.62619586,0.069577318,0.886275886275886,,0.487041225,0.208731953,21.800085067749,62.4094390395363,12.1,0.0347887,1,12.3831613930624,25.8221976043758,0
28139,MS,Tippah,6.61650115299172,4.10270921066819,4.33554033685019,0.181603559,0.0,0.681013348,0.0,0.734014377601211,,0.408608009,0.454008899,23.8693084716797,62.3624358033749,13.4,0.0,0,14.6410579345088,25.3823317740194,0
28141,MS,Tishomingo,0.0,0.0,2.41122646695638,0.40768486,0.0,0.509606075,0.0,1.17826212716724,,0.40768486,0.917290934,12.4111661911011,55.7361963190184,11.6,0.0,0,18.0370540499158,23.1613331291788,0
28143,MS,Tunica,27.7034981642477,19.6036057551779,8.28200233075653,0.283553875,0.0,1.79584121,0.0,1.81384248210024,,0.850661626,0.472589792,53.8830299377441,93.3515482695811,14.2,0.0,1,9.45444423826313,29.8478381889033,1
28145,MS,Union,13.0550533984219,6.26647050021423,4.12995389305715,0.109930377,0.0366435,0.696225724,0.0366435,0.869385472143187,,0.586295346,0.403078051,13.1270809173584,53.9991879821356,10.8,0.109930377,0,14.4578757278691,25.7610378123388,0
28147,MS,Walthall,27.9196128631545,13.5680742557869,5.88991032300065,0.195134643,0.0,0.455314167,0.0,1.12030905077263,,0.455314167,0.585403929,30.7171764373779,72.958555601149,13.8,0.130089762,0,15.8324159813508,26.387359968918,1
28149,MS,Warren,28.8798750461378,11.5780452811384,2.65244631167675,0.082805449,0.0207014,0.745249037,0.0621041,1.14556470620858,,0.745249037,0.57963814,32.2920761108398,67.2778720996039,13.0,0.103506811,0,12.8308695384742,25.9118774731921,0
28151,MS,Washington,16.314360112204,9.42068380097159,2.52986248836082,0.237896991,0.0198247,0.832639467,0.0396495,1.69179229480737,,0.614567226,0.436144483,55.8549270629883,88.300666801374,13.5,0.0594742,0,12.3100690302521,28.0364511019418,1
28153,MS,Wayne,4.93400940570299,1.5886583298969,2.68263881081887,0.242588909,0.0485178,0.776284508,0.0485178,0.972040720842812,0.0485130734741688,0.582213381,0.727766727,35.2019844055176,73.2471817431949,11.9,0.0,0,13.9008049356533,26.1917385646118,1
28155,MS,Webster,12.9961149236135,5.94741674798792,4.38434542092222,0.392850128,0.0,1.080337851,0.0,1.10402762559352,,0.392850128,0.49106266,23.4338817596436,53.8354253835425,12.7,0.0,0,15.7417341265971,25.1536135765142,0
28157,MS,Wilkinson,15.6115455325849,7.93265748115834,9.46472868771175,0.41736227,0.0,0.626043406,0.0,1.44896805202149,,0.41736227,0.0,38.1911392211914,99.1208791208791,14.7,0.0,0,13.8084632516704,22.9904839036242,1
28159,MS,Winston,15.0174720900452,8.48578615706824,7.7285121035875,0.157563025,0.052521,0.945378151,0.0,0.69630563876189,,0.577731092,0.630252101,37.0219078063965,76.158940397351,14.6,0.052521,0,16.5173455568288,24.945306802792,1
28161,MS,Yalobusha,21.6681888738582,12.0672962377127,5.2814030183434,0.239693193,0.0,0.87887504,0.0,1.05502244442652,,0.319590924,0.239693193,32.4160003662109,71.0206240084611,13.7,0.0,0,16.5483514749961,23.8365672819057,1
28163,MS,Yazoo,34.0339272164791,21.5837699142632,6.98378612795129,0.176903481,0.0,0.566091141,0.0,1.35071230123544,,0.353806963,0.353806963,41.0873107910156,85.7303877366997,12.6,0.0,1,11.8617495100659,25.2164617851416,1
29001,MO,Adair,18.8052433438126,8.57447574544402,4.048580456221,0.117027501,0.0390092,0.624146674,0.0390092,0.514704924227617,0.0779666304588318,0.741174176,0.780183343,15.5089349746704,36.4431486880467,8.0,0.078018334,0,12.5356347873628,19.4165657827938,0
29003,MO,Andrew,15.8085892362715,4.11048541795089,2.78395523514664,0.174469322,0.0,0.523407967,0.0581564,0.315783429982201,0.116272307932377,0.581564408,0.174469322,10.0970706939697,23.7452405676705,9.3,0.0581564,1,15.5051761031751,24.0818923139205,0
29005,MO,Atchison,5.237080525519,1.75319022289159,1.66888634075405,0.179436569,0.0,1.076619415,0.179436569,0.770346202646366,0.358873128890991,0.358873138,0.897182846,10.669810295105,31.9857312722949,10.7,0.179436569,0,21.5831134564644,20.7915567282322,0
29007,MO,Audrain,20.3354791113013,6.90158012627287,3.82512805051771,0.156696831,0.0391742,0.665961531,0.0,0.722063931930838,0.117513418197632,0.470090492,0.430916285,18.1343936920166,41.2477823772915,9.4,0.078348415,0,15.9974930471229,24.9480982412159,0
29009,MO,Barry,7.82834153089243,3.12702739814243,1.97300433286617,0.226462096,0.0566155,0.679386288,0.0,1.07138168382753,0.198025405406952,0.339693144,0.764309574,23.9753494262695,48.204060385216,9.3,0.113231048,0,17.6166530887434,24.2717082900244,0
29011,MO,Barton,23.0222418932305,8.74862678836906,4.34825642154747,0.162022035,0.081011017,0.567077122,0.0,0.986193293885602,0.162008911371231,0.486066105,0.486066105,24.7573738098145,44.4711538461539,9.6,0.0,0,17.1907756813417,25.9151749717787,0
29013,MO,Bates,4.75510422449051,1.50368472660289,1.4681000080153,0.176813815,0.0,0.589379384,0.117875877,1.01741576395954,0.176803395152092,0.530441445,0.943007014,18.4377326965332,41.2261380323054,9.5,0.0589379,1,17.7077834477095,24.9516100651065,0
29015,MO,Benton,6.29237231903185,2.22415735980607,3.81190835154399,0.105108262,0.0525541,0.630649569,0.0525541,0.87895088422459,0.157662391662598,0.157662392,1.3664074,22.8697071075439,50.0759878419453,10.7,0.0525541,0,25.9026028547439,18.0363140218304,0
29017,MO,Bollinger,28.937178621766,10.7954754475123,5.72430489933192,0.242326333,0.0,0.484652666,0.080775444,0.773972971517795,0.0807754471898079,0.242326333,0.242326333,24.3432159423828,41.5825809877855,9.3,0.0,1,16.654533689234,23.5945967807167,0
29019,MO,Boone,32.1646190412026,11.6180210784383,1.87872867461226,0.192749023,0.0240936,0.409591673,0.066257477,0.542419477655482,0.108283050358295,0.734855649,0.933628079,15.3511114120483,30.5346865251966,7.3,0.132514953,1,9.26697900911204,21.0591360165271,0
29021,MO,Buchanan,20.9831253916575,6.7603917601602,2.19542076552212,0.122673388,0.0334564,0.43493292,0.0557606,0.706938963577315,0.111466564238071,0.791800957,0.613366938,24.6461124420166,46.232508073197,10.1,0.111521262,1,14.0144168787345,23.5008576137039,0
29023,MO,Butler,18.0951288249593,7.42149186952577,3.27913749485064,0.232639293,0.0232639,0.721181808,0.0232639,1.14781006356506,0.209360748529434,0.674653949,0.604862161,29.609037399292,50.3993030347031,10.1,0.0465279,0,16.9766789736879,23.2999953264476,0
29025,MO,Caldwell,18.6662566175436,8.03213873115237,2.90298408507614,0.53873505,0.0,0.86197608,0.0,1.19373063604884,0.323171377182007,0.21549402,0.64648206,16.7069911956787,38.6843693421847,9.7,0.0,1,16.723259762309,25.509337860781,0
29027,MO,Callaway,14.7358056046159,4.62818869313961,1.96252083746697,0.090344438,0.0225861,0.654997177,0.0,0.556746793063236,0.0902954936027527,0.4743083,0.542066629,17.2130832672119,36.7286633061012,9.2,0.067758329,1,12.3161598845078,22.5638365063611,0
29029,MO,Camden,7.15537662523792,2.62001097295009,2.97396126186016,0.205493527,0.0456652,0.821974108,0.136995685,0.95601931044969,0.136926904320717,0.684978423,1.826609128,18.1569519042969,45.5603529190914,9.9,0.114163071,0,21.6671969455934,19.0673151220399,0
29031,MO,Cape Girardeau,26.4990359639794,7.49600729036216,1.9253609400557,0.130606274,0.0391819,0.56160698,0.0522425,0.482997617500542,0.0913850069046021,0.809758901,0.888122665,17.4834480285645,36.1734080897077,9.0,0.078363765,1,14.3166741549277,21.9348785580252,0
29033,MO,Carroll,21.9943600743389,5.7713993097987,1.9182672171827,0.108096422,0.0,0.864771376,0.108096422,0.999706508181085,0.108073055744171,0.432385688,0.864771376,17.8086223602295,40.7476635514019,10.0,0.0,0,19.1393222162453,23.582571274879,0
29035,MO,Carter,49.0581733527354,28.0853727073291,5.39609893788109,0.474008532,0.0,0.474008532,0.0,1.7300117108485,0.316005676984787,0.474008532,0.474008532,29.0271129608154,57.3272589217919,9.8,0.0,0,16.6001596169194,24.1819632881085,1
29037,MO,Cass,32.3543581937138,7.87207781772855,1.78002556792121,0.090026108,0.0200058,0.420121835,0.0600174,0.544618899604155,0.100008003413677,0.460133439,0.620179852,14.8238697052002,26.4235066609368,8.7,0.090026108,1,13.5607873097569,26.523452421641,0
29039,MO,Cedar,7.98451640359384,3.44754565127917,3.45836542240947,0.287542233,0.0,0.503198907,0.0,0.827354639225065,0.143771111965179,0.646970024,1.006397815,25.8405818939209,46.3107638888889,10.4,0.071885558,0,22.3573165498498,23.6589901301674,0
29041,MO,Chariton,31.8037033450458,11.2365531536966,2.46710810553309,0.258031222,0.0,0.903109276,0.0,0.915152307491175,0.386797308921814,0.258031222,1.161140498,14.0967254638672,38.9423076923077,11.5,0.0,0,21.3893500191546,22.5897075724684,0
29043,MO,Christian,16.2972631884123,4.15794359961904,1.33872905530881,0.101737162,0.0254343,0.445100084,0.0508686,0.591927239927842,0.101726815104485,0.534120101,0.597705827,14.9500761032105,28.9535853251807,7.8,0.114454307,1,12.2239156828808,27.364315052569,0
29045,MO,Clark,13.6379709953945,4.7371285110287,2.13170395021556,0.284697509,0.0,1.138790036,0.0,1.2914334911752,0.284738034009933,0.427046263,0.854092527,15.1569528579712,36.2727272727273,9.4,0.0,0,17.6635383106878,24.050987533268,0
29047,MO,Clay,28.9225941125999,5.94287975898188,1.29662288817494,0.14211674,0.0177646,0.239821999,0.075499518,0.498366120770845,0.106548756361008,0.661731071,0.635084182,12.2384662628174,25.7920410783055,8.7,0.079940666,1,11.2481357490121,25.8030359693429,0
29049,MO,Clinton,7.74773411031572,2.90986030828581,2.17070075007341,0.096730509,0.0,0.532017798,0.145095763,0.658279695728496,0.145095765590668,0.193461018,0.580383053,12.9998054504395,28.6632073140598,9.5,0.0483653,1,15.7161452056115,24.5576821096273,0
29051,MO,Cole,23.5095128257951,6.04080526633212,1.93096781252327,0.156918128,0.026153,0.457677873,0.052306,0.60893364587562,0.130748003721237,0.758437619,0.78459064,15.3307180404663,34.0247418844759,8.7,0.117688596,1,12.2713514936176,23.6044216344256,0
29053,MO,Cooper,23.0820259477233,7.81667361761536,2.57229927888587,0.113966608,0.0,0.683799647,0.0569833,0.561263318112633,0.170910954475403,0.911732862,0.740782951,16.6695194244385,38.0781499202552,8.9,0.170949912,0,15.3514004886086,22.6066700755639,0
29055,MO,Crawford,4.34265632174227,1.89726304382986,3.36172497907018,0.121021421,0.0,0.44374521,0.0,0.714803479381443,0.161322847008705,0.484085683,0.605107104,27.4232196807861,48.2729570345409,9.0,0.0403405,0,16.2657920310982,24.2994816974409,0
29057,MO,Dade,6.46217164330105,3.26430098662045,3.02194869232336,0.257433389,0.0,0.901016862,0.128716695,1.22225158562368,0.257466524839401,0.514866778,0.643583473,17.1163425445557,43.421052631579,10.3,0.0,0,20.5124952429278,22.6436635798554,0
29059,MO,Dallas,18.3740741141761,8.09938600987966,4.54210501161111,0.179716049,0.0,0.658958845,0.0599053,0.778816199376947,0.179791435599327,0.599053495,0.479242796,25.3527736663818,51.2087912087912,9.1,0.0599053,1,17.0054240925076,24.8494963342672,0
29061,MO,Daviess,22.0418864977682,9.14115606916262,6.01629747734449,0.361663653,0.0,0.482218204,0.120554551,0.80915968766436,0.241050988435745,0.602772755,0.723327306,15.5139169692993,38.5737439222042,9.4,0.0,0,17.0876319222104,26.7046128305467,0
29063,MO,DeKalb,37.7780501051779,13.7196220910084,3.29520312801323,0.156030582,0.078015291,0.390076455,0.0,0.618238021638331,0.234027609229088,0.390076455,0.312061164,10.4867305755615,29.0876242095754,8.2,0.0,1,13.7372013651877,17.9180887372014,0
29065,MO,Dent,15.486050045593,6.37851578360041,4.23607507891841,0.320903665,0.064180733,0.513445864,0.064180733,0.729639334483714,0.128336757421494,0.385084398,0.577626596,26.9419555664063,40.2202412165705,9.6,0.0,0,19.0138596155074,23.325030337868,0
29067,MO,Douglas,32.2232512875713,17.991401244457,1.70367256210933,0.073383723,0.073383723,0.587069788,0.073383723,0.791313949208686,0.146756678819656,0.366918617,0.660453511,29.7531318664551,56.3118811881188,9.8,0.073383723,0,19.8479976615025,22.3691902952353,0
29069,MO,Dunklin,7.38796918825885,3.9082569684444,3.40333154793026,0.343685559,0.0312441,0.593638693,0.0,1.28039967322315,0.249984368681908,0.531150409,0.687371118,38.626823425293,59.2412288064462,10.6,0.0624883,0,16.4867148624542,25.2996588739711,1
29071,MO,Franklin,7.36006583391732,2.48626064702296,1.91531930027604,0.206635966,0.0295194,0.47231078,0.0590388,0.606437108034552,0.118071883916855,0.57070886,0.629747707,16.2377815246582,32.9689122335552,8.6,0.068878655,1,13.7941906751271,24.7349544791708,0
29073,MO,Gasconade,6.8133919861599,2.43448097749412,1.64077090968314,0.331630961,0.066326192,0.729588114,0.0,1.17441446255232,0.265322357416153,0.530609538,1.525502421,15.2541236877441,34.2897130860742,10.0,0.0,0,20.1156221258705,22.0995926947839,0
29075,MO,Gentry,3.30796215985284,1.32467147865385,2.2446334683262,0.586768373,0.0,0.88015256,0.0,1.58624760218386,0.439753741025925,1.026844653,0.88015256,11.6671590805054,31.8024263431542,10.7,0.0,0,20.495696052241,24.5473434253488,0
29077,MO,Greene,20.4021570842632,5.90238478777592,1.09682621320038,0.155066156,0.0252433,0.403893242,0.0504867,0.723382722912346,0.111747145652771,0.908759795,0.85466695,19.5914249420166,37.704539625545,8.4,0.11179188,1,14.0249442171135,21.213123332873,0
29079,MO,Grundy,28.661647531439,13.3159442771458,4.08978729136848,0.487852473,0.0,0.390281979,0.0,0.741600567485652,0.195102915167809,0.292711484,0.487852473,17.16042137146,40.1315789473684,10.0,0.0,0,20.4658415359127,24.0424909852841,0
29081,MO,Harrison,25.9866185580178,10.9606428726304,3.91452336853966,0.337799797,0.112599932,0.90079946,0.225199865,0.897494653223343,0.225225225090981,0.45039973,1.125999324,18.8412437438965,41.1177644710579,10.3,0.112599932,0,20.698894719214,24.7962487439991,0
29083,MO,Henry,25.910714013387,10.9561955678902,2.41295230726712,0.089980654,0.0449903,0.989787196,0.0449903,0.884003671436525,0.134970977902412,0.719845233,1.034777523,22.5064945220947,44.4836716681377,9.9,0.089980654,0,19.5088002873563,22.2521551724138,0
29085,MO,Hickory,6.99263298707923,3.26287251595792,3.10301219474141,0.208073242,0.0,0.520183104,0.0,0.905121925247578,0.104036621749401,0.208073242,1.248439451,19.679479598999,49.6811594202899,11.1,0.104036621,0,29.5626882725667,17.2951075101278,0
29087,MO,Holt,99.5134934285867,35.7951392672683,5.36037512676357,0.206696982,0.0,1.240181893,0.0,0.859291084854995,0.413393974304199,1.033484911,0.620090947,10.9531955718994,33.9648173207037,10.5,0.206696982,0,21.2337133550489,19.7679153094463,0
29089,MO,Howard,26.442739326014,11.1718461358838,4.29185557839917,0.195618153,0.0,0.29342723,0.097809077,0.942406660766381,0.195675566792488,0.195618153,0.88028169,15.4805088043213,33.9455782312925,9.5,0.0,0,15.8615930599369,21.4708201892745,0
29091,MO,Howell,18.5080764257173,9.74867842520032,3.57500083252974,0.2463661,0.0246366,0.59127864,0.0492732,1.33935530450335,0.172452017664909,0.66518847,0.76373491,27.4968967437744,43.5930877078578,10.1,0.09854644,0,17.1014851485149,24.9108910891089,0
29093,MO,Iron,19.0718835415874,10.2340047301252,5.66811819731412,0.376364321,0.0,0.940910802,0.0,1.2531328320802,0.282113969326019,0.09409108,0.658637561,29.5408611297607,55.0602409638554,9.8,0.09409108,0,17.8645343367827,22.6058325493885,0
29095,MO,Jackson,23.7611477314604,6.60598818793022,1.38707648814158,0.145122836,0.0162893,0.373173007,0.069599728,0.711814346614465,0.084385558962822,0.734499252,0.688593049,24.6781940460205,43.4854089601315,9.2,0.069599728,1,12.4585037928794,24.5691662785282,0
29097,MO,Jasper,23.6642188787866,8.88548333573064,1.67359421690045,0.101610527,0.0423377,0.54192281,0.0592728,0.941366325981711,0.112778693437576,0.897559654,0.88909211,22.3329105377197,43.1672225817693,8.4,0.084675439,1,13.3845524854349,25.7904330346496,0
29099,MO,Jefferson,27.9359351953963,6.9241605237207,2.04853157451498,0.109319486,0.00911,0.405393095,0.0409948,0.535097717774175,0.0819855034351349,0.523822538,0.441832923,15.7540340423584,28.8988512188288,9.2,0.0637697,1,11.1524095586857,25.1393251132659,0
29101,MO,Johnson,16.254661044255,6.44602279835946,1.61245614023914,0.07489094,0.0187227,0.468068375,0.07489094,0.56222463248586,0.0937716811895371,0.52423658,0.617850256,13.9303073883057,27.5162548764629,8.2,0.0374455,0,10.7310580853693,22.8976138416199,0
29103,MO,Knox,19.308655156524,10.6579170386377,2.70268785003227,0.242424242,0.0,0.484848485,0.0,0.979911807937286,0.242424249649048,0.0,0.96969697,12.9819841384888,47.2795497185741,10.4,0.484848485,0,20.0435729847495,24.9818445896877,0
29105,MO,Laclede,19.9555226825216,7.74283308952124,3.50096227690214,0.140311492,0.0280623,0.617370563,0.0280623,0.757639928094795,0.140299677848816,0.701557458,0.785744352,25.927806854248,43.2080689767366,8.8,0.140311492,0,15.6194652947626,25.0400607236232,0
29107,MO,Lafayette,15.9224991212829,4.64193450758333,1.82113251395992,0.210748156,0.0,0.602137588,0.0602138,0.733071342200726,0.180701121687889,0.51181695,0.752671986,18.8044395446777,30.9236947791165,9.7,0.0301069,1,16.4614601120398,24.52592792307,0
29109,MO,Lawrence,10.7540791298493,4.35518721758759,2.69957988389134,0.18187487,0.0,0.72749948,0.0,0.78205561476937,0.15586844086647,0.389731864,0.649553107,20.5287246704102,44.0072302558398,9.3,0.077946373,0,16.3068799503028,26.3369053165605,0
29111,MO,Lewis,41.5228404144371,16.1986640223826,6.81127631707481,0.195752178,0.0,0.685132622,0.0,0.982897582071948,0.195733025670052,0.0,0.978760889,12.6614599227905,36.7675466838377,9.3,0.293628267,0,16.29615120948,23.455097443933,0
29113,MO,Lincoln,14.32423285017,4.50729786292819,3.00493995556688,0.113068878,0.0188448,0.50880995,0.0565344,0.54822506278817,0.0753636285662651,0.358051446,0.527654763,20.3152866363525,36.7671598620536,8.4,0.075379252,1,10.8720465700263,28.014305825058,0
29115,MO,Linn,26.532067089435,10.87175720418,2.09229368967454,0.238341146,0.079447049,0.55612934,0.0,0.961230374879846,0.238341152667999,0.476682291,0.397235243,17.9959926605225,35.5882352941176,10.1,0.0,0,19.042394796646,24.7316041062613,0
29117,MO,Livingston,10.6522211473551,3.23737534704996,1.14027909052353,0.198465202,0.066155067,0.52924054,0.066155067,0.969829974950677,0.198425814509392,0.330775337,0.79386081,15.021674156189,38.3064516129032,10.3,0.0,0,18.2033563672261,21.9085225403093,0
29119,MO,McDonald,7.36013867106936,2.21963653611799,4.01865851188652,0.218521918,0.0437044,0.74297452,0.0437044,0.932563968059684,0.218369215726852,0.218521918,0.524452603,24.565299987793,55.6129985228951,8.8,0.0437044,1,12.5070398128493,28.0509465840662,0
29121,MO,Macon,15.4168537954415,5.54452697980832,4.90256457586546,0.193748385,0.0,0.710410747,0.064582795,0.898991844859693,0.193748384714127,0.645827951,1.162490313,16.8230094909668,38.7657540199913,10.3,0.193748385,0,19.4398047025569,24.2772709752024,0
29123,MO,Madison,16.0498329165435,8.24321286358106,2.33090660179006,0.163158753,0.081579377,0.571055637,0.0,0.656062553556127,0.244678243994713,0.48947626,0.978952521,27.1292781829834,47.2046669907633,9.5,0.081579377,0,17.7245215115328,23.9734991002781,0
29125,MO,Maries,5.48134367744377,1.62717383746443,0.639797488105449,0.217580505,0.0,0.652741514,0.0,0.610161970268471,0.217462211847305,0.108790252,0.543951262,15.4631576538086,40.201850294365,9.5,0.0,0,17.9380993897123,23.4742807323453,0
29127,MO,Marion,15.6913516889552,6.22973865850926,1.54444310641144,0.243232913,0.0347476,0.938184093,0.0347476,0.953789064764887,0.173719689249992,0.660203621,0.903436534,22.8137321472168,41.3141845366909,9.4,0.243232913,0,15.6596365657899,23.9324554393524,0
29129,MO,Mercer,12.7972559905577,4.76912644021717,5.35434447494714,0.530082163,0.0,0.530082163,0.0,1.60901045856798,0.26497083902359,0.265041081,1.590246488,13.1247749328613,34.6020761245675,10.5,0.265041081,0,20.1585204755614,25.442536327609,0
29131,MO,Miller,4.15284440201354,1.35246253305978,3.83294722811125,0.242777373,0.0,0.971109493,0.0,0.967079018414796,0.161818847060204,0.647406328,1.17342397,25.0837364196777,43.8739789964994,9.1,0.121388687,0,15.7467270082431,24.8262485857443,0
29133,MO,Mississippi,0.532823961305803,0.342727612127429,2.79915164768674,0.351691637,0.0,0.562706619,0.070338327,1.25098915421496,0.281373113393784,0.562706619,0.633044946,34.3735389709473,58.5255540479421,10.2,0.140676655,0,15.238891210475,22.2036495333612,1
29135,MO,Moniteau,8.96468711472179,2.7364458455527,2.72505173838032,0.190961171,0.0,0.636537237,0.0,0.592,0.254695951938629,0.50922979,0.636537237,13.4024457931519,34.7771761765931,9.2,0.127307447,1,13.7950919459217,25.1553789966041,0
29137,MO,Monroe,4.31383090459036,1.32796694582209,2.33770532979611,0.23046785,0.0,0.806637474,0.0,0.804320349304837,0.230467855930328,0.23046785,1.037105324,13.8697052001953,37.0151216305063,9.8,0.115233925,0,18.6425339366516,23.3144796380091,0
29139,MO,Montgomery,10.4828016863729,4.63224158101703,2.34857318514452,0.24572037,0.0,0.573347531,0.0,1.00033344448149,0.163786754012108,0.40953395,0.819067901,20.8629093170166,44.0871934604905,10.0,0.08190679,0,18.6825760052305,23.3164432821183,0
29141,MO,Morgan,3.00169516768241,1.2033798040815,6.28064073001653,0.392715134,0.0490894,0.736340877,0.0490894,1.16816622756872,0.245434910058975,0.441804526,1.37450297,22.5487747192383,51.2906309751434,10.1,0.147268175,0,22.0520301483102,22.047167517627,0
29143,MO,New Madrid,3.06189841222559,1.68313481704347,5.34938226238364,0.319437789,0.0532396,0.532396316,0.0,1.25306505120438,0.319454789161682,0.479156684,0.692115211,32.1733093261719,53.4332520041826,10.1,0.0,0,16.0635155096012,23.8130407258915,1
29145,MO,Newton,20.578166012,8.74972320789538,3.06619544539709,0.102494021,0.0170823,0.614964127,0.0341647,0.736426890585586,0.102462515234947,0.54663478,0.580799453,18.2722969055176,43.6011137465195,9.7,0.051247,1,15.2407337302543,25.4017964690092,0
29147,MO,Nodaway,46.161765192727,21.9391365371747,4.78344156482382,0.0427095,0.0427095,0.34167592,0.0427095,0.491054272172168,0.085375227034092,0.640642351,0.555223371,7.62515544891357,25.3374469726186,8.0,0.0427095,0,13.1664527171588,18.2413350449294,0
29149,MO,Oregon,17.1918857289403,9.25402917959921,4.33786572394972,0.362187613,0.0,0.633828323,0.0,0.992694977418084,0.271616101264954,0.452734516,0.81492213,29.0393676757813,48.9827060020346,10.3,0.0,0,19.7867843029133,22.29574487639,1
29151,MO,Osage,15.2246788070341,4.43752173562925,2.66872728354124,0.360178649,0.0,0.720357297,0.0,0.613364121806899,0.144081845879555,0.144071459,0.936464486,9.9606876373291,22.6415094339623,9.0,0.0,1,14.9661334486237,24.7369938031417,0
29153,MO,Ozark,55.1468183962113,28.1877854403036,4.03049897345875,0.311300197,0.0,0.726367127,0.0,1.11967503385064,0.207576543092728,0.103766732,0.933900591,21.52024269104,52.6978417266187,10.1,0.0,0,23.4392677157256,20.0452535225753,0
29155,MO,Pemiscot,7.38533337074667,4.35638531624145,3.00636811544524,0.384721077,0.0,0.659521847,0.109920308,1.29295271750133,0.219852700829506,0.274800769,0.659521847,43.0259132385254,61.0591900311526,10.6,0.109920308,0,14.7190642763446,27.5142107564495,1
29157,MO,Perry,15.6119008512027,4.8109591817981,2.35652858093219,0.15786981,0.0526233,0.68410251,0.0526233,0.661653871770603,0.157853201031685,0.73672578,0.68410251,15.8805360794067,36.8694955964772,9.2,0.0526233,0,15.6027621105898,25.101470665753,0
29159,MO,Pettis,16.7299190521805,6.12537046064044,2.01855826644733,0.213619425,0.0237355,0.498445325,0.047471,0.811298313602243,0.11864648014307,0.688329259,0.664593767,20.3225116729736,49.740616417455,9.3,0.14241295,0,14.6987038221843,25.5538968270894,0
29161,MO,Phelps,13.8453791995888,6.34185450076504,2.77050038222056,0.176948088,0.0221185,0.619318307,0.0,0.744659568319737,0.0883470252156258,0.68567384,0.774147884,18.3897247314453,40.5526397036122,8.7,0.088474044,0,13.6349543803703,21.6848259367526,0
29163,MO,Pike,23.9543282009154,9.97122305180568,4.04797899944573,0.214316331,0.0,0.750107158,0.0,0.785528323906994,0.160754472017288,0.375053579,0.642948993,16.0173511505127,37.8085265519821,9.0,0.0535791,0,15.5703175631886,22.1808165910564,0
29165,MO,Platte,34.9416593014456,6.06042341602706,1.28411343682845,0.110120031,0.011012,0.264288074,0.05506,0.421853839413098,0.0770390555262566,0.649708182,0.880960247,8.67441082000732,19.431466736856,8.5,0.154168043,1,11.1585051834934,24.6255121918452,0
29167,MO,Polk,7.4670196820555,3.41659912810772,2.93883015087237,0.096153846,0.0320513,0.416666667,0.0,0.875863773629515,0.0961446017026901,0.576923077,0.544871795,24.3935794830322,40.7461328480437,9.6,0.0320513,1,16.1383562963677,24.6202267398915,0
29169,MO,Pulaski,16.7181419755063,6.40094289085656,3.8929789719869,0.112667593,0.0187779,0.43189244,0.0375559,0.513215293815756,0.1126464381814,0.43189244,0.657227626,13.0270204544067,29.2016806722689,8.2,0.075111729,0,7.20817232276084,23.9832421471477,0
29171,MO,Putnam,27.0313420730751,11.1100282746382,3.42858373501227,0.40201005,0.0,0.40201005,0.0,0.861894139119854,0.401929259300232,0.603015075,0.603015075,13.4169359207153,37.109375,10.4,0.0,0,21.6107652138984,23.2978509740912,0
29173,MO,Ralls,9.1018500842975,2.87540036064231,4.52687489110902,0.292226768,0.0,0.876680304,0.0,0.583827965359541,0.292226761579514,0.097408923,0.097408923,12.4849138259888,30.8108108108108,9.3,0.0,0,16.4847054194944,23.3893970689486,0
29175,MO,Randolph,15.7327411088275,7.3150961453081,2.76578605170544,0.118694362,0.0395648,0.356083086,0.0,0.878405053296486,0.118684969842434,0.514342235,0.791295747,23.803882598877,42.810539523212,9.5,0.118694362,0,14.1850948296215,23.1329188636185,0
29177,MO,Ray,13.2838833736211,3.49431058118794,2.98867485732192,0.128639424,0.0428798,0.600317311,0.0,0.520291363163371,0.12863390147686,0.300158655,0.428798079,15.4045219421387,29.2075049005881,10.1,0.085759616,1,14.8250617178854,24.9723333617094,0
29179,MO,Reynolds,45.3273358908672,20.6986930339458,6.64614398913956,0.152230172,0.0,1.065611204,0.0,1.01244937753112,0.304460346698761,0.304460344,0.456690516,29.1469554901123,53.5008976660682,10.3,0.0,0,20.0567502986858,22.8793309438471,1
29181,MO,Ripley,22.2507438109821,13.1103698487266,3.90853749800742,0.141512772,0.0,0.566051086,0.0,0.944001139925905,0.141452714800835,0.424538315,0.212269157,35.9757995605469,58.2663847780127,9.9,0.0,0,18.7659574468085,23.4539007092199,1
29183,MO,St. Charles,39.015374346084,5.00678187942522,1.32118198277592,0.112204266,0.0109468,0.270932253,0.073890615,0.430832605483916,0.0765981674194336,0.708802562,0.689645736,7.65035390853882,16.0655237320039,8.1,0.103994198,1,11.2010208469146,25.7597403498065,0
29185,MO,St. Clair,8.63421029132321,3.55957667623031,3.64929740457282,0.619003405,0.0,0.722170639,0.103167234,1.36338047990993,0.412626355886459,0.103167234,1.031672341,26.122013092041,45.1713395638629,10.6,0.0,0,23.4064252932177,19.9898011218766,0
29186,MO,Ste. Genevieve,28.5008805803648,8.53634192603803,2.92643016510455,0.16499835,0.0,0.60499395,0.1099989,0.521420518602029,0.0549299642443657,0.4399956,0.82499175,15.3199310302734,37.1807967313585,9.1,0.0,0,16.0429870487738,23.2626067787269,0
29187,MO,St. Francois,14.5823959027956,5.6351611177237,2.36612018889451,0.182993778,0.030499,0.625228742,0.0152495,0.828061552153971,0.137249514460564,0.625228742,0.594729779,26.2393989562988,45.2474690663667,9.2,0.0609979,0,14.3117244755887,22.0444009241267,0
29189,MO,St. Louis,26.5126887036615,4.9898222699238,1.10879939269215,0.184127416,0.0090062,0.335231981,0.071049166,0.560754389577365,0.0790030807256699,0.811561601,0.740512435,16.0416965484619,30.3357207720827,9.0,0.145100409,1,14.9649533411949,23.44192024858,0
29195,MO,Saline,24.9968927780914,9.80461086164608,1.81497243105071,0.257113473,0.0428522,0.771340418,0.0,0.728394532756331,0.170925557613373,0.599931436,0.642783682,22.4775333404541,45.1831750339213,9.5,0.128556736,0,15.8279845956354,23.0894308943089,0
29197,MO,Schuyler,82.2495262389716,31.531414479601,8.0796456282593,1.139471285,0.0,1.139471285,0.227894257,1.39206712433257,,0.455788514,0.455788514,14.7818813323975,44.047619047619,10.4,0.0,0,19.634394041977,25.727826675694,0
29199,MO,Scotland,12.9050364231827,6.69971805312131,4.7769301259918,0.413736036,0.0,0.413736036,0.0,1.6403526758253,0.206868022680283,0.0,1.034340091,11.750599861145,42.9042904290429,9.0,0.206868018,0,18.149907082387,28.1230642163948,0
29201,MO,Scott,28.4945040494629,12.0987454826106,4.66861052141711,0.281135789,0.0,0.74117617,0.0,0.781403033632268,0.229984924197197,0.383366984,0.971196361,29.5149536132813,48.2228347599014,9.4,0.0511156,0,14.9830318185298,25.1333214258376,0
29203,MO,Shannon,29.2247321823808,13.0900045788019,4.37130490183141,0.475228704,0.0,0.356421528,0.0,0.84154844914643,0.237670823931694,0.0,0.831650232,29.6833782196045,60.1106330669945,9.7,0.0,0,17.3202227224263,23.3503139438455,1
29205,MO,Shelby,39.9778991451354,14.9099304881409,4.38740254648768,0.320718409,0.0,0.801796023,0.0,1.09613945032617,0.32071840763092,0.160359205,0.962155228,15.066216468811,32.159406858202,10.4,0.160359205,0,19.4413933783148,25.0588419896438,0
29207,MO,Stoddard,5.69048530202009,2.30563157553436,2.00555017555127,0.201025229,0.0335042,0.7035883,0.0,0.771941600939755,0.268033623695374,0.469058867,0.536067276,22.0478076934814,44.1348402182385,9.7,0.06700841,0,17.83902829685,22.7943139348639,0
29209,MO,Stone,0.652315545959667,0.318045089294544,2.47806602613654,0.186846039,0.031141,0.653961136,0.031141,0.762903362054401,0.124552391469479,0.404833084,1.121076233,18.2476215362549,45.2484543164644,10.2,0.062282,0,24.439475808956,18.7317557915657,0
29211,MO,Sullivan,26.7476428696302,13.9614105103575,4.43381789029325,0.450382825,0.0,0.900765651,0.0,0.776555657398921,0.300210148096085,0.300255217,0.450382825,18.2557849884033,49.9180327868853,9.8,0.0,0,17.0390229371463,24.2031575811737,0
29213,MO,Taney,20.7074642555077,8.65882051759952,2.60678159026116,0.228041504,0.0190035,0.798145262,0.095017293,0.906412871062769,0.151926621794701,0.912166014,1.748318194,23.1621532440186,47.575230042278,9.4,0.13302421,0,17.7068214804064,22.1132075471698,0
29215,MO,Texas,18.0728183218948,6.1851628802583,3.76484014229278,0.231544013,0.0385907,0.501678694,0.0,0.803951956605967,0.192923560738564,0.385906688,0.656041369,22.5233097076416,43.7915997245811,9.7,0.0385907,0,18.0021531836358,21.9970778222086,1
29217,MO,Vernon,19.2412832629448,8.47398246905014,3.35952191990575,0.095315255,0.0476576,0.524233904,0.095315255,0.530171582803162,0.142314985394478,0.667206786,0.762522042,20.9525184631348,40.8808933002481,9.7,0.0476576,0,16.4279975424169,24.8735762559667,0
29219,MO,Warren,5.73696269673201,1.78932356404417,2.69514100528989,0.184195985,0.0306993,0.337692638,0.0306993,0.480871981192563,0.122808635234833,0.429790631,0.706084607,19.5251197814941,39.2277314611672,9.0,0.184195985,1,14.6064651062652,24.9930796912004,0
29221,MO,Washington,18.3569506400018,8.96054796545013,4.4311702139551,0.079700327,0.0398502,0.478201961,0.0398502,1.0028558145713,0.119536198675632,0.23910098,0.318801307,37.0595588684082,52.2082018927445,9.2,0.0398502,0,13.407422107561,24.064298471919,1
29223,MO,Wayne,33.3907617169184,19.235962668146,4.67713741835986,0.372800477,0.0,0.745600954,0.0,1.38660896383624,0.0745600983500481,0.521920668,0.671040859,27.5040435791016,54.3869209809264,11.0,0.0,0,21.4111382294209,20.7529028917979,1
29225,MO,Webster,4.37432889632189,2.07088921694823,4.01872972260722,0.137434375,0.0274869,0.577224375,0.0274869,0.795484764288924,0.164898589253426,0.412303125,0.412303125,17.3977565765381,38.2794891059354,8.5,0.1099475,1,13.1263466106845,27.7305121264019,0
29227,MO,Worth,29.670773084191,10.2655023920186,3.3122382390378,0.471698113,0.0,0.943396226,0.0,1.44300144300144,0.472143530845642,0.471698113,0.471698113,10.5718402862549,35.9550561797753,10.7,0.0,0,23.6757254721327,20.4514048825426,0
29229,MO,Wright,11.8812783223174,6.08763546304661,2.85693103265497,0.268197179,0.0536394,0.643673229,0.107278871,1.13622130370211,0.26821157336235,0.37547605,0.536394357,32.5880813598633,54.2983915696062,9.2,0.107278871,0,17.4913632739835,25.8942333244752,1
29510,MO,St. Louis,10.1732377497893,4.67393264747662,1.87423762217517,0.350984952,0.0,0.397991865,0.087746238,1.05210389349157,0.0657701045274735,0.924469292,1.090560385,48.0276374816895,75.9030775657986,11.2,0.115950386,1,11.0164926368801,21.1526054357426,1
30001,MT,Beaverhead,21.2271800348368,8.48697684815317,0.775188693932108,0.325909832,0.0,0.760456274,0.108636611,0.78464940437977,0.217178851366043,0.543183053,1.95545899,11.3830699920654,,8.7,0.108636611,0,16.9262383733506,20.1168072680078,0
30003,MT,Big Horn,47.019999098683,24.4505628257831,3.32008938508621,0.459629232,0.0,1.072468209,0.0,0.727356251435572,0.306278705596924,0.459629232,0.536234104,42.0321655273438,64.6276595744681,11.6,0.0,0,10.0272055965799,33.1752817722503,1
30005,MT,Blaine,34.0127433843451,20.0868428735478,5.03107302226139,0.608550129,0.0,0.456412597,0.152137532,0.897800389046835,0.608457565307617,0.608550129,0.304275065,27.6066703796387,71.805441055235,10.6,0.0,0,13.5110152518872,30.0261901093822,1
30007,MT,Broadwater,26.6176141266732,11.0979354766634,2.14359746347343,0.174550532,0.0,0.349101065,0.0,0.521195274496178,0.174703001976013,0.174550532,0.872752662,10.9607267379761,33.0903790087464,7.6,0.0,0,17.7655024946543,22.4875267284391,0
30009,MT,Carbon,35.9277750364714,11.1842476616658,2.27370555457079,0.297324083,0.0,0.297324083,0.0,0.633619696520852,0.297383040189743,0.594648167,1.090188305,8.26344394683838,18.9388356669123,7.4,0.099108028,1,18.8033339948402,19.7062909307402,0
30011,MT,Carter,99.9999998050164,41.504469536737,2.11196784899254,0.88028169,0.0,2.64084507,0.0,0.849617672047579,0.880281686782837,0.0,0.0,2.01670980453491,17.0731707317073,8.1,0.0,0,23.1896551724138,17.5,0
30013,MT,Cascade,24.3623280441907,8.20950347505126,1.56540561298093,0.134681784,0.0244876,0.318338761,0.146925582,0.626098731895142,0.134648814797401,0.844822098,0.820334501,15.1396312713623,30.0741507156406,8.1,0.122437985,1,15.6036740565864,22.9075214873289,0
30015,MT,Chouteau,71.3856159764862,34.6978813183909,1.49222993143568,0.516528926,0.0,0.172176309,0.172176309,0.508130081300813,0.516262233257294,0.172176309,1.033057851,5.66329383850098,33.2810047095761,8.9,0.172176309,0,17.3404438327886,26.6815757784277,0
30017,MT,Custer,40.7079568378943,17.589280811453,2.9165143543291,0.170140366,0.085070183,0.340280732,0.0,0.672947510094213,0.25514543056488,0.765631646,1.020842195,9.38957214355469,21.8767351471405,7.9,0.0,0,17.471578767416,22.7113428498162,0
30019,MT,Daniels,99.9999998779875,34.9227771926165,4.09138465436667,1.135718342,0.0,0.567859171,0.0,1.11982082866741,1.13571834564209,1.135718342,1.135718342,3.84976530075073,19.4756554307116,8.6,0.0,0,24.8429468874929,21.0165619645917,0
30021,MT,Dawson,41.3948635623048,10.2086722764336,3.23514792312435,0.332520505,0.0,0.554200842,0.0,0.756838577143475,0.332409977912903,0.554200842,0.775881179,5.71567869186401,,8.9,0.110840168,0,17.9121124247156,20.8454160160607,0
30023,MT,Deer Lodge,6.52813382700461,3.33251236218338,0.712692864501809,0.323345549,0.0,0.538909248,0.0,0.776706043856797,0.323345541954041,0.323345549,0.970036646,17.0954093933105,33.8155515370705,7.6,0.10778185,0,19.1654119165412,18.9072918907292,0
30025,MT,Fallon,22.4363981537746,5.38581811707436,0.100928191899949,0.341296928,0.0,0.682593857,0.0,0.496031746031746,0.341296941041946,0.682593857,1.706484642,3.24961447715759,14.8846960167715,7.5,0.0,0,17.439446366782,23.4948096885813,0
30027,MT,Fergus,29.4493989164469,11.8929856257602,1.46016315755377,0.611140213,0.0,0.436528724,0.087305745,0.779769712869844,0.0872372016310692,0.611140213,1.309586171,8.73148345947266,28.3385579937304,8.4,0.174611489,0,21.4914552045572,20.1967892283791,0
30029,MT,Flathead,11.8078037354904,3.99962101563352,1.20546115158998,0.1534482,0.0109606,0.460344601,0.098645272,0.670246163136279,0.153402805328369,0.756280416,1.150861502,17.5646457672119,29.7237076648841,6.3,0.164408786,0,14.4103026570473,23.374538096076,0
30031,MT,Gallatin,15.1903909687524,4.32071028742011,1.66970651833004,0.23002355,0.021907,0.383372583,0.098581521,0.504783294102404,0.142287984490395,1.007722219,1.325373788,7.66166496276856,18.6980980444683,3.6,0.164302536,0,9.46231273669746,20.9276864812932,0
30033,MT,Garfield,55.3010247020034,19.201744532967,2.10594998285816,0.797448166,0.0,1.594896332,0.0,0.793021411578113,0.79744815826416,0.0,1.594896332,3.01446938514709,,7.8,0.0,0,20.5638474295191,23.134328358209,0
30035,MT,Glacier,24.9959821211204,10.3275563364398,2.70855792711851,0.294811321,0.0,0.368514151,0.07370283,0.869131840614592,0.147318795323372,0.515919811,0.958136792,51.3646011352539,79.1621129326047,11.2,0.0,0,10.5530263452496,31.6142995745951,1
30037,MT,Golden Valley,100.000000350554,39.5728644981734,0.29940120173486,0.0,0.0,1.204819277,0.0,1.19189511323004,,0.0,0.0,8.46432876586914,37.5,7.7,0.0,1,21.3800904977376,21.7194570135747,1
30039,MT,Granite,63.5761386326986,21.8926632958256,4.81704352052642,0.972762646,0.0,0.972762646,0.324254215,0.777313176798542,0.324254214763641,1.297016861,0.972762646,7.65529298782349,14.2857142857143,7.8,0.0,0,24.4559922052615,17.0185125040598,0
30041,MT,Hill,46.5833035085976,16.0533632272402,2.26121028345928,0.0610314,0.0610314,0.549282881,0.122062862,0.911442421279889,0.243976816534996,0.854440037,0.793408605,24.7813701629639,56.331592689295,8.2,0.244125725,0,12.6615308151093,26.7768389662028,0
30043,MT,Jefferson,30.4693008801999,12.5440005169168,2.22983635360324,0.263829039,0.0,0.351772052,0.0,0.350846416980967,0.175824180245399,0.351772052,0.791487116,8.97617149353027,19.191270860077,7.5,0.0,0,14.0715412940558,23.0668069437138,0
30045,MT,Judith Basin,61.5883426822495,20.3563523204346,3.36801822113675,0.995520159,0.0,0.0,0.0,0.988142292490119,0.497760087251663,0.0,0.995520159,3.99201607704163,33.587786259542,7.7,0.0,0,20.8011583011583,20.6081081081081,0
30047,MT,Lake,17.8546802475335,8.06914397297659,2.69978637674488,0.276166805,0.0,0.483291908,0.0345209,0.779111755100163,0.276100099086762,0.655896161,0.759458713,26.0678749084473,47.2325581395349,8.4,0.069041701,0,16.8162526960273,25.3287413901065,0
30049,MT,Lewis and Clark,24.6811961277951,6.2821902500282,1.26512022892343,0.140095265,0.0311323,0.326888951,0.0311323,0.638397352898863,0.140051662921906,0.731608605,0.918402291,13.4845952987671,24.4258872651357,7.5,0.186793686,0,13.8133922233615,22.676867260825,0
30051,MT,Liberty,50.4044462091428,19.6506760675506,10.9869166201177,0.420698359,0.0,0.0,0.0,0.487736900780379,0.420344680547714,0.0,0.420698359,3.55351161956787,21.0144927536232,8.4,0.420698359,0,19.7520307823856,21.9752030782386,0
30053,MT,Lincoln,14.8722596518525,6.45681387470559,1.74910388802785,0.458692218,0.0,0.458692218,0.0,0.996186274006807,0.305779218673706,0.560623821,1.019316039,20.9937381744385,37.3651771956857,8.9,0.0509658,0,20.5211560928532,19.7897089449891,0
30055,MT,McCone,92.0985591136949,30.673921707534,1.38147190578107,0.585137507,0.0,0.585137507,0.0,0.587889476778366,0.585137486457825,1.755412522,1.170275015,2.00980401039124,26.0377358490566,7.9,0.0,0,22.0299884659746,20.9342560553633,0
30057,MT,Madison,36.8997550494742,10.9926357544176,1.9502077233633,0.392516028,0.0,0.65419338,0.392516028,0.722013879908617,0.39246466755867,0.392516028,2.616773518,5.6323938369751,25.2821670428894,6.5,0.392516028,0,20.9595631257314,17.7350149525419,0
30059,MT,Meagher,99.9999997997224,49.6553856465314,4.44581787115015,1.065530101,0.0,0.532765051,0.532765051,1.55925155925156,1.0655300617218,1.065530101,2.131060202,10.5546722412109,41.6666666666667,8.0,0.0,0,22.6335272342676,19.3019566367002,0
30061,MT,Mineral,46.6834867763767,17.9990119416027,2.37728212381522,0.712250712,0.0,0.949667616,0.237416904,1.67986561075114,0.237191647291183,0.474833808,1.18708452,25.3983669281006,49.0196078431373,8.3,0.0,0,21.9275396637462,17.9493251243192,0
30063,MT,Missoula,27.4642708104865,7.90634543129053,1.3425632967581,0.163380895,0.0181534,0.326761791,0.090767164,0.616494108388825,0.117934159934521,0.717060596,0.853211342,18.0071640014648,33.5959397015378,5.0,0.154304179,1,11.397176552393,19.970905497763,0
30065,MT,Musselshell,31.8903318827609,13.6233572380478,0.743272082385381,0.421407501,0.0,0.632111252,0.210703751,0.428724544480172,0.421407490968704,0.421407501,0.632111252,15.8425693511963,40.2578796561605,8.4,0.0,0,18.8188629352138,20.5817540766858,0
30067,MT,Park,37.47623158915,14.5394330629411,1.93192461409211,0.257964659,0.0,0.580420482,0.128982329,0.770861437656581,0.128932446241379,0.902876306,2.515155424,13.106692314148,26.6865079365079,7.0,0.128982329,0,16.5579432079816,19.7365055001279,0
30069,MT,Petroleum,100.000000459269,47.643098005603,1.41342760041737,2.016129032,0.0,0.0,0.0,1.95694716242661,2.04081630706787,2.016129032,2.016129032,4.90196084976196,50.0,8.7,0.0,0,20.8502024291498,22.8744939271255,0
30071,MT,Phillips,36.1130704196426,10.8039573732016,0.30753830653101,0.477213076,0.0,0.715819613,0.0,0.968992248062015,0.716674625873566,0.238606538,0.954426151,12.2287006378174,34.6264367816092,8.4,0.0,0,20.2915588996003,23.1366094521514,0
30073,MT,Pondera,45.3480833932123,24.5557941544344,4.43656868619519,0.323153983,0.0,0.646307966,0.161576991,0.878615842119492,0.484417885541916,0.484730974,1.292615931,19.1640930175781,,8.6,0.0,0,18.8688444661141,24.9634324719649,0
30075,MT,Powder River,52.3771657677507,20.2869303627922,1.36642032735771,1.150747986,0.0,0.575373993,0.0,0.567214974475326,0.575374007225037,1.726121979,1.150747986,2.09165239334106,,8.2,0.0,0,22.7194492254733,20.8261617900172,0
30077,MT,Powell,19.5843269039031,7.4964218051656,1.33602678526867,0.282605624,0.0,0.282605624,0.0,0.822059376174371,0.282366216182709,0.282605624,1.413028119,12.1908130645752,,7.5,0.141302812,0,16.3939092073431,17.3473744129785,0
30079,MT,Prairie,100.000000185777,37.7201111794998,3.21931588833236,0.877963126,0.0,0.877963126,0.0,0.864304235090752,0.877192974090576,0.0,3.511852502,4.75146198272705,35.031847133758,8.5,0.0,0,26.039016115352,17.726887192536,0
30081,MT,Ravalli,4.59186641517709,1.96620893486825,1.06956178798142,0.297346185,0.0,0.446019278,0.0495577,0.525231635357937,0.198142409324646,0.495576975,1.040711649,16.2114086151123,34.0573414422242,6.3,0.148673093,0,19.2181438376604,21.943698398488,0
30083,MT,Richland,33.4665874394949,9.90851078497146,1.83385235150218,0.295799645,0.0,0.394399527,0.197199763,0.47795251310515,0.39436063170433,0.887398935,0.985998817,3.71091938018799,19.0278601066983,8.2,0.098599882,0,14.8573773855941,23.4249948696901,0
30085,MT,Roosevelt,57.7600822925958,26.3196815341271,3.76576819043358,0.476508148,0.0,0.762413037,0.0,1.14395533998353,0.571755290031433,0.381206519,0.476508148,40.2073745727539,82.1583986074848,11.8,0.0,0,10.8009592326139,31.7601918465228,0
30087,MT,Rosebud,24.1258622097449,10.2312230064711,3.39335765041013,0.535848248,0.0,0.428678598,0.0,0.957854406130268,0.53573340177536,0.428678598,1.071696496,30.5362548828125,47.9435957696827,9.5,0.10716965,0,11.4588974331203,29.5895158669988,0
30089,MT,Sanders,41.8525552192438,21.7954122160186,3.17628749168741,0.702247191,0.0,0.702247191,0.087780899,1.74585086489014,0.438750445842743,0.351123596,1.316713483,18.4908199310303,53.5714285714286,8.5,0.087780899,0,21.5193200736003,20.6256023832472,0
30091,MT,Sheridan,35.2448333143366,11.2612435640715,3.02756129322337,0.585137507,0.0,0.585137507,0.292568754,0.954376163873371,0.292654365301132,0.877706261,1.462843768,5.02488946914673,29.7244094488189,8.5,0.0,0,23.1087470449173,19.4444444444444,0
30093,MT,Silver Bow,24.7641330318549,9.13475342403787,2.43430929390094,0.203642288,0.0290918,0.37819282,0.116367022,0.886550591518182,0.174393251538277,0.989119683,1.07639495,19.3438987731934,33.7980661119856,8.2,0.145458777,0,16.4152046783626,21.0058479532164,0
30095,MT,Stillwater,15.8622536809706,5.80556384318878,0.935851030144744,0.326939843,0.0,0.544899738,0.108979948,0.543773790103317,0.218245312571526,0.217959895,0.980819529,7.80087804794312,16.277423920736,6.5,0.108979948,0,16.3979379181748,22.9680816057914,0
30097,MT,Sweet Grass,22.6145905086086,8.64673555269565,0.437938782695211,0.278940028,0.0,0.836820084,0.0,0.554785020804438,0.278862237930298,0.278940028,1.115760112,5.14144802093506,,7.7,0.0,0,20.6518761983018,23.0073952341824,0
30099,MT,Teton,60.1604313831564,20.5415590782307,2.47253628112493,0.330196467,0.0,0.660392934,0.0,0.468087449749436,0.330033004283905,0.0,0.660392934,8.60028648376465,24.031007751938,7.3,0.330196467,0,20.7640375432241,23.2833854767001,0
30101,MT,Toole,37.6105501311805,11.3917088657389,5.45697585194933,0.582411182,0.0,0.0,0.0,0.893997445721584,0.388274133205414,0.388274122,1.747233547,8.64327716827393,,6.6,0.0,0,13.8805409466567,20.717505634861,0
30103,MT,Treasure,99.9999999934684,39.9289100505259,5.32915359086337,0.0,0.0,0.0,0.0,0.0,1.40252459049225,0.0,2.805049088,6.4635272026062,20.8791208791209,7.7,0.0,0,23.8161559888579,18.6629526462396,0
30105,MT,Valley,40.249644939377,13.9012153062439,1.05300664894777,0.402252615,0.0,0.53633682,0.134084205,0.732844770153231,0.268096506595612,1.340842049,1.206757844,13.8833312988281,35.9605911330049,8.9,0.0,0,20.6948025512281,23.1646084950468,0
30107,MT,Wheatland,99.999999525429,43.820793657946,10.4157233939467,0.469043152,0.0,0.469043152,0.0,0.594106463878327,0.469043165445328,0.0,1.876172608,7.73524713516235,51.5527950310559,7.6,0.0,0,20.6642066420664,23.6623616236162,0
30109,MT,Wibaux,52.4744347653518,16.0158937856315,1.79948588965033,1.019367992,0.0,2.038735984,0.0,0.946073793755913,1.02040815353394,1.019367992,2.038735984,3.62669253349304,19.7080291970803,7.8,0.0,0,23.8938053097345,21.3372664700098,0
30111,MT,Yellowstone,26.5555761058026,6.63893988860286,0.952528973996448,0.106879,0.0333997,0.414156123,0.086839187,0.611768785416749,0.0934903994202614,0.781552685,0.754832935,14.605842590332,27.2673519512417,8.1,0.153638562,1,14.102668072338,23.6801557051334,0
31001,NE,Adams,24.4004562575767,7.73176247804298,1.2954519487803,0.224315837,0.0320451,0.384541434,0.064090239,0.468864235989701,0.192283034324646,0.897263347,0.70499263,12.0368299484253,36.738090285001,8.2,0.096135359,0,15.4253284019895,23.966968498916,0
31003,NE,Antelope,41.2848825854892,15.7470298927125,2.57861594109981,0.755287009,0.0,1.057401813,0.0,0.916730328495034,0.604138374328613,0.453172205,1.057401813,6.75572538375855,32.5529542920847,8.9,0.0,0,21.002243829469,23.5452505609574,0
31005,NE,Arthur,100.000000958596,36.3849767620396,0.0,2.136752137,0.0,0.0,0.0,0.0,,0.0,2.136752137,3.47947120666504,0.0,7.7,0.0,0,20.4347826086957,27.1739130434783,0
31007,NE,Banner,100.000000943786,43.6111114396475,7.18750003235788,0.0,0.0,0.0,0.0,0.0,,0.0,0.0,4.25790739059448,39.766081871345,9.4,0.0,0,19.7101449275362,22.3188405797101,0
31009,NE,Blaine,99.9999996568324,42.4860855502186,0.0,0.0,0.0,2.105263158,0.0,0.0,,0.0,2.105263158,7.36278438568115,38.7096774193548,10.2,0.0,0,19.8744769874477,24.4769874476987,0
31011,NE,Boone,28.8339257307669,8.88175501676589,1.72653640023135,0.73964497,0.0,1.109467456,0.0,1.29222817057412,0.924898266792297,0.184911243,0.73964497,5.67833042144775,22.3863636363636,9.4,0.0,0,21.1444141689373,23.6875567665758,0
31013,NE,Box Butte,33.089495830316,11.574649361862,1.46894472069618,0.354139,0.0,0.619743249,0.0,0.566993608435687,0.265627771615982,0.354139,1.328021248,12.7311735153198,36.8020304568528,8.6,0.08853475,0,15.1485673859215,25.1945525291829,0
31015,NE,Boyd,100.00000013956,40.1964684584249,2.62583312001259,1.443695861,0.0,0.481231954,0.0,1.46056475170399,1.4436959028244,0.0,0.962463908,4.93527507781982,34.6938775510204,9.4,0.0,0,26.5364459266317,21.4864221057647,0
31017,NE,Brown,10.0835466190937,5.58077031301339,2.78032077798324,0.968366688,0.0,1.61394448,0.0,1.8745175873856,1.29115557670593,0.0,1.291155584,7.53604173660278,31.5280464216634,9.9,0.322788896,0,24.0699523052464,21.6534181240064,0
31019,NE,Buffalo,31.7119591269891,10.899565878557,2.19129087461137,0.149435348,0.0213479,0.619089298,0.085391627,0.481076487650029,0.213583931326866,0.832568367,0.832568367,10.412296295166,28.7304532202491,6.8,0.085391627,0,12.0992581666739,24.009804346883,0
31021,NE,Burt,44.0587084882684,14.5799917322397,3.43020605464127,0.294985251,0.0,0.737463127,0.0,0.988636932472343,0.737463116645813,0.294985251,0.884955752,10.2560262680054,25.5371900826446,9.7,0.147492625,0,23.1116943715369,22.5138524351123,0
31023,NE,Butler,16.086173066145,4.57993928576646,0.551150412056143,0.24230676,0.0,0.484613521,0.12115338,0.371709865380751,0.242277413606644,0.24230676,0.605766901,7.22134685516357,28.2746160794941,8.2,0.363460141,0,19.0946992257296,24.7766527695057,0
31025,NE,Cass,27.9440646415576,5.81467167049008,1.73867817828138,0.198137507,0.0,0.554785021,0.0,0.387936179524927,0.158509999513626,0.435902516,0.515157519,8.36185836791992,22.1782178217822,8.2,0.0,1,14.2743948338021,25.3278396260053,0
31027,NE,Cedar,40.1739084670134,13.3700007012089,1.55040976067229,0.457142857,0.0,0.685714286,0.114285714,0.590746245902889,0.457142859697342,0.114285714,1.142857143,5.57663583755493,28.4013605442177,8.4,0.114285714,0,20.3795752372345,25.4179846362404,0
31029,NE,Chase,29.7048317182607,10.7273788599038,0.171952097748578,0.75263422,0.0,0.501756147,0.0,1.23031496062992,0.753201127052307,0.250878073,1.50526844,6.38474273681641,30.0859598853868,8.8,0.0,0,20.4236006051437,23.8023197175996,0
31031,NE,Cherry,39.1437905304712,13.249030543823,2.72206806129618,0.523560209,0.0,1.047120419,0.0,1.03311797916303,0.523560225963593,0.698080279,1.396160558,9.32065391540527,35.5721393034826,8.8,0.17452007,0,20.8296866795029,22.1424820584632,0
31033,NE,Cheyenne,18.9245284830704,4.84540795723778,0.428778740238671,0.300360433,0.100120144,0.600720865,0.100120144,0.496622963845848,0.400480568408966,0.901081298,1.101321586,7.82620191574097,24.0236686390533,7.8,0.100120144,0,15.9231846369274,23.9447889577916,0
31035,NE,Clay,46.3520561735235,14.5251302114806,1.93395868007174,0.929656027,0.0,0.309885342,0.0,0.779909530494463,0.774833381175995,0.0,0.774713356,9.54059028625488,32.4845679012346,9.4,0.0,0,17.8538673188627,25.2216447569551,0
31037,NE,Colfax,26.8521262349798,6.39469462005858,1.28415579953495,0.378143316,0.0,0.472679145,0.283607487,0.750962170280672,0.189250573515892,0.283607487,0.850822462,9.39155960083008,53.0847758544163,8.0,0.0,0,13.5805991440799,29.1298145506419,0
31039,NE,Cuming,32.8864472903879,9.54793974604856,1.57231152796364,0.328911304,0.0,0.87709681,0.0,0.863462669018225,0.548486173152924,0.657822607,1.315645214,6.14295673370361,33.2687338501292,8.3,0.109637101,0,20.8009629062261,24.9699091804355,0
31041,NE,Custer,51.6535141703903,18.1936853057941,1.64160097800242,0.550155877,0.0,0.550155877,0.091692646,0.993171942892613,0.641848504543304,0.183385292,1.008619109,6.59168434143066,27.6923076923077,8.6,0.0,0,20.8702806472255,23.6401864887101,0
31043,NE,Dakota,19.2857477931807,6.07774490720704,1.73237758772865,0.240119099,0.0480238,0.336166739,0.0,0.72505338305128,0.144140675663948,0.672333477,0.624309658,16.1894207000732,49.4059627886124,8.6,0.0480238,1,11.3824621536704,30.0771208226221,0
31045,NE,Dawes,22.9658745874221,8.85165192876229,1.66018635231324,0.217367677,0.108683839,0.652103032,0.0,0.437062937062937,0.326051503419876,0.760786871,0.86947071,11.7248802185059,35.4737666405638,7.9,0.0,0,16.3363101720758,19.2332825092572,0
31047,NE,Dawson,36.3319774481028,14.7042670635786,2.79279115645777,0.164996081,0.041249,0.494988244,0.082498041,0.781034957335535,0.206432431936264,0.783731386,0.742482366,11.8467788696289,48.9497374343586,8.6,0.206245102,0,13.8658225766669,28.5661432212448,0
31049,NE,Deuel,26.8171360646073,7.40945923027481,0.969258191455367,0.510204082,0.0,1.020408163,0.0,1.01419878296146,1.02197241783142,0.0,1.020408163,9.51895332336426,31.3019390581717,9.1,0.0,0,23.6991241628027,21.0200927357032,0
31051,NE,Dixon,41.6334626182932,12.8704741258031,4.02366391978639,0.333611343,0.0,0.333611343,0.0,0.42244001351808,0.333667010068893,0.0,0.667222686,5.71881532669067,20.8034433285509,8.8,0.0,1,17.8333333333333,25.6166666666667,0
31053,NE,Dodge,26.743417290701,8.33327329725576,1.00399695938468,0.189552926,0.027079,0.514500799,0.081236968,0.603947621269937,0.270804554224014,0.812369682,0.704053725,14.1652088165283,37.4617737003058,8.7,0.081236968,0,18.3696274290698,23.8968684418522,0
31055,NE,Douglas,14.3549120488945,3.54413273184893,1.00855261342511,0.169699004,0.0190673,0.30507686,0.083896137,0.45128137558469,0.164084240794182,0.724557543,0.766505612,15.6654081344605,38.8310944620744,7.9,0.156351891,1,10.6118620796349,26.0522906151496,0
31057,NE,Dundy,33.2626425937486,10.9555122391456,0.378773019150215,0.0,0.0,0.506072874,0.0,0.49480455220188,0.506072878837585,0.506072874,1.012145749,6.60440874099731,27.8592375366569,10.8,0.0,0,22.9581673306773,22.2111553784861,0
31059,NE,Fillmore,23.9348257376419,8.14280728941732,1.54161119552819,0.686577412,0.0,0.686577412,0.171644353,1.38624155259054,0.514844715595245,0.343288706,1.029866117,6.60542440414429,25.8811681772407,9.1,0.0,0,22.3429541595925,23.8370118845501,0
31061,NE,Franklin,48.0171544582462,19.1342323716214,1.6746790779849,0.624219725,0.0,0.936329588,0.0,0.941028858218319,0.624219715595245,0.312109863,0.312109863,9.92562294006348,30.1980198019802,9.8,0.312109863,0,23.937984496124,21.5813953488372,0
31063,NE,Frontier,100.000000173951,37.9885567803603,2.67723553939848,1.473839352,0.0,0.368459838,0.0,0.729660707770887,0.736919701099396,0.0,1.473839352,5.66997671127319,27.3489932885906,8.9,0.0,0,18.9767779390421,21.5529753265602,0
31065,NE,Furnas,47.2145420020742,19.7231473321694,2.68827088876918,0.813504169,0.0,1.016880212,0.0,0.815162013450173,0.813835203647614,0.406752085,0.813504169,9.81094741821289,29.4860234445446,10.3,0.0,0,22.7263561201855,23.3111514418229,0
31067,NE,Gage,29.2123851378487,6.25776560309112,1.55373252830758,0.136948781,0.0456496,0.547795125,0.182598375,0.703170381240637,0.273897558450699,0.547795125,0.684743906,10.1487092971802,27.9908226810882,8.7,0.182598375,0,19.3895387925239,22.9707319259558,0
31069,NE,Garden,99.8610646541867,43.9458779612106,1.40374127475887,0.484966052,0.0,0.969932105,0.0,0.512032770097286,0.484966039657593,0.484966052,0.0,12.2289457321167,47.0588235294118,11.1,0.0,0,27.2241127856101,18.5707340787555,0
31071,NE,Garfield,10.1989822375139,1.3608398090536,0.27642591174411,0.994530085,0.0,1.491795127,0.0,0.996512207274539,0.995024859905243,0.497265042,1.491795127,4.63659143447876,25.6476683937824,9.8,0.0,0,27.086383601757,21.0346510492923,0
31073,NE,Gosper,63.517535530479,20.0358346613773,1.38115247960775,0.502260171,0.0,0.502260171,0.0,0.0410711352061771,0.502260148525238,0.502260171,0.0,5.68910264968872,24.6031746031746,9.7,0.0,0,21.0861056751468,22.4070450097847,0
31075,NE,Grant,99.9999996453373,39.6946562590505,3.75426619808758,1.577287066,0.0,3.154574132,0.0,1.58982511923688,1.57728707790375,0.0,1.577287066,5.86666679382324,28.7878787878788,9.4,0.0,0,19.3811074918567,18.7296416938111,0
31077,NE,Greeley,61.9681022761537,23.6498408978211,3.9202664329953,0.788954635,0.0,0.394477318,0.0,1.22050447518308,1.18343198299408,0.0,0.788954635,5.78327941894531,42.8571428571429,10.3,0.0,0,23.0496453900709,23.5224586288416,0
31079,NE,Hall,20.982911342127,5.1962181188415,0.928333938008249,0.167928932,0.0503787,0.503786797,0.083964466,0.57309360068495,0.168109610676765,0.67171573,0.856437556,14.6432504653931,45.0249199003204,8.9,0.117550253,1,13.3943044346239,27.2612486563039,0
31081,NE,Hamilton,6.43973138144917,0.944860875868454,0.197955189380559,0.220361393,0.0,0.440722785,0.110180696,0.573373284504125,0.220337122678757,0.330542089,0.440722785,6.76622438430786,19.5331695331695,8.1,0.110180696,1,16.4291977202981,25.6356861025866,0
31083,NE,Harlan,6.97399441914709,1.88246414438047,1.41296098347166,0.290613194,0.0,0.581226388,0.0,0.586510263929619,0.291120827198029,0.581226388,1.743679163,8.72830104827881,31.9078947368421,9.4,0.0,0,23.5173824130879,21.530820917324,0
31085,NE,Hayes,100.000000372569,32.5853658220517,2.27272731014517,2.100840336,0.0,0.0,0.0,1.04931794333683,1.05042016506195,0.0,0.0,3.26441788673401,29.7872340425532,9.2,0.0,0,19.7518097207859,23.0610134436401,0
31087,NE,Hitchcock,87.3345275640646,36.1359173774061,3.65151254206653,0.699056274,0.0,1.048584411,0.0,0.692760651195012,1.04858446121216,0.0,1.398112548,12.3059997558594,42.2110552763819,9.6,0.0,0,22.8679504814305,21.3548830811554,0
31089,NE,Holt,25.5493031752182,8.13169394145276,1.7093646047605,0.766136755,0.0,1.053438039,0.0,1.00198794408106,0.861903846263886,0.478835472,1.628040605,6.89090204238892,34.2155009451796,9.8,0.095767094,0,20.536655486344,23.4690943938668,0
31091,NE,Hooker,99.999999537395,49.2647057912031,0.0,1.34589502,0.0,0.0,0.0,1.37551581843191,1.34589505195618,1.34589502,2.69179004,4.29433631896973,37.1287128712871,10.2,0.0,0,26.2228260869565,21.3315217391304,0
31093,NE,Howard,20.5081625345198,5.87243401510596,0.705445693629337,0.476568705,0.0,0.794281176,0.0,0.631313131313131,0.158856227993965,0.158856235,0.794281176,8.1771993637085,23.4870317002882,8.1,0.0,1,18.7280841568377,24.5935607268091,0
31095,NE,Jefferson,23.8121456150535,5.45142575979879,0.410871169472279,0.264900662,0.132450331,0.397350993,0.0,0.786686167619554,0.397350996732712,0.529801325,1.19205298,9.02694797515869,37.9815100154083,9.8,0.0,0,22.0087451967669,21.3064793957864,0
31097,NE,Johnson,25.9614710513195,6.2739446291738,3.03364754467511,0.383435583,0.0,0.575153374,0.0,0.697146562905318,0.191681042313576,0.383435583,1.150306748,7.92349720001221,30.4054054054054,9.9,0.0,0,17.6154878282538,18.9189189189189,0
31099,NE,Kearney,11.3333231988164,2.93198716933904,1.60340888544447,0.458295142,0.0,0.305530095,0.0,0.616808018504241,0.305530101060867,0.458295142,0.763825237,7.36273288726807,23.1717337715694,7.9,0.0,0,18.2924949915241,24.2256125751271,0
31101,NE,Keith,22.0267458743815,6.64716640057915,0.865489530249552,0.364121859,0.0,1.213739531,0.0,0.821167883211679,0.364210277795792,1.092365578,1.820609297,9.87188816070557,31.4987298899238,8.8,0.121373953,0,21.1759082217973,21.5702676864245,0
31103,NE,Keya Paha,99.8841063800295,48.5922678780797,3.75722539899018,1.219512195,0.0,1.219512195,0.0,1.24378109452736,1.22100126743317,0.0,0.0,1.35756051540375,30.3921568627451,9.7,0.0,0,25.6067961165049,21.7233009708738,0
31105,NE,Kimball,7.51326980685441,2.41200912224232,1.48680536873833,0.262674022,0.0,0.525348043,0.0,0.726936293946603,0.262674033641815,0.525348043,1.576044129,9.75107383728027,33.2283464566929,10.1,0.0,0,22.0884585187124,22.4286835906831,0
31107,NE,Knox,75.1134244876142,28.8193352942608,4.27126272179824,0.933053417,0.0,0.81642174,0.0,0.933162253586842,0.933053433895111,0.116631677,0.933053417,9.73988056182861,33.7132573485303,9.5,0.0,0,22.7445121250431,24.0891851511321,0
31109,NE,Lancaster,13.4104555073673,3.16901247186302,0.359574096083711,0.155149409,0.0172388,0.351671993,0.082746351,0.443922605800134,0.144885540008545,0.892971042,0.568881166,10.9125871658325,32.9092702169625,7.2,0.14825388,1,10.8970697985684,23.090183492346,0
31111,NE,Lincoln,22.6938189012843,7.42565507642929,1.10666318024564,0.194255585,0.0277508,0.666019148,0.138753989,0.584042032558612,0.249798774719238,0.721520744,0.666019148,13.2238368988037,28.8772845953003,8.7,0.138753989,0,15.5643738977072,25.0358245149912,0
31113,NE,Logan,99.9999997778528,26.0997064782092,4.06249997988618,1.283697047,0.0,1.283697047,0.0,1.30718954248366,1.28369700908661,0.0,1.283697047,8.38641166687012,27.2727272727273,9.6,0.0,0,18.2175622542595,25.1638269986894,0
31115,NE,Loup,80.1231555566807,37.0963902045557,0.0,0.0,0.0,1.623376623,0.0,0.0,,0.0,1.623376623,0.964187324047089,31.4606741573034,8.5,0.0,0,21.6772151898734,22.3101265822785,0
31117,NE,McPherson,100.0000009715,25.3112033335148,7.35294125876687,0.0,0.0,0.0,0.0,0.0,,0.0,1.811594203,18.1372547149658,0.0,8.9,0.0,0,17.9962894248609,28.0148423005566,0
31119,NE,Madison,31.3544674446069,8.94175923457647,1.60654069854213,0.228480037,0.02856,0.485520078,0.114240018,0.630394031952652,0.25709879398346,0.913920146,0.68544011,12.2449169158936,34.7705146036161,8.1,0.085680014,0,14.6920518408074,25.0229384103682,0
31121,NE,Merrick,39.2156544669414,12.527635323427,1.69543668451821,0.51579626,0.0,0.773694391,0.0,0.621251071122537,0.12894906103611,0.644745326,0.51579626,7.69557809829712,26.8503937007874,8.5,0.128949065,1,18.0497131931166,24.7928616953474,0
31123,NE,Morrill,50.3638076724074,19.8765574185028,1.81488186445544,0.601805416,0.0,0.802407222,0.0,1.02270402945388,0.60180538892746,0.802407222,0.802407222,12.9517059326172,39.0829694323144,9.8,0.0,0,19.4565648552162,23.9984133280444,0
31125,NE,Nance,93.3930093526627,28.1415534528083,5.04026657758985,0.536049317,0.0,1.072098633,0.0,0.53835800807537,0.53604930639267,0.268024658,0.536049317,6.21653509140015,23.3731739707835,9.1,0.0,0,19.0629183400268,23.4538152610442,0
31127,NE,Nemaha,10.3466722589788,3.86796582389792,3.74597443281237,0.552715213,0.0,0.690894017,0.138178803,0.885285621097754,0.276357620954514,0.690894017,1.105430427,13.8111886978149,28.4475281873374,8.7,0.138178803,0,17.9773730684327,21.6059602649007,0
31129,NE,Nuckolls,36.1941127099742,16.4686287255908,0.878412396037066,0.449741399,0.0,0.449741399,0.0,1.07030193780982,0.449741393327713,0.224870699,1.124353497,7.97592163085938,21.8844984802432,9.9,0.449741399,0,26.0888888888889,21.2444444444444,0
31131,NE,Otoe,13.5777825770496,3.63269131174094,1.06251469461948,0.254048904,0.063512226,0.762146713,0.063512226,0.889058233314282,0.254145741462708,0.508097809,0.889171165,10.0550003051758,29.5689655172414,9.5,0.063512226,0,18.8754764930114,24.0787801778907,0
31133,NE,Pawnee,18.1469998489204,6.18852550961731,2.32494774515876,0.716589036,0.0,0.358294518,0.0,0.723327305605787,0.358294516801834,0.716589036,0.0,8.7185001373291,38.3177570093458,10.3,0.0,0,25.9646592138478,22.0338983050847,0
31135,NE,Perkins,99.2558278149687,22.5399249434589,5.31331152604556,0.33932813,0.0,1.017984391,0.0,0.369612191515979,0.339328140020371,0.0,0.678656261,4.57594347000122,22.2520107238606,9.4,0.33932813,0,20.2693602693603,24.7474747474747,0
31137,NE,Phelps,18.9834862292487,5.04442898164016,1.07306166936207,0.328119873,0.0,0.437493164,0.0,0.732501356483994,0.328227579593658,0.874986328,0.437493164,8.02308368682861,23.2543640897756,8.7,0.328119873,0,19.0030474531998,24.57553330431,0
31139,NE,Pierce,80.356264249856,25.005687241208,3.04245570148615,0.695216908,0.0,0.834260289,0.0,0.418643594753,0.417072147130966,0.278086763,0.417130145,5.87866973876953,18.4841453982985,8.4,0.0,0,17.9466006055601,25.9427470410129,0
31141,NE,Platte,17.1195902877842,4.32043934374889,0.726956222756214,0.245987332,0.0307484,0.614968329,0.0614968,0.448782676988668,0.215298488736153,0.676465162,0.553471496,8.3300199508667,36.4487971045348,8.1,0.153742082,0,14.8959270403574,26.4106461519372,0
31143,NE,Polk,90.1416820150984,25.8504173090923,2.23882281102876,0.561797753,0.0,0.561797753,0.0,0.56390977443609,0.374531835317612,0.374531835,0.374531835,6.48446893692017,21.4684014869888,9.9,0.0,0,19.7743248242693,24.3803181650019,0
31145,NE,Red Willow,51.9982160292295,15.2851229483826,1.15639392174138,0.09051412,0.09051412,0.271542361,0.18102824,0.447987851176917,0.271542370319366,0.905141202,0.905141202,10.1412534713745,28.6606129398411,8.7,0.18102824,0,18.7426503844414,22.9579375848033,0
31147,NE,Richardson,27.3755324279815,7.45155788337715,1.10553517474422,0.119889701,0.0,0.719338209,0.0,0.63329312424608,0.239779397845268,0.599448507,1.079007313,13.3305158615112,39.3700787401575,9.4,0.0,0,22.9104388377377,21.4875044840368,0
31149,NE,Rock,28.0203041612647,10.7126995318702,0.770736629905383,0.675675676,0.0,0.675675676,0.0,0.726744186046512,0.675675690174103,0.0,2.027027027,6.6035532951355,19.5,10.3,0.0,0,23.2634338138925,20.2490170380079,0
31151,NE,Saline,26.5104922611009,7.28940921815211,1.07684418797962,0.48828125,0.069754464,0.418526786,0.209263393,0.681230106935953,0.279193133115768,0.348772321,0.697544643,5.94619560241699,31.2771233725976,7.9,0.069754464,0,14.612676056338,24.443661971831,0
31153,NE,Sarpy,30.1214701819578,5.67610023208102,0.858233445568371,0.079953258,0.024601,0.289061779,0.0430518,0.244192146057051,0.0922764614224434,0.578123559,0.418217042,6.45013666152954,22.9404395083466,6.8,0.110704511,1,8.52681944094687,28.7849408209519,0
31155,NE,Saunders,14.2470772214852,3.361822419616,1.44995852510917,0.287880242,0.0,0.671720564,0.095960081,0.484240183130833,0.191947788000107,0.383840322,0.767680645,6.79119205474854,21.1146496815287,8.3,0.04798,1,15.4956689124158,25.8614051973051,0
31157,NE,Scotts Bluff,31.0496235932345,9.92216279170376,2.764239066348,0.189404189,0.0270577,0.297635153,0.0541155,0.590664790967789,0.189434945583344,0.947020943,0.730559013,16.0837326049805,41.7833800186741,10.1,0.135288706,0,16.8109277792805,24.7552069245334,0
31159,NE,Seward,19.782069591029,4.01321481786345,1.39528094621178,0.299347423,0.0598695,0.598694845,0.119738969,0.413345143194568,0.179608449339867,0.538825361,0.538825361,4.63593149185181,15.1002752654345,8.3,0.179608454,1,15.1940298507463,23.6537313432836,0
31161,NE,Sheridan,32.4070076625438,16.202445049175,1.2416094389774,1.305970149,0.0,0.932835821,0.0,2.06805790562136,0.746129453182221,0.746268657,1.119402985,12.1035842895508,41.3872832369942,9.8,0.0,0,22.161272627537,23.6423477783873,0
31163,NE,Sherman,36.9148519430209,15.1988549517322,2.16224751701154,0.644953241,0.0,0.32247662,0.0,0.643500643500644,0.967429876327515,0.0,1.612383102,6.5789475440979,37.6543209876543,9.3,0.0,0,23.3502538071066,22.4302030456853,0
31165,NE,Sioux,65.4697569385203,24.4783106378992,1.56671466525581,0.0,0.0,0.0,0.0,0.760456273764259,,0.0,0.758150114,2.14159727096558,18.1818181818182,8.3,0.0,0,21.3577421815408,22.3493516399695,0
31167,NE,Stanton,67.6469573092395,24.2854428584743,2.74098127516116,0.16194332,0.0,0.32388664,0.0,0.328461159467893,0.161943316459656,0.16194332,0.647773279,4.57033395767212,29.2490118577075,7.5,0.0,0,14.1132321749062,27.4759340838636,0
31169,NE,Thayer,25.1556941988093,8.81448294344924,1.91253551082243,0.773993808,0.0,0.773993808,0.193498452,1.05505778470329,0.580495357513428,0.193498452,1.547987616,5.70243644714356,23.5941320293399,10.0,0.0,0,25.7651109410865,21.3657230298393,0
31171,NE,Thomas,100.000000202068,23.0158730121702,0.0,1.432664756,0.0,0.0,0.0,1.4792899408284,1.43266475200653,0.0,4.297994269,4.16072273254395,22.6993865030675,9.0,0.0,0,20.8655332302937,22.8748068006182,0
31173,NE,Thurston,25.5214042772434,6.76668766801716,7.58608014796089,0.289687138,0.0,0.434530707,0.144843569,1.04463437796771,0.579458177089691,0.434530707,0.144843569,45.9981727600098,62.0048019207683,10.1,0.144843569,0,11.8876080691643,35.5475504322767,1
31175,NE,Valley,23.5608201941859,9.40227756142819,3.06469719583928,0.709555345,0.0,0.709555345,0.236518448,0.945850082761882,0.946073770523071,0.709555345,0.473036897,6.48323822021484,28.9009497964722,9.6,0.236518448,0,23.6150234741784,22.0892018779343,0
31177,NE,Washington,3.2287953446629,0.616117634921963,1.43320515562174,0.098648515,0.0,0.394594061,0.0493243,0.357989334386727,0.150625094771385,0.591891092,0.739863865,5.76623153686523,15.2835987706063,7.9,0.098648515,1,14.0407235346447,25.1655629139073,0
31179,NE,Wayne,7.41819722076992,2.07891415693107,0.594817848276969,0.317359568,0.0,0.423146091,0.105786523,0.366338706301026,0.211573049426079,0.952078705,0.634719137,6.54849576950073,27.2727272727273,6.9,0.0,0,13.7050547159979,19.4059405940594,0
31181,NE,Webster,99.9999998404633,41.5525195044328,5.22628826546046,0.266169816,0.0,0.798509449,0.0,0.536912751677852,0.266169816255569,0.266169816,0.532339633,9.81967544555664,29.4486215538847,10.9,0.0,0,23.6621196222455,22.5865687303253,0
31183,NE,Wheeler,99.9999997403996,43.2756322397583,0.892857094914534,0.0,0.0,2.45398773,0.0,0.0,,0.0,1.226993865,2.40485143661499,42.7272727272727,8.3,0.0,0,18.9486552567237,24.5721271393643,0
31185,NE,York,26.1219504412477,6.64262685023568,1.09727098843435,0.217596286,0.072532095,0.362660477,0.145064191,0.436490615451768,0.362739413976669,0.942917241,0.942917241,6.71314716339111,27.6906435911303,9.0,0.0,0,18.214416392243,22.3783388218075,0
32001,NV,Churchill,27.7038161529348,7.03134945498883,2.03506292996638,0.081241368,0.0406207,0.528068893,0.0406207,0.854700854700855,0.162661135196686,0.487448209,0.649930945,19.6233901977539,34.6430282702444,8.3,0.20310342,0,15.1987779876995,25.2200828074125,0
32003,NV,Clark,8.4803752695715,2.02799831515749,0.555134949430449,0.123059962,0.0132213,0.320362712,0.0528853,0.547583858592331,0.0739037990570068,0.806500414,0.585297589,16.7528686523438,46.2414678576915,8.6,0.0544108,1,11.2975197166562,25.041037396689,0
32005,NV,Douglas,53.4820095629566,12.0774134500515,1.83762757830507,0.085135365,0.0212838,0.404392985,0.0425677,0.423794932902091,0.106453195214272,0.617231398,1.149327431,7.71440553665161,27.6998265804824,7.0,0.085135365,0,20.1693725131391,20.1821392854863,0
32007,NV,Elko,22.7315561547183,5.56108339985901,1.25980611357383,0.202065105,0.0202065,0.36371719,0.0,0.533687389357492,0.182053565979004,0.707227869,0.646608337,8.40466403961182,25.2551283372848,7.3,0.101032553,0,8.48662378630833,29.1490843541317,0
32009,NV,Esmeralda,97.1902936706506,29.0030703279043,13.8415120613059,1.297016861,0.0,0.0,0.0,1.29032258064516,,0.0,0.0,5.25430870056152,60.9375,11.2,0.0,0,25.7982120051086,16.8582375478927,0
32011,NV,Eureka,98.3104643158108,24.9098198353838,2.22906741119419,0.505816894,0.0,1.011633789,0.0,0.916208562385474,,1.011633789,1.011633789,2.09170007705688,17.1548117154812,7.8,0.0,0,12.9340714645194,24.2073477604429,0
32013,NV,Humboldt,30.53740154175,8.82801453911822,2.12078882837497,0.2399952,0.0599988,0.7799844,0.0,0.601243547630221,0.180310130119324,0.4799904,1.0799784,9.34802532196045,31.2426035502959,6.8,0.1199976,0,10.2371732817038,27.3717328170378,0
32015,NV,Lander,15.3629675204181,4.26899848549148,0.547358830323936,0.342055755,0.0,0.855139388,0.0,0.575099590416877,0.34240710735321,0.171027878,0.855139388,7.71240711212158,20.9302325581395,8.0,0.0,0,11.7922077922078,27.6017316017316,0
32017,NV,Lincoln,100.000000156973,34.5990822926109,4.68631257335532,0.758869285,0.0,0.948586606,0.0,1.11008325624422,0.569692373275757,0.189717321,0.569151964,7.99851179122925,35.59670781893,11.3,0.0,0,18.110383536015,26.8849391955098,0
32019,NV,Lyon,41.3786090478807,12.4228261898118,2.19535384702043,0.097278157,0.0194556,0.447479523,0.0194556,0.579616965729538,0.0973141267895699,0.389112629,0.369656997,14.279972076416,37.4601366742597,7.3,0.13618942,0,15.8041554444017,24.8711042708734,0
32021,NV,Mineral,37.5568425566094,15.714871664718,3.449112537342,0.215563699,0.0,0.862254796,0.0,1.09248513503833,0.216122761368752,0.431127398,0.431127398,20.2360572814941,41.0058027079304,12.1,0.0,0,22.5481978206203,18.3151718357083,0
32023,NV,Nye,43.8357323148792,19.4021456034363,4.12010179498044,0.136357438,0.0227262,0.613608472,0.0,0.789438974621574,0.0909669771790505,0.522703513,0.363619835,25.3044395446777,48.8202637057599,10.2,0.113631199,0,23.4401310699495,20.6799253629454,0
32027,NV,Pershing,15.8313064365575,3.48679724408116,2.20994008760848,0.15117158,0.0,0.755857899,0.0,0.271645182002272,0.151240170001984,0.453514739,0.302343159,7.78205299377441,60.1181683899557,7.0,0.0,0,12.9572042055383,19.5764845253961,0
32029,NV,Storey,5.68832974704424,1.16714778047362,3.97799234758641,0.0,0.0,0.256278831,0.512557663,0.508259212198221,,0.0,1.537672988,2.41199469566345,3.51288056206089,7.3,0.0,1,18.4039900249377,17.4812967581047,0
32031,NV,Washoe,20.4928796224872,5.22703478244294,0.913052279298143,0.136588215,0.0164848,0.350890414,0.0565193,0.66428941385909,0.0896226391196251,0.807754443,0.732395428,13.5470628738403,39.2543958946495,6.7,0.122458399,1,12.0736010555117,23.5715116265273,0
32033,NV,White Pine,46.1887045268529,14.2625372413496,2.80086133969393,0.296120817,0.0,0.690948574,0.0,0.323640709022107,0.0987654328346252,0.394827756,1.08577633,10.3563585281372,25.0523377529658,8.4,0.0,0,14.8953140578265,21.6650049850449,0
32510,NV,Carson City,15.9586112897504,3.00440442704402,0.441803853710387,0.182805331,0.0365611,0.347330128,0.127963731,0.685352006516163,0.128019899129868,0.89574612,1.060270917,19.3793449401855,37.5075693351096,7.6,0.109683198,1,16.5231392698194,21.3753301733184,0
33001,NH,Belknap,16.6843112452002,4.09850386206459,2.79003002248823,0.298680826,0.0165934,0.564174894,0.132747034,0.989054099601616,0.215492233633995,0.796482204,1.410437236,14.8496246337891,27.5754538367301,8.5,0.149340413,0,16.7371188922913,20.7712022367195,0
33003,NH,Carroll,0.57773540312622,0.176909726429167,3.02284614739625,0.356633381,0.0,0.944029538,0.188805908,0.947785930021514,0.209749147295952,0.985986406,2.202735588,11.4288911819458,23.7971391417425,8.5,0.104892171,0,20.5738424860931,18.6477895353214,0
33005,NH,Cheshire,14.3868235659948,3.10064183269802,2.78925596694411,0.273174285,0.0,0.754481359,0.0520332,0.724345378286121,0.168991386890411,0.585373468,0.832531155,11.6164512634277,26.5278640977833,8.1,0.117074694,0,14.7075223361905,19.5961979848801,0
33007,NH,Coos,14.8418106794266,3.70480956777232,3.12723253297465,0.307682841,0.0307683,1.015353374,0.0307683,1.20991193087404,0.338388651609421,0.707670533,1.107658226,17.3271198272705,33.4475668265936,9.6,0.123073136,0,19.3586446831039,18.9139313265769,0
33009,NH,Grafton,12.9147270258539,3.59354347626179,2.8215025423186,0.370511755,0.0336829,0.696112995,0.067365774,0.92321608115331,0.324864447116852,0.741023511,1.437136506,11.3546810150146,20.8512431521281,7.6,0.224552579,0,15.497430373213,18.3846136582957,0
33011,NH,Hillsborough,28.6148352238313,3.43916037133766,1.42204584601357,0.171714834,0.0124431,0.410622429,0.077147244,0.713744430270209,0.181370064616203,0.724188647,0.826222099,11.6639556884766,21.6594405922772,7.7,0.134385522,1,11.8603716800467,23.4781805795054,0
33013,NH,Merrimack,21.2227059981828,5.16926541636986,2.74373012644355,0.143145381,0.0204493,0.545315738,0.115879594,0.721694909864792,0.156613871455193,0.695277566,0.722543353,11.1705799102783,19.7108409625294,7.6,0.129512488,0,13.6624671378333,21.8143330260507,0
33015,NH,Rockingham,39.5327426565545,5.31673141435572,1.72658915218083,0.148667232,0.0202728,0.486547305,0.125015627,0.561021198486782,0.141825765371323,1.027155421,0.9291702,5.50150775909424,10.2215943831833,7.4,0.212864446,1,12.6765191058962,22.8430711699292,0
33017,NH,Strafford,23.527858137716,5.40987635894355,3.18928393466098,0.161321546,0.0161322,0.556559334,0.0322643,0.605601613505319,0.128915816545486,0.677550494,0.71788088,12.8986034393311,25.1735364580134,8.3,0.08872685,1,11.8926776187035,20.6426674679032,0
33019,NH,Sullivan,13.8081519527417,4.58459420090069,3.23183698162859,0.16092324,0.022989,0.689671027,0.0459781,0.651978765225736,0.137899339199066,0.551736822,0.574725856,10.0461320877075,27.3405578255463,8.1,0.022989,0,16.4990169631018,21.0369896209593,0
34001,NJ,Atlantic,36.2825693651005,10.5843381268546,6.97444425334018,0.330780387,0.0072699,0.276256148,0.130858175,0.892872271157231,0.0873979479074478,0.745164609,1.188628425,18.6887397766113,38.2228309720498,10.0,0.123588277,1,14.1694196664348,23.2701630674306,0
34003,NJ,Bergen,11.8714882794519,1.06407764246568,0.338235094959691,0.282203771,0.00437525,0.238451248,0.172822464,0.379625518380187,0.0624977387487888,0.794108285,0.890363835,5.33946418762207,13.3802181271155,8.8,0.201261604,1,15.1475611965759,22.583293191149,0
34005,NJ,Burlington,37.7294695107502,4.3245568583131,1.62957633870201,0.166486861,0.00665947,0.264159153,0.110991241,0.524553769253948,0.0688660889863968,0.736981837,0.58603375,7.72565889358521,16.1679651025044,9.0,0.133189489,1,13.8589899584163,23.2304661558964,0
34007,NJ,Camden,27.4941544199182,4.957837377862,1.70851626528454,0.327370513,0.00389727,0.272808761,0.111072138,0.849984129735034,0.157979115843773,0.728789119,0.563155228,19.4068050384522,34.0576298603315,9.4,0.11691804,1,12.7955036142796,24.358083312405,0
34009,NJ,Cape May,35.819305875135,9.04328441605993,3.51219546785779,0.362465177,0.0,0.362465177,0.497095101,0.834164036107881,0.155456528067589,1.864106627,2.920433715,14.9121074676514,27.2761503125235,9.7,0.176054515,1,21.5668534416285,18.8649565619699,0
34011,NJ,Cumberland,30.0217306488032,9.23098834092723,3.67844470815898,0.260966978,0.0127301,0.324617461,0.076380579,0.981293109822437,0.171925246715546,0.655599969,0.50920386,27.3747158050537,48.4166980067695,9.2,0.076380579,1,12.6164769468062,24.0315364121914,0
34013,NJ,Essex,8.7567176087112,0.974776100650406,0.472299353095706,0.462272705,0.0,0.179067174,0.137157836,0.852116931388878,0.140032663941383,0.646419799,0.6273701,25.8628005981445,43.3201743564438,9.8,0.105408337,1,11.5166543575065,24.8629728981631,0
34015,NJ,Gloucester,43.8252716897474,8.00248284370869,2.97063050951681,0.155384058,0.0207179,0.321127052,0.14502512,0.653806928972165,0.0656353831291199,0.580100482,0.497228984,10.2048206329346,18.1161544259275,9.6,0.14502512,1,12.383103008103,24.3718087468087,0
34017,NJ,Hudson,0.336584831016121,0.0436039307315215,0.0365558844196434,0.377725599,0.00770869,0.248219679,0.127964182,1.12716195872464,0.116171002388,0.755451197,0.630570489,23.4333057403564,59.0121984546968,8.1,0.090962491,1,10.4161345555335,20.679336429826,0
34019,NJ,Hunterdon,21.9906260208997,2.1426831213643,1.92665174117924,0.172731912,0.0157029,0.274800769,0.125623209,0.276138003410731,0.0549821704626083,0.667373297,0.934322616,2.92483019828796,4.45605269134681,6.9,0.157029011,1,12.734029871678,23.5428402246998,0
34021,NJ,Mercer,28.0096088435742,3.12437904396333,1.69394458981709,0.277022605,0.00543182,0.290602144,0.116784039,0.69417481439648,0.149707123637199,0.722431498,0.730579222,13.386417388916,24.7456595736589,8.7,0.143943118,1,12.6453904772818,22.6409431589057,0
34023,NJ,Middlesex,28.8848962974976,3.6080494199198,1.58898978205186,0.262968313,0.00489243,0.27275318,0.116195301,0.476282469524604,0.0969227626919746,0.7253033,0.634793276,7.04786777496338,22.6134012414452,8.3,0.105187325,1,12.2814122969706,22.8999404833934,0
34025,NJ,Monmouth,34.4303940477355,4.34082180481191,2.18739770356085,0.239775024,0.0079396,0.295352017,0.146088094,0.472154784148734,0.087426207959652,0.779665808,1.046435371,5.59453058242798,15.7388530682716,8.5,0.185785946,1,13.7521812240236,23.8426028744567,0
34027,NJ,Morris,38.3695396494131,3.22895919478404,1.69469051801248,0.199729256,0.0100873,0.20376419,0.123065501,0.307396868936149,0.060629453510046,0.782777286,0.869528377,3.82603573799133,8.10092116647158,7.1,0.221921395,1,13.8448756388693,23.9083359741283,0
34029,NJ,Ocean,48.8090272700023,10.2705717045536,3.23645230228002,0.179569792,0.0086332,0.25036173,0.139857242,0.533475746665059,0.0829231813549995,0.69928621,0.688926414,11.0551528930664,20.8892740483968,9.4,0.088058263,1,21.0043238686918,23.4004027285641,0
34031,NJ,Passaic,13.4558370348082,1.6306133101446,0.598003760546431,0.465833584,0.00396454,0.212102951,0.148670293,1.06883283454468,0.160943567752838,0.677936536,0.626397501,26.1509342193604,49.7278953538594,9.0,0.093166717,1,12.035289470219,24.8616392605332,0
34033,NJ,Salem,13.0645418644441,2.62272409864306,2.26234106047889,0.212497913,0.0,0.288390025,0.091070534,0.774115405276655,0.12145871669054,0.500887938,0.394638981,18.1536426544189,32.9669347631814,9.4,0.182141068,1,15.0068852806319,23.4704840881921,0
34035,NJ,Somerset,41.2161903603582,2.99179503501423,1.75685583621573,0.195960159,0.0091856,0.214331424,0.134722609,0.396441536697924,0.0766511410474777,0.771593125,0.805273778,4.43513870239258,12.4060081929904,7.5,0.226578934,1,12.3675195706212,24.9919615142034,0
34037,NJ,Sussex,35.8341873905328,4.01952246186538,1.92664269644366,0.188977228,0.0,0.310462589,0.080990241,0.357767800219747,0.0607607252895832,0.566931685,0.735661353,4.56662940979004,9.0334541164574,7.8,0.134983734,1,11.958597125917,23.9661005594078,0
34039,NJ,Union,12.2508619992081,1.28755264111863,0.627223396883807,0.308516534,0.00554221,0.24385738,0.140402734,0.665623728497826,0.0925884768366814,0.626270091,0.742656568,11.3031969070435,38.0048262987752,8.2,0.153334565,1,12.6302192548355,24.4656560403654,0
34041,NJ,Warren,30.092385610957,5.14710611418475,2.19413600694303,0.267977601,0.0,0.304940028,0.0554436,0.482259357999003,0.0739795416593552,0.730007947,0.665323698,8.64482879638672,15.8781119747662,8.1,0.166330925,1,14.0691127221875,23.5601516210945,0
35001,NM,Bernalillo,20.5440550394406,6.16139712123735,0.668766421665771,0.106075275,0.0194222,0.301791626,0.080676969,0.542843425494214,0.0805635899305344,0.80228764,0.61254736,26.6604442596436,56.3037405938429,5.7,0.092629113,1,12.2273470940166,24.0173024794586,0
35003,NM,Catron,100.000000572033,44.6849336818717,1.34280960269354,0.806885422,0.0,1.07584723,0.0,2.4603608529251,0.268889486789703,0.0,1.613770845,20.0256614685059,63.0630630630631,7.6,0.0,0,27.9463087248322,15.8389261744966,0
35005,NM,Chaves,26.8990600739962,13.1771387540918,1.07950584551256,0.106598444,0.0304567,0.365480378,0.091370095,0.847470509546394,0.12169336527586,0.593905615,0.654819011,31.8893871307373,77.3390342052314,7.9,0.0609134,0,14.1564475588392,28.0036560286389,0
35006,NM,Cibola,33.1783419789007,19.0168266675943,6.00222442817077,0.109210047,0.0364033,0.436840189,0.0,0.78961488744177,0.181897550821304,0.509646888,0.327630142,33.501953125,62.3268698060942,11.3,0.072806698,0,12.8100540183001,25.1129974644471,1
35007,NM,Colfax,51.2491888287409,21.265118038414,4.05905316572697,0.29387995,0.0,1.028579825,0.0,0.680632231717462,0.293534904718399,0.808169863,1.46939975,24.1395378112793,53.1017369727047,7.0,0.073469988,0,20.0581818181818,20.6472727272727,0
35009,NM,Curry,34.6057957543526,15.1485549404818,2.17079020308272,0.06035,0.0201167,0.462683565,0.0402334,0.816011854699828,0.12046741694212,0.683967009,0.623616978,26.6425800323486,63.0932728023112,8.5,0.080466707,0,11.4230196791798,28.3549694063172,0
35011,NM,De Baca,100.000000222963,49.1550318289363,2.38616504938615,0.501002004,0.0,1.002004008,0.0,1.55682407887909,0.500500500202179,1.002004008,0.501002004,27.5644302368164,45.5414012738854,8.0,0.0,0,22.8981206726014,22.3046488625124,0
35013,NM,Doña Ana,42.1680884275255,20.9249311162684,2.88457848029331,0.126843935,0.0140938,0.263083717,0.0422813,0.58251144427087,0.117300949990749,0.568448746,0.549657052,32.9623146057129,71.7397836538462,6.1,0.0516772,1,12.3694637079237,26.6965536029211,1
35015,NM,Eddy,36.4076193837489,13.0606549518906,1.59910490549694,0.111035032,0.0370117,0.499657642,0.092529193,0.751882001996852,0.129495337605476,0.610692674,0.666210189,26.9969463348389,47.928936003141,9.2,0.074023354,0,14.009177209311,26.073306210407,0
35017,NM,Grant,34.153027248044,15.1785760106247,1.81678144493098,0.170601883,0.0341204,0.443564897,0.10236113,0.691892382378295,0.136341944336891,0.648287157,0.784768664,31.292797088623,65.5387355298308,7.3,0.0341204,0,21.3424137697364,21.9319644914278,0
35019,NM,Guadalupe,38.4064656206862,21.7118995732515,1.62161195843936,0.216169477,0.0,1.945525292,0.0,2.29922514302267,0.216216221451759,0.432338954,1.729355815,34.4183158874512,97.1272229822161,6.1,0.0,0,15.5323234478344,21.7836569234052,1
35021,NM,Harding,99.9999998377459,30.4347823259252,3.42679128999344,1.394700139,0.0,0.0,0.0,2.82885431400283,,0.0,1.394700139,12.5473480224609,43.8202247191011,7.9,0.0,0,29.2086330935252,13.2374100719424,0
35023,NM,Hidalgo,30.8769198563306,12.4154909364115,2.19650308843446,0.413137781,0.0,1.445982235,0.0,1.46015853149771,0.413052469491959,0.619706672,0.826275563,32.4015922546387,53.8647342995169,6.6,0.0,0,16.65304454434,25.7866775643645,0
35025,NM,Lea,15.0472110151294,6.71728257767403,0.964284177092211,0.107708878,0.015387,0.553931374,0.076934913,0.689649974373662,0.138185173273087,0.615479305,0.692414218,22.9344272613525,51.0912698412698,7.7,0.0461609,0,10.8007477559596,29.3973148763267,0
35027,NM,Lincoln,39.5552287520289,15.7615704726998,2.11580178273786,0.147058824,0.0490196,0.539215686,0.098039216,1.02171451080802,0.195991963148117,0.980392157,1.81372549,24.2677173614502,54.356846473029,6.1,0.147058824,0,21.9788261696834,18.9686295555447,0
35028,NM,Los Alamos,40.4316835703334,2.88300382862131,1.10329494513329,0.110029158,0.0,0.275072894,0.0,0.220276446940911,0.0548576451838017,0.440116631,0.660174946,2.54095792770386,0.0,5.6,0.49513121,0,14.9637883008357,24.2228412256267,0
35029,NM,Luna,29.0021417486063,17.8870112527371,3.33644763902704,0.159432421,0.0398581,0.597871577,0.0398581,0.792034396922381,0.159330815076828,0.637729682,0.797162103,42.9448051452637,99.4020655915927,7.8,0.119574315,0,19.5536959553696,26.4793783622236,1
35031,NM,McKinley,54.8678854773713,33.3812805479258,10.4682593325514,0.179811336,0.0138316,0.705413704,0.0138316,0.968965706146598,0.359473496675491,0.594760574,0.525602368,31.184757232666,76.2203677719518,12.0,0.0138316,0,9.5297375930174,31.2944105634197,1
35033,NM,Mora,32.7840995892901,15.1462781875548,4.88602152339948,0.209205021,0.0,0.627615063,0.0,0.690754516471839,0.209205016493797,0.209205021,0.209205021,27.2678756713867,96.8911917098446,6.3,0.0,0,18.7461585740627,21.3480844089326,0
35035,NM,Otero,46.5768008093962,19.8313097465323,2.54257542680389,0.091698252,0.015283,0.366793006,0.015283,0.513569853071072,0.106635794043541,0.55018951,0.489057342,19.3841648101807,51.3634617846627,7.6,0.091698252,0,14.9724908694766,25.0184177939402,0
35037,NM,Quay,31.1129771813877,12.6289710779762,1.70157083734246,0.221141088,0.0,1.10570544,0.0,1.25441897593796,0.221141085028648,0.773993808,0.663423264,40.5548629760742,82.1996185632549,7.8,0.0,0,20.6282490874903,21.7675035947351,0
35039,NM,Rio Arriba,53.1169669301687,22.5486107471989,4.42771997510076,0.149123897,0.024854,0.447371691,0.024854,0.684144385468856,0.173930332064629,0.571641606,0.422517708,42.3295249938965,86.1694424330196,6.4,0.049708,0,14.0610246981066,24.6310192317249,0
35041,NM,Roosevelt,22.9838567429421,10.1182079562608,0.712693472333828,0.0489836,0.0489836,0.391868724,0.0,0.652986597450087,0.0978856682777405,0.538819495,0.342885133,25.238094329834,57.5415995705851,5.2,0.0489836,0,11.906681447143,26.5544694144916,1
35043,NM,Sandoval,43.9271245046929,13.5719418150663,1.90045698507955,0.096870343,0.0149031,0.23099851,0.0223547,0.480008063643784,0.111680269241333,0.439642325,0.380029806,16.3726348876953,47.581903276131,6.3,0.0596125,1,12.0704464088902,26.724485219784,0
35045,NM,San Juan,31.0031805167257,13.5604720326203,3.00992261053572,0.077131332,0.0231394,0.509066788,0.0308525,0.696989265716946,0.16963005065918,0.624763785,0.524493054,19.0550365447998,60.3095168005383,8.4,0.0462788,1,10.8294115837716,28.9525083817785,0
35047,NM,San Miguel,31.3417623406512,15.730615529273,2.57493241578886,0.136369835,0.0340925,0.54547934,0.0340925,0.914356258581104,0.102200724184513,0.477294422,0.613664257,44.112922668457,76.5417733302304,6.6,0.0,0,15.2043003436192,21.9848263191916,1
35049,NM,Santa Fe,31.956449383631,10.4813388754021,1.3509894300503,0.158138639,0.0206268,0.247521349,0.082507116,0.441787645886706,0.0754266753792763,0.646305744,1.051965732,20.1758460998535,58.8355002826456,4.0,0.116885081,1,15.1238121661927,20.9724630644378,0
35051,NM,Sierra,44.2366060873577,20.6451536852725,3.12207177064445,0.16636167,0.083180835,0.665446681,0.083180835,1.28205128205128,0.249480247497559,0.582265846,1.414074197,44.4224166870117,66.9009135628953,7.9,0.0,0,30.6473139806473,16.0827494160828,0
35053,NM,Socorro,33.788369377396,17.469344551219,2.79468670368425,0.168880883,0.0562936,0.506642648,0.0562936,0.738510481167983,0.281278133392334,0.675523531,0.844404413,40.7934417724609,60.0593912397921,8.0,0.0,0,14.1777678271577,23.9001455278182,1
35055,NM,Taos,44.7116056276956,21.0684106688318,3.6214698091854,0.182542822,0.0,0.456357054,0.152119018,0.78810620620926,0.212824180722237,0.973561715,1.673309197,29.3696632385254,81.2860310421286,6.1,0.121695214,0,17.0841303093785,20.590824908158,1
35057,NM,Torrance,23.7496552276865,10.5187364066798,4.1100497319027,0.3047294,0.0,0.48756704,0.0,0.842644029711004,0.243264615535736,0.548512921,0.3047294,44.6025428771973,53.6480686695279,6.1,0.0,1,14.1976438991638,24.1164621864127,0
35059,NM,Union,26.8103111978615,13.5485262390816,1.5588924875859,0.226911731,0.0,0.680735194,0.0,0.902730760550666,0.226757362484932,0.680735194,0.907646925,15.6356611251831,54.7318611987382,6.6,0.0,0,17.8720597933612,20.4440536381622,0
35061,NM,Valencia,45.5902011993124,18.7474635646956,2.74718683488174,0.117044243,0.0260098,0.286108149,0.0520197,0.655739844188383,0.116959065198898,0.585221214,0.312117981,32.3062934875488,70.9462528387585,7.3,0.0520197,1,12.7231647272395,26.3579255312202,0
36001,NY,Albany,27.4993348835951,4.95511524458991,2.55316341502028,0.29524072,0.0098414,0.42973927,0.101694026,0.84846103899647,0.0985014662146568,1.026781614,1.108792925,16.4173240661621,29.6697377746279,7.5,0.127937645,1,13.9097447765315,19.9310331225099,0
36003,NY,Allegany,7.80962350717047,2.86158356999961,4.712893938547,0.245886523,0.0,0.573735221,0.0409811,0.982277643360837,0.184475377202034,0.430301416,0.717169026,18.1592922210693,36.5329707681849,8.6,0.0614716,0,15.2065541617293,21.6074858006783,0
36005,NY,Bronx,0.899690499153286,0.0611227783546833,0.105306880516595,0.795917479,0.000713827,0.116353856,0.13919633,1.53428571225718,0.642637670040131,0.621743609,0.36690725,34.0757293701172,78.310845042273,9.5,0.0306946,1,10.532175108367,26.5824758791372,1
36007,NY,Broome,20.1840390030379,4.76360089827064,2.23565211190809,0.175483457,0.0150414,0.446229362,0.0601658,0.926066175233095,0.110360883176327,0.83730678,0.842320593,21.4836444854736,31.5676188391522,8.8,0.120331513,1,16.3728813559322,20.2188434695912,0
36009,NY,Cattaraugus,4.95144016590137,1.96790545711578,3.405295452582,0.275589072,0.0125268,0.425910383,0.100214208,0.636604663260255,0.200453519821167,0.526124591,0.939508199,18.5721778869629,33.1479082526861,9.3,0.075160656,0,15.4624799233039,23.4084938431465,0
36011,NY,Cayuga,7.51354548207896,1.77691796738335,2.50013977818181,0.175682968,0.0250976,0.363914718,0.087841484,0.539479418074551,0.13802969455719,0.614890386,0.790573354,18.0477294921875,27.6834445118254,8.2,0.0501951,0,15.2887811461275,21.6154749706345,0
36013,NY,Chautauqua,11.5145405903479,4.14641281096842,2.54350819828064,0.21606318,0.0223514,0.387423633,0.096855908,0.814368836070362,0.201195254921913,0.692892266,0.953658173,27.2350673675537,37.164861612515,8.8,0.06705409,0,16.5901930988473,21.8272117415959,0
36015,NY,Chemung,23.6727751706958,6.02678423212967,2.71812603529163,0.146095322,0.0112381,0.516952676,0.146095322,0.907274315514016,0.17999167740345,0.651809896,0.775429015,24.4328098297119,35.8086701182289,9.6,0.146095322,1,15.6962737813802,22.3798266351458,0
36017,NY,Chenango,1.59688303907326,0.505124208235069,2.90011953091016,0.239120038,0.0199267,0.637653435,0.119560019,1.01636192497947,0.219197735190392,0.358680057,0.956480153,23.190279006958,37.0569542899047,8.1,0.05978,0,16.6471858470194,22.7410503793807,0
36019,NY,Clinton,23.6812176672828,7.84401332462375,4.39136755631638,0.256940451,0.0244705,0.746350834,0.073411557,1.07567704378638,0.171325072646141,0.526116162,0.880938689,20.4530811309814,29.132249755751,7.8,0.0611763,0,13.3352815117865,19.3478472628093,0
36021,NY,Columbia,15.0034614411938,4.63923415149572,3.96147850832224,0.30381528,0.0,0.623620839,0.07995139,0.865347178888196,0.143972352147102,0.559659727,1.055358342,14.2101383209229,27.7175990824519,8.3,0.111931945,0,18.1675542031191,20.2976416888551,0
36023,NY,Cortland,9.80723085374025,2.52569389282552,2.00829440505684,0.16203188,0.0,0.405079699,0.060762,0.853983910740995,0.141763538122177,0.627873534,0.992445264,19.4445571899414,30.3357664233577,7.7,0.08101594,0,13.089832982001,21.1022377168802,0
36025,NY,Delaware,2.83965351823449,0.917978216574562,3.72082109410043,0.273218301,0.0,0.69355415,0.08406717,1.06643258030854,0.147126823663712,0.630503773,0.987789244,16.8152656555176,35.534398034398,8.4,0.0420336,0,19.4268445185494,19.6019174656107,0
36027,NY,Dutchess,35.7955553288022,5.85943538653657,3.04955637221315,0.288241426,0.0100549,0.355274315,0.070384534,0.505344374112915,0.0972769185900688,0.71725192,1.159668992,11.3757734298706,19.5398458728674,8.3,0.100549335,1,13.5481095035766,22.1753482493412,0
36029,NY,Erie,25.9024976972171,5.88816534027766,2.31620329527127,0.268387243,0.00760612,0.353141109,0.106485627,0.876051497538497,0.152215778827667,0.792122671,0.829066664,22.9143028259277,34.5513764671941,10.1,0.114091743,1,15.7081302228412,21.6469359331476,0
36031,NY,Essex,9.86141077743701,1.99557043638353,3.69936100909092,0.534772976,0.0254654,0.636634495,0.152792279,1.08441775108442,0.254738122224808,0.585703736,2.011765005,13.4995546340942,28.7837219935985,8.1,0.152792279,0,18.1432562865126,19.2684785369571,0
36033,NY,Franklin,17.3937433637256,6.69146062281044,5.11171667124141,0.232765644,0.0193971,0.678899794,0.0387943,1.06992309424977,0.174618259072304,0.562516972,0.756488342,18.8666496276855,36.2606945143432,8.4,0.0387943,0,13.333591736274,20.7755964262873,0
36035,NY,Fulton,9.83228009172412,3.19814553614115,2.05526708534148,0.181415769,0.0,0.417256268,0.0544247,0.813230162342588,0.0907194018363953,0.653096767,1.015928304,24.3215656280518,34.4423141987143,8.4,0.090707884,0,16.028884767067,22.1966109020187,0
36037,NY,Genesee,5.11105945738895,1.57508371884135,1.95182589665011,0.116855583,0.0333873,0.450728678,0.083468274,0.722499180241315,0.100190363824368,0.484115988,0.817989082,12.8608751296997,26.3273606683522,9.2,0.100161928,0,15.629421262005,22.0692754539856,0
36039,NY,Greene,12.7974320318847,3.63119055631718,5.42929772095198,0.286550545,0.0204679,0.675440571,0.0614037,0.945082489265096,0.163766637444496,0.654972675,1.657899585,18.1717796325684,25.6682912420617,8.4,0.163743169,0,17.2974949716584,19.2641352268341,0
36041,NY,Hamilton,27.5040043532986,6.32327106591487,2.79864463305239,1.035625518,0.0,1.449875725,0.0,0.697641970140924,0.207210943102837,0.828500414,3.314001657,10.0610599517822,17.032967032967,10.3,0.0,0,23.3664185277089,16.439205955335,0
36043,NY,Herkimer,12.6937750078042,4.40352798277191,2.82124772074124,0.186384605,0.0155321,0.450429461,0.077660252,0.852607428535996,0.155344635248184,0.590217915,1.025115325,21.4223442077637,32.1287908625443,8.8,0.077660252,1,16.8260512407198,22.1609138393342,0
36045,NY,Jefferson,14.5111093281966,5.19147193665387,2.92540421886295,0.2122133,0.0169771,0.449892196,0.135816512,0.890417033920385,0.195297569036484,0.789433475,1.035600903,17.4304981231689,31.0632274300094,7.5,0.0424427,1,11.1684691428129,25.4953583012845,0
36047,NY,Kings,0.0157002711263836,0.00309707421534341,0.00321395509851457,0.831284246,0.00157068,0.113481883,0.260340791,1.4619187842386,0.486850321292877,0.728797147,0.650262972,34.0701751708984,68.8837564907139,9.1,0.0498692,1,11.4837305864974,23.7305066475027,1
36049,NY,Lewis,14.6467534516243,5.65172485460568,4.64189896601593,0.111078199,0.0370261,0.518364929,0.185130332,1.01932118718778,0.148022055625916,0.444312796,0.999703791,16.0051250457764,29.7279362972794,8.5,0.074052133,0,15.0478089120242,24.7461882083656,0
36051,NY,Livingston,17.0262519029248,8.80251587661657,2.51093694004058,0.185005319,0.0154171,0.570433067,0.0,0.660906238749164,0.154216274619102,0.585850177,0.878775265,14.7232723236084,22.3595505617978,8.7,0.154171099,1,13.7400027525882,20.2116434480755,0
36053,NY,Madison,14.5605194176893,4.82980635946356,3.76567048156986,0.192070243,0.0137193,0.260666758,0.0548772,0.685022979930554,0.164656490087509,0.562491425,0.946631911,16.9453296661377,26.9755542922115,7.6,0.082315818,1,13.9416137904741,21.792707170284,0
36055,NY,Monroe,33.8418359582001,6.92733752839023,2.0828279299195,0.247504552,0.0120408,0.349182098,0.073582434,0.751190471414645,0.0964228436350822,0.714418545,0.763919455,21.6977005004883,34.4825446907322,8.6,0.12040762,1,13.9174897627978,22.6641176660254,0
36057,NY,Montgomery,44.0399720019835,18.6070171819024,9.12601927974892,0.280527391,0.0,0.561054783,0.0400753,1.06292091334441,0.220436468720436,0.701318479,0.801506833,26.1298866271973,32.8968253968254,8.8,0.0200377,0,16.5853561401063,23.4990740556363,0
36059,NY,Nassau,5.59251424583914,0.43060647967615,0.186918185811253,0.413363285,0.00445275,0.328761105,0.205568456,0.410294836646697,0.0898842364549637,0.864574915,0.932850359,7.18378353118897,14.6303156447517,8.8,0.149167002,1,15.2800381028598,23.2603625743917,0
36061,NY,New York,0.000126113503414208,0.0,0.0,0.827153982,0.000620521,0.10052434,0.314603953,0.899785270326747,0.218876212835312,1.53951165,2.634110018,34.0907897949219,63.1163065638836,6.8,0.266203345,1,13.5037925483314,14.7827095864549,0
36063,NY,Niagara,22.3017404178727,5.27229376240302,2.34371222808795,0.148321877,0.00463506,0.370804693,0.064890821,0.77707120854329,0.152983874082565,0.648908212,0.866755969,19.9690856933594,30.9259728736215,8.9,0.106606349,1,15.8858774235572,21.4765162679183,0
36065,NY,Oneida,19.6128402036544,5.60524404748231,3.19230994389222,0.234700714,0.0170691,0.345650142,0.093880286,0.95658714255539,0.1750618070364,0.580350856,0.861991713,23.4993057250977,36.2176269825336,8.8,0.102414857,1,16.2501383697068,21.8739090080808,0
36067,NY,Onondaga,26.1687687987853,5.48179357585942,2.33503574449401,0.267148246,0.0106859,0.361184428,0.070527137,0.796826403228433,0.181790575385094,0.782210064,0.767249762,20.8936538696289,31.9770114942529,8.6,0.117545228,1,14.041616526703,22.9655308269775,0
36069,NY,Ontario,13.8336933689253,2.89915940695411,2.14807863075281,0.165748909,0.0368331,0.395955727,0.110499273,0.502984116452726,0.174984574317932,0.810327999,0.98528518,12.8638849258423,20.1045938075712,8.4,0.138124091,1,15.3913148215063,22.5143841898991,0
36071,NY,Orange,27.6642012550263,4.46545031969524,2.52414449559493,0.323234698,0.0133568,0.360633754,0.120211251,0.657299810597969,0.14433678984642,0.670511646,0.862849648,17.0818824768066,26.5082095387021,8.7,0.088154918,1,10.9934471169192,27.2332241633205,0
36073,NY,Orleans,16.2336400759181,5.99635093115859,3.83331164688576,0.234527076,0.0234527,0.351790614,0.0,0.657546611884085,0.140732750296593,0.422148737,0.422148737,18.7830257415772,33.4602430809782,8.6,0.070358123,1,14.4066413263997,22.2465778980015,0
36075,NY,Oswego,7.97901283140713,2.5109940715861,2.35232335951353,0.18856323,0.0163968,0.483705677,0.06558721,0.78266228430567,0.262366056442261,0.606681697,0.754252921,22.7602024078369,34.5149253731343,9.1,0.090182414,1,12.6116830045287,23.112956456936,0
36077,NY,Otsego,20.457689364883,9.61170891601388,4.6657087189208,0.290453753,0.0322726,0.661589105,0.112954237,0.895331313098576,0.161384031176567,0.580907507,1.29090557,13.602165222168,27.0535041446873,8.4,0.080681598,0,16.5132751891293,18.6607558746527,0
36079,NY,Putnam,39.2222993246312,5.4300060927842,1.7753327665215,0.330465957,0.0,0.320451837,0.080112959,0.220868011284348,0.0500921681523323,0.620875434,0.861214312,3.11195349693298,6.62605200351715,7.7,0.150211799,1,12.453114030689,23.7187844749774,0
36081,NY,Queens,0.334018098816697,0.0350682061877196,0.0423087143381407,0.623338593,0.00176834,0.177275727,0.185675325,0.931058753096257,0.295270472764969,0.768784264,0.695398302,34.147575378418,60.8387613260071,9.2,0.0543763,1,12.8275060720251,20.7063452998626,0
36083,NY,Rensselaer,23.4704069146061,5.39542762279511,2.66523235580401,0.231764227,0.0062639,0.41341727,0.0438473,0.857655290351508,0.100268214941025,0.714084375,0.663973191,16.678783416748,26.5861027190332,8.0,0.0501112,1,13.5527413456774,21.3066631541313,0
36085,NY,Richmond,4.89370605807793,1.23960482868644,0.979581930622876,0.449567821,0.0021206,0.169648234,0.106030146,0.815226627691575,0.216560050845146,0.631939673,0.591648217,34.5746574401856,44.8820181661041,8.9,0.076341705,1,12.6605935186568,23.2972073475135,0
36087,NY,Rockland,29.7424604205148,4.92478028713485,1.89254977561512,0.294393233,0.00633104,0.246910454,0.126620746,0.430884816594651,0.120467029511929,0.816703809,0.965483185,18.339017868042,20.7656781720953,9.8,0.142448339,1,13.4240439928518,28.0987015820358,0
36089,NY,St. Lawrence,14.2773726428939,6.12976624219187,3.55521338366326,0.240393176,0.0178069,0.507496706,0.0356138,0.958579846508423,0.2048669308424,0.507496706,0.872538196,20.3152980804443,34.9762024048096,8.6,0.0267104,0,13.8935539198171,21.2650968341314,0
36091,NY,Saratoga,29.4845089384487,3.87777185684716,1.79797474755747,0.131132122,0.0135654,0.429570746,0.06782696,0.626876690991433,0.0723693743348122,0.755140153,0.908881262,9.77749443054199,11.9005796592306,7.7,0.162784704,1,13.6580345799542,22.7023728751816,0
36093,NY,Schenectady,35.9549055827784,9.60553314292522,4.86389466494665,0.258164451,0.0129082,0.451787789,0.0258164,0.992754183749774,0.11623702198267,0.768039241,0.651865238,22.1679077148438,30.7228658145599,8.7,0.135536337,1,14.9185339339611,22.9494529073788,0
36095,NY,Schoharie,12.0113966066626,2.93601186686539,3.71562296031541,0.122571551,0.0306429,0.582214868,0.0612858,0.721725495082921,0.122620396316051,0.459643317,0.919286634,16.3667278289795,26.9021739130435,8.9,0.0306429,1,15.9394179974961,19.9456471953342,0
36097,NY,Schuyler,6.65960269271346,2.07257329071739,5.36305850184908,0.0543508,0.0543508,0.38045546,0.0543508,0.684166936732563,0.163025751709938,0.597858579,1.195717159,19.5810565948486,27.012987012987,8.2,0.0543508,0,16.9874066401352,21.2069999454833,0
36099,NY,Seneca,4.64999289884023,1.58505349367472,2.81237151846329,0.254827567,0.0,0.396398437,0.0566283,0.608978898173063,0.141586899757385,0.537969307,0.849425222,12.0307235717773,28.3417547083142,8.5,0.0,0,15.5229638875493,21.3298913506,0
36101,NY,Steuben,11.4651907075651,4.20844226129213,3.62212020723312,0.201702368,0.0100851,0.554681512,0.0403405,0.779806789618727,0.191638514399529,0.484085683,0.867320182,16.5971012115479,34.5997286295794,9.9,0.080680947,0,15.8783715526821,23.4346903727649,0
36103,NY,Suffolk,30.3711604498703,4.21710710879523,1.36712522145423,0.347982833,0.0059997,0.345982932,0.16932498,0.40869808233724,0.096741609275341,0.817293014,0.85729104,10.0585479736328,18.5105429853585,8.0,0.136659925,1,13.5127732949409,23.9508487628486,0
36105,NY,Sullivan,13.9764000523832,6.33484364369343,7.00040811820741,0.414996952,0.0129687,0.661401393,0.0518746,1.06997599607603,0.194686353206635,0.752181976,1.076398345,21.811767578125,35.7588357588358,9.3,0.0518746,0,14.7716868479761,22.6649644731582,0
36107,NY,Tioga,14.8003411243448,2.62427780068055,2.80156916608504,0.216228967,0.0,0.353829218,0.0393144,0.668608106501842,0.196571782231331,0.511086649,0.727315616,16.818811416626,30.6625386996904,7.9,0.0589715,1,15.7105134474328,23.4268948655257,0
36109,NY,Tompkins,17.5956499574669,5.82736131199839,3.68523289155927,0.196103425,0.0,0.323570651,0.0490259,0.558242486884958,0.10805394500494,0.745193015,1.000127467,12.580813407898,28.066979003991,6.1,0.166687911,1,10.7607026111614,16.4024654405104,0
36111,NY,Ulster,25.642976237751,6.01405172664617,4.32670113801861,0.25751167,0.0109579,0.536939227,0.120537378,0.742611020347542,0.0822233185172081,0.778013982,1.320432181,16.2865295410156,25.3562070094989,7.5,0.115058406,1,14.8191985446017,20.1739244792951,0
36113,NY,Warren,17.2649735662165,4.24512865515473,2.08534114092351,0.380314901,0.0456378,0.669354225,0.091275576,1.01340698017435,0.19776976108551,1.03445653,2.190613828,16.9723606109619,22.0531936328833,8.9,0.22818894,1,17.1168977430106,20.6142420137885,0
36115,NY,Washington,12.1673571590675,3.97781964530421,4.04626479786368,0.158559016,0.0,0.380541638,0.0475677,0.762703784917533,0.126835152506828,0.618380161,0.776939177,16.3663063049316,28.739224137931,8.5,0.079279508,1,15.3552898000506,21.0658694001519,0
36117,NY,Wayne,14.7142255590274,3.41835586938403,3.21857934795517,0.117946024,0.0107224,0.461061729,0.064334195,0.533372058834076,0.117967523634434,0.654064313,0.621897215,14.6219720840454,27.8961209730441,8.8,0.0536118,1,14.250522544043,23.780019622062,0
36119,NY,Westchester,14.9645071792978,1.26907781259902,0.635955584142761,0.48763017,0.00626506,0.235983765,0.155582217,0.588039556188713,0.238427639007568,0.795662075,1.020159905,11.6997852325439,25.819735144494,7.4,0.193172551,1,14.6581070957831,24.0224293629947,0
36121,NY,Wyoming,18.7195171664377,4.83480952097075,2.81956576225587,0.262818369,0.0,0.477851579,0.0477852,0.509245997644737,0.143406867980957,0.501744158,0.621207053,10.4461336135864,23.438098888463,8.0,0.119462895,0,13.5760882457597,20.6476100106749,0
36123,NY,Yates,2.23778005558716,0.48047034905823,6.12724915322918,0.39291187,0.0,0.39291187,0.078582374,0.769412878787879,0.117882825434208,0.432203057,0.864406114,15.3327016830444,36.3192750087138,8.8,0.078582374,1,16.632475934985,24.5186997001736,0
37001,NC,Alamance,26.9914672655574,11.3023868958943,2.91851202206593,0.157009493,0.0327103,0.529907037,0.0523365,0.825645356895357,0.183370873332024,0.771963338,0.739253027,20.1199798583984,44.3988613529806,10.3,0.078504746,1,14.6105034704991,23.4518397946153,0
37003,NC,Alexander,6.49432621974399,2.27029163541382,3.35740114418345,0.107994276,0.0269986,0.350981398,0.0269986,0.606011270000633,0.10802635550499,0.404978536,0.59396852,20.8130302429199,41.7389732465654,9.5,0.0539971,1,15.1271573740524,22.7243400182806,0
37005,NC,Alleghany,3.61043237560048,1.36273635035996,3.17350452847696,0.181405896,0.0,0.634920635,0.0,1.14395533998353,0.45384407043457,0.544217687,0.816326531,19.2740650177002,52.3106546854942,10.4,0.181405896,0,20.654415060511,20.0358583594801,0
37007,NC,Anson,5.75711306482559,3.06250733532535,6.12902227518898,0.22626994,0.0377117,0.716521477,0.11313497,1.36617206178134,0.414969056844711,0.45253988,0.45253988,33.1218490600586,0.0,11.8,0.0,0,14.346148137153,22.1389342437287,0
37009,NC,Ashe,5.06294336669785,2.48924319607812,5.39864644387331,0.148104265,0.0370261,0.555390995,0.111078199,0.68273240580138,0.259412974119186,0.592417062,0.740521327,19.4940090179443,33.7579617834395,8.5,0.074052133,0,20.1642168542209,19.4311058978776,0
37011,NC,Avery,0.0,0.0,7.11417104141816,0.282039711,0.0,0.676895307,0.0564079,0.722994045931386,0.338447660207748,0.676895307,1.52301444,16.600284576416,48.203842940685,10.2,0.0,0,17.4018092937012,17.1882901612631,0
37013,NC,Beaufort,14.6551931830601,5.08841100887288,4.25377854683966,0.230786984,0.0209806,0.713341586,0.062941905,0.938458192126073,0.188857406377792,0.608438411,0.629419046,24.7491359710693,52.8626718270386,11.5,0.104903174,0,18.3881572059717,22.0419188006449,0
37015,NC,Bertie,8.81562584353332,4.7478710444969,8.88701674111373,0.431447747,0.0,0.527325024,0.0,1.32345583369648,0.335667014122009,0.33557047,0.239693193,33.8219032287598,67.8275862068966,13.8,0.0479386,0,17.1788365755098,20.8439056479654,1
37017,NC,Bladen,6.4218879537759,3.22399492522901,6.48599807825987,0.229095074,0.0,0.630011455,0.0,1.08119719318345,0.200619056820869,0.572737686,0.343642612,28.9345874786377,62.5,12.1,0.0286369,0,15.5754475703325,23.0662119920432,1
37019,NC,Brunswick,15.6798959785031,4.84661488336893,4.43395679478387,0.16328456,0.0272141,0.426354128,0.136070466,0.824744410890486,0.226928204298019,0.707566425,1.052278273,17.7431201934814,47.7115749525617,9.7,0.072570915,1,21.4332920665357,18.7664640559987,0
37021,NC,Buncombe,24.7962110903669,8.64738557042901,2.32922871205174,0.194839651,0.0165821,0.543063708,0.066328392,0.76315323053431,0.170020073652267,0.907869864,1.065399794,20.3651962280273,42.3439708153942,8.7,0.103638112,1,15.9853640933543,20.4936261633616,0
37023,NC,Burke,27.7066707812959,12.2165320775014,4.72036927199455,0.176815118,0.0,0.563598188,0.0331528,1.08649614201794,0.243021413683891,0.596751022,0.453088739,22.378511428833,47.1005154639175,10.6,0.0442038,1,16.1397835269271,22.206089405139,0
37025,NC,Cabarrus,22.3508233662211,5.79514434196915,1.56582715101715,0.154501512,0.0386254,0.452468713,0.082768667,0.705969712408807,0.187706336379051,0.72836427,0.695256804,18.246467590332,36.056696454992,10.1,0.132429867,1,11.2830106004685,27.4033627135402,0
37027,NC,Caldwell,35.3245648066202,15.715306544039,4.13608467480017,0.169808117,0.0121292,0.545811804,0.0242583,1.10460148907604,0.181950509548187,0.691361619,0.473036897,26.1827621459961,48.6554292434339,9.9,0.0363875,1,15.4355707042118,22.6258295294415,0
37029,NC,Camden,3.74780838662911,0.981126735741062,1.31575199026263,0.099770528,0.0,0.498852639,0.0,0.396432111000991,0.099780485033989,0.199541056,0.199541056,13.3153352737427,24.0040858018386,9.9,0.0,0,12.8557114228457,25.6212424849699,0
37031,NC,Carteret,24.6089409222105,6.97405546809827,2.58181522358596,0.222466111,0.0148311,0.652567259,0.133479667,0.809528034066714,0.252206802368164,0.845371222,1.527600629,15.7799224853516,31.822272215973,10.8,0.163141815,0,19.0449683311017,18.9185936301133,0
37033,NC,Caswell,10.5957369033594,6.12526467627792,7.14432467728314,0.127779198,0.0,0.724082119,0.085186132,0.911688274396635,0.170524790883064,0.255558395,0.298151461,28.635778427124,55.0796812749004,13.4,0.0425931,0,15.8311901850837,20.6121674606855,0
37035,NC,Catawba,26.1249812718811,9.89226690252582,3.2546076360802,0.174688311,0.0194098,0.588764307,0.0258797,1.13224784403164,0.220087513327599,0.802272242,0.828151992,23.7401638031006,43.5498849275245,8.7,0.071169312,1,14.1055209318597,23.8374428277122,0
37037,NC,Chatham,7.89529790972672,3.47771262039865,3.83503071415433,0.187035334,0.0155863,0.57669228,0.0155863,0.680803120326583,0.171601504087448,0.467588335,0.561106002,11.1214323043823,38.2889518413598,8.5,0.077931389,1,18.3150932997402,21.7951342413983,0
37039,NC,Cherokee,0.428831552550317,0.121930826071487,3.91287164513013,0.1839791,0.0367958,0.51514148,0.0,0.811968978462754,0.257608652114868,0.7359164,0.88309968,20.5096435546875,50.8262260127932,11.9,0.0,0,22.8975368022154,19.2646844483311,0
37041,NC,Chowan,21.4382984227535,7.39182973909829,4.51389342564247,0.269887322,0.0,0.742190136,0.0,1.29185847098114,0.337700933218002,0.944605627,0.674718305,31.0120983123779,0.919348098620978,12.4,0.067471831,0,19.657946325965,22.4227675251808,0
37043,NC,Clay,3.7181281489466,1.63395498098254,4.08584057163577,0.187090739,0.0,0.374181478,0.09354537,0.753437558862309,0.280846297740936,0.280636109,0.748362956,26.0035648345947,46.0239268121042,10.3,0.0,0,23.594974969302,18.7305185604987,0
37045,NC,Cleveland,12.9762423558672,5.56000472400579,4.07706600767607,0.215528301,0.0102633,0.697901165,0.0307898,1.15073421288412,0.215537145733833,0.667111408,0.67737466,32.6520347595215,50.3122158229767,11.6,0.0513163,0,14.9646199963295,23.448683700728,0
37047,NC,Columbus,2.78936467377638,1.37849636950981,5.66704443252243,0.207997504,0.0173331,0.606659387,0.0519994,1.09592051540072,0.346722602844238,0.918655643,0.51999376,30.5732269287109,60.2706923477356,12.1,0.0,0,15.1984577782368,23.291679575889,1
37049,NC,Craven,22.8018884952039,6.23103803701929,2.98993312818757,0.152565484,0.0190707,0.619797279,0.0381414,0.737329388183641,0.171708211302757,0.791433448,0.65793865,18.1230278015137,9.15736310473153,10.9,0.095353427,1,15.2746244142795,23.3834114293995,0
37051,NC,Cumberland,30.2256246762907,12.7975806912313,2.57344541107024,0.151113556,0.0181336,0.504719276,0.0362673,0.859180761757224,0.157352596521378,0.749523237,0.601431952,26.0906238555908,46.7535376918194,12.2,0.0513786,1,9.45431094665202,26.7791792280649,0
37053,NC,Currituck,13.1031413066135,2.75495108740375,2.0987393866493,0.334672021,0.0,0.794846051,0.292838019,0.574545555232518,0.125507265329361,1.08768407,1.338688086,13.463565826416,25.1319426991706,9.3,0.041834,1,12.9145963392364,23.7440013589842,0
37055,NC,Dare,37.6232169981504,9.92122058646288,0.935422362453945,0.526654573,0.0,1.111826321,0.409620224,0.819521977651154,0.351339489221573,1.843291006,3.949909298,11.8466663360596,28.4341209451342,9.1,0.175551524,0,15.2329009433962,20.0235849056604,0
37057,NC,Davidson,17.3011483225693,6.40957828206339,2.7646569145809,0.165672631,0.012272,0.58292222,0.0429522,0.837110539425865,0.177988365292549,0.515425963,0.60133029,23.5625419616699,44.2557048831435,10.6,0.128856491,1,14.3592136445683,23.8657154434608,0
37059,NC,Davie,11.0283938404208,2.70389901070291,2.36195567139141,0.096730509,0.0241826,0.532017798,0.0241826,0.774342512811849,0.169356197118759,0.532017798,0.677113562,17.1589984893799,36.0718089152594,9.2,0.0483653,1,16.5591658583899,23.6445198836081,0
37061,NC,Duplin,1.68563135431816,0.817056903400231,4.95996324851425,0.236183278,0.0,0.590458196,0.0506107,0.86896651286237,0.21959088742733,0.489236791,0.506107025,19.7407474517822,60.1530891197376,11.3,0.0168702,0,14.1782753610803,25.4166310571746,0
37063,NC,Durham,26.9691965738675,6.24687873992275,1.59130819803769,0.180582994,0.0180583,0.411729227,0.0469516,0.667224524777602,0.198884084820747,0.93903157,0.798176834,19.1969738006592,50.9489900529218,9.3,0.122796436,1,9.76019014376633,22.5425749382444,0
37065,NC,Edgecombe,16.1514819707594,9.48545916321343,6.34827847731245,0.178383489,0.0178383,0.713533955,0.0356767,1.05890552954212,0.321130365133286,0.48163542,0.285413582,40.0200500488281,70.486981152631,12.8,0.0356767,1,14.3301739991512,24.5420144291979,0
37067,NC,Forsyth,38.9479506601172,12.0336376822521,2.67134682690432,0.194456578,0.0197275,0.493186974,0.0591824,0.853956260686087,0.228481814265251,0.687643553,0.755280623,19.545804977417,47.0529452702582,8.4,0.118364874,1,12.9782986853737,24.3536658396783,0
37069,NC,Franklin,4.731668821863,2.17351689589226,3.53987943388641,0.164031232,0.0,0.57410931,0.0,0.913650535448014,0.196957007050514,0.459287448,0.229643724,21.5819721221924,49.6615031554791,9.3,0.082015616,1,12.6659958098946,24.517065606493,0
37071,NC,Gaston,28.3102360377634,10.6872587180837,2.57709940710039,0.154625974,0.0241603,0.560519157,0.0289924,1.01859017186656,0.145024925470352,0.719977193,0.560519157,28.4301376342773,6.10884313783077,10.2,0.106305357,1,13.2439855206079,23.8934231340314,0
37073,NC,Gates,0.03905920542285,0.0191911285705262,3.91522786691796,0.249107365,0.0,0.581250519,0.166071577,0.793383323503806,0.166099160909653,0.0,0.249107365,19.2302303314209,39.6901709401709,11.8,0.0,1,15.0118881692219,23.800934656063,0
37075,NC,Graham,2.8380665593107,1.71279157974362,2.9139232734743,0.22688599,0.0,0.680657969,0.0,0.795019157088123,0.4538234770298,0.45377198,0.45377198,23.1699390411377,46.405750798722,10.7,0.0,0,19.6591806793816,21.5889854418237,0
37077,NC,Granville,14.4389603544703,2.73244584907938,3.36570749480538,0.121709497,0.0,0.695482839,0.0,0.863172060802612,0.295708745718002,0.643321626,0.260806065,18.1551399230957,43.6487252124646,10.9,0.104322426,0,12.4190533413445,22.2528206155284,0
37079,NC,Greene,0.0,0.0,3.40339679254095,0.139282232,0.0,0.557128929,0.0,0.746651733631994,0.232406809926033,0.185709643,0.464274107,27.8104972839355,65.1433691756272,11.4,0.0,0,12.475423649471,23.1813500608557,0
37081,NC,Guilford,21.0172810551725,6.6883854489823,1.81392724515543,0.207979549,0.0161538,0.472497229,0.0504805,0.861651882656956,0.191961467266083,0.815764446,0.844033511,22.6456966400147,45.9830838602951,10.0,0.11307626,1,12.3100453311384,23.440129728136,0
37083,NC,Halifax,17.4486329352469,9.57183743295506,7.03498481278462,0.388012269,0.0184768,1.053176158,0.073907099,1.49983335184979,0.554426193237305,0.794501312,0.498872917,39.9263229370117,46.5720179589856,14.7,0.0369535,0,16.1562231445759,23.0714377137006,1
37085,NC,Harnett,8.94576898829479,4.06740395894247,3.05507324954008,0.159377254,0.0083883,0.43619038,0.0,0.633179132380835,0.201413244009018,0.478131763,0.377472445,21.493480682373,45.9775967413442,8.9,0.075494489,0,10.4178656760669,27.7533615863548,0
37087,NC,Haywood,20.3715727082607,6.89388258011386,2.73265998819832,0.187265918,0.0,0.680966973,0.102145046,0.647902944704737,0.153264537453651,0.680966973,1.02145046,22.4807529449463,44.7331370792269,10.8,0.0340483,1,21.0312351785351,19.53892540145,0
37089,NC,Henderson,20.9457321446312,5.23582429996052,2.11438521179638,0.204816922,0.0186197,0.456183144,0.0465493,0.515705145967648,0.121089056134224,0.577211325,0.623760625,14.5080070495605,43.4881336067975,9.6,0.102408461,1,22.3580663293985,20.5724189619637,0
37091,NC,Hertford,11.4335557742534,6.30954850580376,9.34318921220917,0.284090909,0.0,0.933441558,0.081168831,1.61292522574133,0.323729366064072,0.689935065,0.405844156,32.9758453369141,33.4645669291339,13.3,0.081168831,0,15.8012079938384,21.066926101585,0
37093,NC,Hoke,22.5882973313192,9.48882600926932,5.41566492043441,0.121239063,0.0202065,0.444543232,0.0,0.69752255817635,0.141519919037819,0.262684637,0.080826042,24.6176128387451,43.1670281995662,10.9,0.0202065,1,7.41821434656671,30.2117055716476,0
37095,NC,Hyde,59.2015005431585,25.7192849656201,6.32461444140236,0.172413793,0.0,1.034482759,0.517241379,1.194743130227,0.517598330974579,0.344827586,1.896551724,21.9606456756592,51.559934318555,12.3,0.0,0,15.0602409638554,18.5197934595525,0
37097,NC,Iredell,15.7150155711547,5.43321710176569,2.43235597608114,0.192428258,0.0248295,0.558662686,0.086903084,0.677594217862674,0.198735550045967,0.78212776,0.825579302,13.6491651535034,32.3236156632741,8.7,0.130354627,1,12.8232467996764,25.4551954690567,0
37099,NC,Jackson,17.1767369522966,8.17944770991396,4.73058676288945,0.173809406,0.0248299,0.521428217,0.074489745,0.601595464135021,0.248613983392715,0.670407707,0.968366688,16.2020530700684,45.1697127937337,10.8,0.0496598,0,15.1076457003799,17.6876660624271,0
37101,NC,Johnston,4.99146861078012,1.65873186786533,1.80723563266086,0.191266649,0.0289798,0.475268643,0.0289798,0.641179541704299,0.185571789741516,0.712902964,0.475268643,19.6633453369141,37.662132236634,8.9,0.086939386,1,10.219803645235,27.8129774156492,0
37103,NC,Jones,0.00308074059303695,0.00122839651541746,8.50094630651191,0.198826921,0.0,0.497067303,0.0,0.762368207623682,0.397653847932816,0.397653842,0.198826921,27.2370643615723,63.4692246203038,13.1,0.0,1,17.2953806756624,21.7472668176894,0
37105,NC,Lee,21.5369010028796,9.41400263058891,4.82541551230823,0.221888441,0.0170683,0.648596982,0.051205,1.16525719389321,0.239156797528267,0.785143715,0.733938691,22.5437469482422,53.0811470408786,11.9,0.136546733,0,13.7161718452978,25.6800193550617,0
37107,NC,Lenoir,12.2968325841638,4.84359373911878,2.9333229415761,0.28599788,0.0168234,0.656112784,0.0336468,1.12139170761083,0.218822062015533,0.874817045,0.487878737,31.3535251617432,60.6636038795304,12.9,0.201880857,0,15.9912597697286,24.089419278931,0
37109,NC,Lincoln,16.4676664107398,5.09221809964035,2.51660541025299,0.191644308,0.0127763,0.638814361,0.0127763,0.845805017252321,0.140558913350105,0.664366935,0.485498914,19.2775955200195,35.7126739375705,11.4,0.076657723,1,13.2383568644988,23.6133648501885,0
37111,NC,McDowell,7.75188345816924,3.2843194228891,5.01250054989007,0.24412437,0.0,0.643600613,0.066579374,0.916707409218188,0.199773594737053,0.577021239,0.577021239,23.8843593597412,49.7912317327766,11.1,0.0,0,16.3947906480576,21.7463774557738,0
37113,NC,Macon,6.45566628193008,2.38715291991419,4.19682838939385,0.236029976,0.0,0.708089927,0.088511241,0.659403387561881,0.177074730396271,0.649082433,1.504691096,23.5430641174316,52.2751605995717,10.4,0.0590075,0,23.7869229408643,19.2618359766523,0
37115,NC,Madison,9.96845711819351,3.55864773849866,5.53329427423519,0.143864192,0.0,0.431592577,0.095909461,0.803522643268087,0.143926307559013,0.287728384,0.479547307,24.3357887268066,49.1071428571429,9.2,0.0,1,17.6555576960123,19.7071855133886,0
37117,NC,Martin,2.23648908680009,1.02564792868794,5.56334139427036,0.165439656,0.0,0.62039871,0.0413599,1.24855668238666,0.330865621566772,0.703118538,0.703118538,29.4360485076904,55.2618069815195,13.6,0.0,0,17.5351968985921,22.1791471128341,1
37119,NC,Mecklenburg,22.4419436562073,6.56961638488778,1.37554355712649,0.211652978,0.0126992,0.343936089,0.0507967,0.67421303687223,0.178013250231743,0.77041684,0.887884243,21.3970928192139,46.0457991666491,7.9,0.165089323,1,8.8201968622095,25.3730856389758,0
37121,NC,Mitchell,5.53381622018171,2.55284789019813,5.70527043040604,0.065142336,0.065142336,0.455996352,0.0,1.13872982821447,0.390955895185471,0.65142336,1.107419712,20.0571975708008,47.7715877437326,12.0,0.0,0,20.9256049810643,19.4813531035368,0
37123,NC,Montgomery,0.830468648551385,0.304525557645068,3.64437335723421,0.144310556,0.0360776,0.577242225,0.0,0.954773263939087,0.397011578083038,0.577242225,0.577242225,25.2825984954834,65.6184971098266,10.7,0.0360776,0,15.6989711490035,24.2679329448162,0
37125,NC,Moore,25.3611151373975,6.02114868415011,2.97597091476201,0.179225522,0.0112016,0.50407178,0.067209571,0.659822964423084,0.17927773296833,0.582482946,1.03054675,14.6380167007446,36.6884709730172,9.3,0.089612761,0,22.6477953924779,21.6993212233844,0
37127,NC,Nash,13.1835508915037,4.04150593721673,3.77396064002348,0.219323439,0.0313319,0.762410051,0.0313319,1.30170240035664,0.282025575637817,0.804185945,0.647526345,23.0386390686035,54.4528236716366,11.8,0.06266384,1,13.9743322203673,23.93050918197,0
37129,NC,New Hanover,31.9763285561347,7.88285787672719,1.08190995056161,0.194130465,0.019413,0.422233762,0.101918494,0.809699507090945,0.213639944791794,0.907559926,1.184195839,16.2148494720459,36.8595178032339,10.3,0.106771756,1,13.8611614125635,19.9405922029734,0
37131,NC,Northampton,4.48004322297575,2.68974698542654,9.53292143128,0.228070976,0.0,0.729827122,0.0,1.22114367494244,0.365046769380569,0.273685171,0.456141951,36.8778686523438,67.0305676855895,14.9,0.09122839,0,19.6207973211458,20.8154215122856,1
37133,NC,Onslow,32.2885808767482,10.9548524627856,2.96425727504457,0.118910563,0.0162151,0.389161843,0.0540503,0.52201844707697,0.135162904858589,0.708058353,0.491857329,11.0306262969971,31.356215989954,8.9,0.0540503,1,7.46011745381725,25.2784465495129,0
37135,NC,Orange,23.2868483732484,11.3632814023356,2.71936054754148,0.148189861,0.00740949,0.34083668,0.081504423,0.477861307853841,0.10384601354599,0.68167336,0.896548658,10.7832050323486,25.2286952335099,6.4,0.177827833,1,9.63296238443659,20.9034312150133,0
37137,NC,Pamlico,4.95713981962104,2.33251443561318,3.90869238065337,0.301818456,0.0,0.37727307,0.075454614,0.981591963693845,0.302000761032105,0.679091526,0.603636912,19.6597595214844,51.4238773274918,11.9,0.075454614,1,21.7361533779671,17.9093122337188,0
37139,NC,Pasquotank,17.7661164035719,9.11730518487116,4.45636545503038,0.198624525,0.0248281,0.645529707,0.099312263,0.907426112520838,0.149031296372414,0.744841969,0.819326166,23.5469131469727,47.4082421120412,10.7,0.099312263,0,13.5584466687981,22.6236442783011,0
37141,NC,Pender,6.86874019288301,3.34309212108668,5.50115860851119,0.150390074,0.0,0.319578908,0.0187988,0.796506442783775,0.263301432132721,0.563962778,0.507566501,20.5046138763428,46.698224852071,11.5,0.131591315,1,15.1023612999598,22.7684470574717,0
37143,NC,Perquimans,2.78446668413641,0.535664494705624,4.43982800895693,0.148159123,0.0,0.444477369,0.0,0.77416500774165,0.148170098662376,0.296318246,0.51855693,24.8153877258301,50.6004366812227,11.2,0.074079561,0,21.4598974206497,20.5827696424589,0
37145,NC,Person,7.53915840344349,2.5801984076228,2.33205532981491,0.151852602,0.0253088,0.708645475,0.0,0.795813384944484,0.227732792496681,0.683336708,0.32901397,25.0046806335449,42.2974324774925,11.3,0.177161369,1,15.1859922967768,23.0944658422866,0
37147,NC,Pitt,8.64901848870495,3.16391134479783,2.35185065840051,0.152219477,0.0117092,0.468367622,0.0351276,0.835487248436238,0.1756841391325,0.872334696,0.696696837,22.4555892944336,49.7841726618705,9.2,0.081964334,1,9.88355496348455,22.4790065894331,1
37149,NC,Polk,0.35316971732328,0.157033159279027,2.62101007732452,0.24637824,0.0,0.443480832,0.0492756,1.04007366845905,0.147841513156891,0.443480832,1.084064255,16.7942066192627,44.4932162809258,9.6,0.098551296,0,24.3442223305705,19.2003900536324,0
37151,NC,Randolph,17.231291559143,7.15678677910026,2.80781575458265,0.162101969,0.0140958,0.479257996,0.077527029,0.679109401541421,0.218537628650665,0.521545466,0.521545466,22.7946605682373,46.553101997897,10.2,0.08457494,1,14.0731700434562,24.4892488289407,0
37153,NC,Richmond,12.0602020836554,4.98917103935213,4.11233090285621,0.214348488,0.0214348,0.728784858,0.0428697,1.24212723672264,0.300126492977142,0.535871219,0.428696976,35.6144104003906,63.2396649554175,11.3,0.064304546,0,14.3463624863312,24.4001801067776,0
37155,NC,Robeson,9.65753390317945,6.0493963878694,5.78293614574919,0.207068429,0.0221859,0.665577092,0.0147906,1.2398890004133,0.23672841489315,0.50288047,0.458508664,40.9849357604981,74.0622140896615,12.9,0.0591624,0,11.238149186095,26.7776220857432,1
37157,NC,Rockingham,22.1700864114907,11.4800658500867,5.20314116487047,0.235788391,0.032153,0.685929864,0.0214353,1.15131578947368,0.246580049395561,0.632341593,0.67521221,23.5054950714111,48.6998304126625,11.2,0.128611849,1,16.2008906164903,22.2002712429119,0
37159,NC,Rowan,23.6492276943963,8.84581394132784,2.90617530216432,0.152338394,0.00725421,0.529557276,0.0507795,0.863607854489313,0.108824983239174,0.522303066,0.725420925,23.0259971618652,51.295799821269,11.8,0.072542093,1,14.4428872771405,23.7972086572081,0
37161,NC,Rutherford,22.6648816444611,9.66343419803696,4.21094057946629,0.192838283,0.0148337,0.563681134,0.0296674,1.04719041040952,0.148350343108177,0.519179992,0.756519417,27.8720035552979,48.7634870619689,11.3,0.07416857,0,17.292434744138,22.450965934228,0
37163,NC,Sampson,4.59604193472838,2.23511756519106,4.37690283540937,0.188821752,0.0157351,0.440584089,0.0314703,0.731051306509875,0.236168399453163,0.472054381,0.487789527,27.3552055358887,61.472602739726,10.8,0.07867573,0,14.25801264366,25.6609544229162,0
37165,NC,Scotland,16.4352770342893,7.58776123219573,5.51003194031277,0.220531481,0.0275664,0.854559488,0.0275664,1.44299144825548,0.303264230489731,0.661594443,0.441062962,41.0097618103027,66.815073938623,12.4,0.0275664,0,13.5907293193572,25.0933429211494,0
37167,NC,Stanly,7.27671415610202,2.52035751589293,2.16806908997351,0.214758892,0.0330398,0.479077528,0.066079659,0.8281607677408,0.247851952910423,0.677316505,0.809475823,21.289758682251,42.6487443992914,10.4,0.148679233,0,15.6920029710324,22.6673268960964,0
37169,NC,Stokes,17.2129572804328,5.67932756287783,3.73627298536558,0.148459206,0.0,0.572628364,0.0,0.796229399568219,0.212125062942505,0.424169159,0.424169159,15.69420337677,37.888198757764,10.7,0.084833832,1,15.9806755131748,22.1957342672096,0
37171,NC,Surry,9.04329513969913,3.37419367184076,3.61895931975279,0.231176143,0.0135986,0.707127024,0.08159158,1.18495760887789,0.258549124002457,0.802317201,0.883908781,24.3730621337891,46.1320085166785,11.5,0.08159158,0,16.6275297598849,23.3694840715052,0
37173,NC,Swain,4.32908587202598,2.74892729766045,6.78698898195562,0.285449226,0.0,1.427246129,0.142724613,1.14914079626618,0.356862455606461,1.284521516,1.498608435,27.354866027832,43.5505617977528,12.7,0.214086919,0,16.6011014948859,23.3817323510479,0
37175,NC,Transylvania,9.39387373846721,3.12792760352584,2.81733984112352,0.152350772,0.0,0.426582163,0.0609403,0.715394684769704,0.121936351060867,0.548462781,0.914104635,20.7851371765137,44.3763326226013,9.8,0.091410463,0,25.8053792686612,17.6246600181324,0
37177,NC,Tyrrell,11.4918699729994,5.84937258060109,4.27392319484994,0.230627306,0.0,0.922509225,0.0,1.38312586445367,0.230574131011963,0.461254613,0.230627306,29.9757289886475,61.6144975288303,11.5,0.0,0,16.836850465169,18.0394826412526,1
37179,NC,Union,15.9940155803544,3.52212560638073,1.70164415438044,0.126830506,0.0097562,0.321954361,0.0195124,0.571887588720506,0.156191274523735,0.609762046,0.429272481,14.4625453948975,27.2144151202076,7.6,0.078049542,1,9.67052838662242,30.2446197563738,0
37181,NC,Vance,9.99739254003492,4.68286446264887,3.67443083432497,0.198675497,0.0220751,1.214128035,0.0441501,1.22787970102514,0.19868865609169,0.684326711,0.419426049,42.7872009277344,69.9032784826027,12.9,0.066225166,0,14.1363216062701,25.4083924089648,0
37183,NC,Wake,19.2303950392814,4.23030280158239,0.969510113845104,0.186052514,0.021509,0.355973307,0.0419425,0.514186650366731,0.17335519194603,0.85283031,0.816265076,10.9549989700317,27.9114494098207,7.8,0.139808248,1,8.49607044671823,26.039380994081,0
37185,NC,Warren,7.61889853730412,4.46801579956315,7.08568295169071,0.190576016,0.0,0.667016056,0.0,0.899105754276827,0.381152033805847,0.333508028,0.333508028,30.6187171936035,69.2028985507246,13.9,0.047644,0,18.8870875452985,20.3032614915125,0
37187,NC,Washington,23.0022599847542,9.74171936042818,8.73105557618997,0.309382009,0.0,0.464073014,0.077345502,1.17776381909548,0.386996895074844,0.618764019,0.696109521,35.4685363769531,71.8243596445374,13.8,0.0,0,18.2491684306018,23.0042334442093,1
37189,NC,Watauga,7.73157953182997,3.33824673011459,2.0945944926682,0.193749637,0.0,0.406874237,0.077499855,0.713308014111932,0.193734616041183,0.755623583,1.375622421,8.82729721069336,27.4581365392873,6.7,0.116249782,0,12.3906106227608,13.8491356526165,0
37191,NC,Wayne,20.4199065831086,8.21507675814864,3.24191077646631,0.193423598,0.0322373,0.572211476,0.072533849,0.898754621208463,0.201547890901566,0.531914894,0.58833011,25.0340576171875,51.9993887219194,11.1,0.088652482,1,13.1117327091981,24.8599365535014,0
37193,NC,Wilkes,12.0904372293718,5.54373034199624,4.94137608842088,0.203069247,0.0,0.768762148,0.0580198,0.991977606556431,0.246576935052872,0.464158278,0.696237417,26.8714237213135,52.2850356294537,10.8,0.0435148,0,16.9858667435824,22.4055379290453,0
37195,NC,Wilson,6.27475282360141,2.8247249872648,2.01975074380343,0.246329688,0.0123165,0.603507735,0.0492659,1.08000374591309,0.258827865123749,0.665090157,0.628140704,25.8376197814941,57.9184066816576,12.0,0.0492659,0,14.1775611197282,24.6842455129626,0
37197,NC,Yadkin,1.66264130761042,0.420273909789481,3.56369447985967,0.260735796,0.0,0.547545172,0.0260736,0.76147463501733,0.208659365773201,0.495398013,0.70398665,18.0007858276367,42.2328496042216,11.2,0.104294319,1,16.2500650939957,23.2724053533302,0
37199,NC,Yancey,0.000535986396797793,0.000150843794926046,5.21405184588613,0.226090889,0.0,0.565227221,0.0,0.557761391567404,0.226129233837128,0.452181777,0.508704499,27.8518600463867,47.7001703577513,9.1,0.0565227,0,20.6083735548322,19.9910203165338,0
38001,ND,Adams,22.523866017114,10.8580399966806,0.542903181235347,0.865051903,0.0,0.432525952,0.865051903,1.29813933362181,0.865051925182343,0.432525952,0.865051903,6.24821472167969,17.8707224334601,10.1,0.0,0,24.2424242424242,19.0354246692275,0
38003,ND,Barnes,27.9985295703786,7.10708929870943,0.730479502857717,0.360327898,0.0,0.450409873,0.090081975,0.612800726282342,0.360003590583801,0.540491848,1.17106567,10.222484588623,25.7049180327869,8.3,0.270245924,0,19.6096150370504,20.6036508223387,0
38005,ND,Benson,45.8514789487224,21.8529502185926,9.96604930934523,0.299222023,0.0,0.299222023,0.149611011,0.986193293885602,0.747831284999847,0.0,0.748055057,40.0226593017578,61.9607843137255,11.3,0.149611011,0,12.8078078078078,33.6186186186186,1
38007,ND,Billings,99.9999995871708,21.2359550163193,0.0,0.0,0.0,1.199040767,0.0,0.0,,1.199040767,5.995203837,12.74294090271,5.12820512820513,8.4,0.0,0,19.2848020434227,17.6245210727969,0
38009,ND,Bottineau,46.5335102829196,13.7650095426949,2.75335127567419,0.462107209,0.154035736,0.924214418,0.154035736,1.10199118407053,0.461609482765198,0.770178681,1.848428835,9.15681552886963,24.8737373737374,9.7,0.0,0,21.4963446881319,19.0076217141079,0
38011,ND,Bowman,29.8246359048607,6.00071305624884,0.491116679260011,1.273074475,0.0,0.636537237,0.318268619,1.61357484905268,1.27307450771332,0.954805856,1.273074475,4.10048770904541,18.4210526315789,9.2,0.0,0,21.9612821326563,21.4535068232307,0
38013,ND,Burke,99.9999996178389,23.455091882892,2.64959410145184,0.969932105,0.0,0.0,0.0,0.921234454168586,0.484966039657593,0.484966052,1.454898157,4.08646488189697,16.600790513834,10.4,0.0,0,20.9349593495935,20.7825203252033,0
38015,ND,Burleigh,24.4119956270861,5.47641602473255,1.03789222404805,0.08380925,0.0359183,0.323264251,0.1197275,0.351699427176845,0.108065269887447,0.598637501,0.598637501,8.51253986358643,16.7183760304938,6.7,0.1197275,1,13.4218035125695,22.5598957052197,0
38017,ND,Cass,14.9585904977216,2.91990127380037,0.696438289751125,0.124339854,0.0196326,0.379563763,0.078530434,0.490425234432868,0.0978562980890274,0.732950716,0.615155065,8.97680377960205,21.9398391740296,6.4,0.124339854,1,9.71437727837199,21.8056056296652,0
38019,ND,Cavalier,36.4268508381382,8.40069395385903,0.268129970061451,0.760649087,0.0,0.507099391,0.253549696,1.11870989530564,0.760456264019013,0.760649087,1.521298174,6.99404764175415,25.4424778761062,10.3,0.0,0,25.5947908840471,19.6844477836213,0
38021,ND,Dickey,52.7603274678179,21.1926875952182,4.17206402578314,0.951655881,0.0,0.570993529,0.0,1.3287775246773,0.951837062835693,0.380662352,1.141987057,7.48722839355469,22.8070175438596,9.2,0.190331176,0,22.1213840045377,22.9722064662507,0
38023,ND,Divide,33.0307774229652,7.8179573418761,0.55647656738626,0.466853408,0.0,0.466853408,0.0,0.448833034111311,0.466635555028915,0.0,1.867413632,6.22775793075562,29.2035398230089,9.7,0.466853408,0,26.605504587156,17.0931916948334,0
38025,ND,Dunn,94.5059765528023,30.0755969720173,4.03882126032442,0.538068335,0.0,0.807102502,0.0,0.0,0.268600583076477,0.269034167,0.538068335,4.34379196166992,19.2405063291139,10.2,0.0,0,17.420814479638,21.9739819004525,0
38027,ND,Eddy,28.868088299906,9.55829943482197,1.28875235948785,0.0,0.0,0.852514919,0.0,0.422297297297297,0.426257461309433,0.42625746,0.42625746,9.25531959533691,29.6511627906977,9.9,0.0,0,24.5702306079665,20.8805031446541,0
38029,ND,Emmons,46.2080122950028,16.5837877633619,1.09083310847381,1.138952164,0.0,0.569476082,0.284738041,1.43225436837582,1.14090132713318,0.854214123,1.993166287,7.19217491149902,30.4728546409807,10.0,0.284738041,0,27.3521126760563,21.3802816901408,0
38031,ND,Foster,18.3258594831439,5.48795793008172,0.203216284192695,0.299132516,0.0,0.598265031,0.299132516,0.589622641509434,0.299132525920868,0.897397547,0.299132516,6.33629179000855,16.6095890410959,9.8,0.299132516,0,22.6742446903978,21.7768471432845,0
38033,ND,Golden Valley,23.6147483481839,11.6246542176185,1.27057141592198,0.568504832,0.0,0.0,0.0,1.10864745011086,1.13765645027161,0.568504832,0.568504832,3.18206977844238,36.8932038834952,9.4,0.0,0,21.3095238095238,24.047619047619,0
38035,ND,Grand Forks,29.9366239543683,11.6061310410507,1.21808230710745,0.12025012,0.0450938,0.375781626,0.075156325,0.61259979448265,0.210074573755264,0.706469456,0.661375661,11.1597232818604,27.4220032840723,7.0,0.12025012,1,10.3244043612868,20.072987242189,0
38037,ND,Grant,52.325103895675,16.1411937755716,3.11542489647648,0.42408821,0.0,0.42408821,0.42408821,1.71453064723532,1.27172529697418,0.0,0.42408821,11.458776473999,37.6984126984127,9.6,0.0,0,26.9423558897243,18.796992481203,0
38039,ND,Griggs,32.8230887052173,7.14588774425818,1.81987527509246,0.422119038,0.0,0.422119038,0.0,1.2701100762066,1.26582276821136,0.422119038,2.110595188,10.7010803222656,31.7901234567901,9.5,0.422119038,0,26.3223140495868,18.9669421487603,0
38041,ND,Hettinger,99.9795148714513,31.7088320550474,1.56403802763196,1.199520192,0.0,1.199520192,0.0,1.17508813160987,1.1990407705307,0.399840064,0.799680128,5.83989524841309,23.8693467336683,10.3,0.0,0,25.7569640694388,18.8938231731934,0
38043,ND,Kidder,99.6887088476378,39.919134466787,7.30795289259144,1.227998363,0.0,0.0,0.0,1.64880461665293,0.409332782030106,0.409332788,1.63733115,9.22521781921387,33.8308457711443,9.3,0.0,0,20.9856262833676,21.4784394250513,0
38045,ND,LaMoure,99.9928907277685,26.9510650099338,4.48913507020439,0.73295871,0.0,0.73295871,0.24431957,1.29638632312429,0.732600748538971,0.48863914,1.46591742,5.14327716827393,31.8620689655172,9.0,0.0,0,24.6919545784006,21.0920512201015,0
38047,ND,Logan,95.8323768731548,31.4167947908951,4.11609481753829,0.506585613,0.0,1.519756839,0.506585613,0.51975051975052,0.507099390029907,0.0,2.532928065,5.65843629837036,20.2898550724638,10.2,0.0,0,27.9899497487437,21.105527638191,0
38049,ND,McHenry,100.000000025558,35.4888540059081,4.80086085485229,0.727008361,0.0,0.18175209,0.0,0.561409569873899,0.545454561710358,0.0,0.54525627,7.9727635383606,28.3582089552239,9.6,0.0,0,20.7228915662651,21.8535681186284,0
38051,ND,McIntosh,19.8978623844896,7.33768770669523,0.320044656379073,0.725952813,0.0,0.362976407,0.0,1.09051254089422,1.45032632350922,0.362976407,1.814882033,7.76887607574463,26.2626262626263,10.8,0.0,0,33.9622641509434,18.2627269490922,0
38053,ND,McKenzie,45.0050877980799,15.1596945065732,2.22850390838339,0.28551035,0.0,0.713775874,0.0,0.636450899378156,0.570857703685761,0.0,1.142041399,8.47439956665039,14.7321428571429,9.1,0.0,0,14.1823899371069,26.5880503144654,0
38055,ND,McLean,55.1663312968253,14.4067196389407,1.72422031527651,0.220361393,0.0,0.991626267,0.0,0.608729902961292,0.550782084465027,0.110180696,1.432349052,6.8119649887085,21.9083969465649,9.1,0.110180696,0,21.6581120285651,19.7165811202857,0
38057,ND,Mercer,18.2899146249097,4.62449261949674,0.529568829296014,0.356125356,0.0,0.712250712,0.0,1.00164977610181,0.237416908144951,0.59354226,0.949667616,5.37919902801514,17.8881008668243,8.9,0.356125356,0,15.7644824311491,21.3556505223172,0
38059,ND,Morton,30.7368657648462,7.20197473031906,1.32748499821761,0.216497077,0.0,0.469077001,0.144331385,0.465582482236694,0.18039470911026,0.360828462,0.469077001,11.1712608337402,26.4137606032045,7.7,0.0360828,1,14.608132212151,23.8833679152561,0
38061,ND,Mountrail,12.8385895215784,2.62236909955427,1.00615653263092,0.493339911,0.0,0.493339911,0.0,0.80146553698191,0.617588937282562,0.123334978,0.986679822,9.39477062225342,38.2315521628499,10.1,0.0,0,13.684347712759,23.8498631565229,0
38063,ND,Nelson,99.9999997903762,28.1347788079692,3.3799053727385,1.306335728,0.0,1.306335728,0.0,1.62337662337662,1.95694720745087,0.326583932,0.653167864,9.34706783294678,28.0269058295964,10.0,0.0,0,27.447216890595,17.914267434421,0
38065,ND,Oliver,82.112034818915,19.1625167378433,0.277177716522951,0.0,0.0,0.541418517,0.0,0.770765324628219,,0.0,0.541418517,5.64283132553101,23.9795918367347,9.3,0.541418517,1,16.6847237269773,22.2101841820152,0
38067,ND,Pembina,46.0231788628358,12.351759328579,0.76928745828148,0.680087051,0.0,0.544069641,0.0,0.75642965204236,0.815882503986359,0.27203482,1.088139282,6.91366577148438,26.5546218487395,9.2,0.0,0,20.086334817213,21.583704303251,0
38069,ND,Pierce,19.339432793119,7.37589435724884,0.941221321260856,0.229147571,0.0,0.916590284,0.0,0.355246428838531,0.22904260456562,0.687442713,0.916590284,10.0299959182739,23.4146341463415,9.4,0.0,0,23.6171677759927,21.5285747073675,0
38071,ND,Ramsey,22.0237968544171,6.41354851265517,1.191160430025,0.260371463,0.0,0.520742927,0.086790488,1.01132686084142,0.173565909266472,0.867904878,1.041485853,14.0651531219482,34.745308310992,8.3,0.173580976,0,18.0944895642302,21.9631473233779,0
38073,ND,Ransom,16.4857383879911,3.82449084807755,1.21715620348779,0.368256306,0.0,1.288897072,0.0,1.10213078618663,0.36825630068779,0.368256306,0.55238446,8.10185146331787,24.9488752556237,8.9,0.0,0,19.8643943558732,23.4744365035734,0
38075,ND,Renville,76.2712196741741,21.208893424613,1.93083308091067,1.202886929,0.0,0.801924619,0.0,0.390777647518562,0.400480568408966,0.40096231,0.801924619,5.09204864501953,22.9982964224872,9.3,0.0,0,20.3238866396761,21.6194331983806,0
38077,ND,Richland,53.3894645993107,13.1836366565312,1.09472529777528,0.24601759,0.0615044,0.553539578,0.0,0.580666378902798,0.245972201228142,0.738052771,0.553539578,9.66161251068115,25.7608229747107,7.5,0.0615044,0,14.8520311255438,22.4373506525335,0
38079,ND,Rolette,7.10225713052749,3.28729219395551,3.8567676254613,0.352410488,0.0,0.56385678,0.0,1.14147313771844,0.704572677612305,0.28192839,0.352410488,56.5974388122559,60.9507640067912,13.6,0.0,0,10.0308531247758,33.4361770825859,1
38081,ND,Sargent,25.036902977697,6.40216841658577,1.5915204630353,1.055408971,0.0,0.791556728,0.0,0.94113620807666,0.791556715965271,0.263852243,1.055408971,4.47384214401245,19.5892575039494,9.3,0.0,0,18.9866805954557,22.7735701227475,0
38083,ND,Sheridan,82.1497803797964,34.8803011688809,2.50783701187122,0.759878419,0.0,0.759878419,0.0,0.789889415481833,0.759878396987915,0.759878419,0.759878419,18.8213920593262,51.8867924528302,10.6,0.0,0,29.9772899318698,15.9727479182438,0
38085,ND,Sioux,40.8293212460024,26.2097508382892,8.38290315681119,0.236183278,0.0,0.944733113,0.0,0.920174833218311,0.708382546901703,0.236183278,0.0,60.3627548217773,76.9417475728155,12.4,0.0,1,7.07921984107874,36.503732241753,1
38087,ND,Slope,95.2378064953402,25.9382195984343,2.44648319983369,0.0,0.0,0.0,0.0,0.0,,0.0,1.375515818,4.56919050216675,0.0,8.5,0.0,0,18.5694635488308,20.0825309491059,0
38089,ND,Stark,26.1205067420022,7.71244525054395,1.57212524466412,0.119232145,0.039744,0.556416677,0.079488097,0.510502658349209,0.158824697136879,0.755136918,0.71539287,8.67752170562744,21.9124700239808,8.1,0.079488097,0,16.0130583908426,21.4306376296541,0
38091,ND,Steele,96.0675525271241,28.5300774665622,2.28472609723112,1.015228426,0.0,1.015228426,0.0,1.00553041729512,1.01522839069366,0.0,0.0,4.10046148300171,18.5950413223141,9.7,0.0,0,22.3291139240506,21.3164556962025,0
38093,ND,Stutsman,32.9578928545578,9.93661768973886,1.1068617716869,0.142734799,0.0,0.570939195,0.095156532,0.644883920894239,0.190294951200485,0.713673994,0.999143591,12.1471481323242,27.5323686214775,8.4,0.237891331,0,17.1469194312796,20.5260663507109,0
38095,ND,Towner,96.0354706464457,30.7576980592046,3.25260832703836,0.0,0.0,0.442477876,0.0,1.29421915444349,0.442477881908417,0.442477876,1.769911504,8.51156711578369,20.9459459459459,9.7,0.0,0,24.5770258236866,19.2341941228851,0
38097,ND,Traill,28.5555640197559,7.4540252526406,1.49026907163517,0.743955363,0.0,0.495970242,0.0,0.743310208126858,0.371931552886963,0.743955363,0.619962802,8.8725004196167,18.5465556396669,8.0,0.0,0,18.7292205393424,22.2878955793621,0
38099,ND,Walsh,18.4372560481552,5.20124754228343,1.06316483056544,0.544415207,0.0,0.544415207,0.090735868,1.0109240147263,0.54436582326889,0.453679339,0.907358679,9.83281898498535,31.6705336426914,8.6,0.362943472,0,20.1187157118446,22.1872470545912,0
38101,ND,Ward,40.170679551387,13.4830285407853,1.7464112115614,0.15544122,0.0155441,0.326426562,0.093264732,0.41539347922261,0.186921715736389,0.683941368,0.652853124,9.34527206420898,21.0297159029063,8.2,0.07772061,0,13.0133765707337,23.5135792460478,0
38103,ND,Wells,37.7767637194412,12.2507276254929,0.615251605772151,1.191327138,0.0,0.714796283,0.0,1.1706860220089,0.714626014232636,0.953061711,2.144388849,8.83719062805176,23.4375,9.8,0.0,0,29.0230568100784,18.1602091751842,0
38105,ND,Williams,21.3547497058761,4.16857874407197,0.7238007436262,0.204960033,0.040992,0.696864111,0.081984013,0.415152763731256,0.245881482958794,0.655872105,0.573888092,5.43959379196167,19.3818601964183,8.5,0.163968026,0,14.8584695062059,23.0600946513082,0
39001,OH,Adams,3.27885562709154,1.85894165007809,3.16933742191564,0.105388885,0.0351296,0.526944425,0.070259257,1.24338624338624,0.2809679210186,0.562074053,0.281037027,32.0612487792969,49.1048078857373,10.9,0.0,0,14.816112084063,24.9912434325744,0
39003,OH,Allen,20.6617532717994,5.96759559479325,1.89173478245306,0.150979004,0.0283086,0.443500826,0.0283086,0.729179546196695,0.169849783182144,0.981363529,0.528426516,21.9101104736328,43.9314732002268,11.7,0.113234253,1,14.7623929051735,23.9299921941861,0
39005,OH,Ashland,3.6671015602758,1.22371140721891,3.62213576282283,0.225364809,0.0187804,0.48829042,0.0187804,0.684453004040633,0.20658440887928,0.582192424,0.507070821,13.7868738174438,33.1811759591349,10.5,0.075121603,0,15.8377086508967,23.8544195412033,0
39007,OH,Ashtabula,16.6913155384833,7.75133983957217,3.32369299041935,0.178112013,0.0197902,0.445280032,0.0395804,0.880740585787951,0.158306121826172,0.801504057,0.722343162,27.0120162963867,46.5482973366901,10.1,0.079160895,0,15.6428268815827,23.6529158497296,0
39009,OH,Athens,24.1855450116942,14.22131276944,3.77822186894303,0.215119852,0.0153657,0.399508297,0.0153657,0.763301401675375,0.261257112026215,0.98340504,0.445605409,23.0505237579346,41.1258900980787,9.6,0.0153657,0,10.0962058155875,15.8268604166345,1
39011,OH,Auglaize,4.49456954495438,1.14774132828089,0.975867941983202,0.218498044,0.0218498,0.284047458,0.0436996,0.501843730226266,0.196648240089417,0.808442764,0.58994472,12.0597038269043,24.8261034526369,10.6,0.087399218,0,15.3670373675162,25.3890182593745,0
39013,OH,Belmont,14.9317865646338,4.94234385437902,3.12653536051095,0.270975655,0.0285238,0.49916568,0.0142619,0.814542636103974,0.242434620857239,0.741617582,0.58473694,18.1695365905762,37.9256447471252,11.2,0.099833136,1,17.640625,19.6803977272727,0
39015,OH,Brown,9.9768375050584,4.27364705174843,4.03141226978706,0.134411613,0.0,0.582450324,0.0,0.982026843318838,0.224079594016075,0.537646453,0.64965613,23.1540012359619,42.9346422113149,10.2,0.0224019,1,14.4249208402087,24.613120456674,0
39017,OH,Butler,30.517950956756,5.89700706825904,1.33914097081612,0.137819586,0.0189164,0.364816551,0.0243211,0.661109746916395,0.0864663869142532,0.675586206,0.513445517,17.7234516143799,33.3689968765639,10.6,0.091879724,1,11.5404884144188,25.1552440713878,0
39019,OH,Carroll,5.81193838379592,1.82801210826044,2.94179038862205,0.173484612,0.0,0.277575379,0.104090767,0.862863072958571,0.138792499899864,0.555150758,0.451059991,18.0623683929443,42.4552429667519,10.6,0.069393845,1,16.6562630045776,23.0163684283535,0
39021,OH,Champaign,1.01866373147296,0.360209606994007,1.3305336340043,0.251186858,0.0251187,0.276305544,0.100474743,0.669783899911538,0.125568196177483,0.577729773,0.401898973,15.8594741821289,33.2988758237498,10.4,0.0251187,0,14.3601765718134,25.0392797466145,0
39023,OH,Clark,19.2553503322193,7.04023951427134,2.18611807594503,0.166964299,0.021778,0.377484501,0.0580745,0.793818540491427,0.145145252346993,0.791265589,0.377484501,28.1868019104004,46.3089140547907,11.8,0.079852491,1,16.2087137559368,23.5974062588103,0
39025,OH,Clermont,41.6840930543585,9.27888113917614,2.29809229410321,0.135802593,0.0301784,0.387288877,0.0502973,0.606106269516371,0.105613611638546,0.658894064,0.497942842,13.8053216934204,30.28086496467,9.6,0.085505337,1,11.7772834827197,25.6329707189291,0
39027,OH,Clinton,9.63926309880072,3.27613778707755,2.9112585598694,0.214822771,0.0238692,0.405776346,0.0477384,0.722198347896672,0.310306966304779,0.66833751,0.548991526,25.769681930542,38.2018303240168,10.5,0.095476787,0,13.5204567078972,24.4100856327307,0
39029,OH,Columbiana,19.2247747445371,6.40258825731503,2.77351705032531,0.167619615,0.0186244,0.493546645,0.065185406,0.866140253692246,0.176895573735237,0.577356452,0.493546645,21.4242153167725,41.1665461557002,11.3,0.0558732,0,16.4992906223051,21.8692334084439,0
39031,OH,Coshocton,17.3287382885536,5.79898544095201,4.79140275180468,0.162491537,0.0270819,0.406228842,0.0270819,0.652546290002447,0.243730708956718,0.595802302,0.324983074,24.1761722564697,44.6766946669271,10.6,0.0541638,0,16.2380423294762,24.0616785452969,0
39033,OH,Crawford,5.68997407987217,2.21610524931282,1.45574042976042,0.161632955,0.0230904,0.43871802,0.069271266,0.678740071724739,0.184731900691986,0.715803085,0.507989286,23.0375423431397,43.8569913649447,11.7,0.138542533,0,17.8055910835008,23.1431573177416,0
39035,OH,Cuyahoga,19.233334492663,3.74599612485215,1.01258172232447,0.245580148,0.00708404,0.402216203,0.114918915,0.864416903602398,0.185793995857239,0.847723779,0.699745998,30.4913215637207,45.565803772954,11.1,0.095241019,1,15.5095373722192,22.6745575812305,0
39037,OH,Darke,4.03253556246017,1.73526860477677,1.9510712963187,0.151958363,0.0189948,0.360901113,0.075979182,0.411056303603964,0.170949906110764,0.569843863,0.436880295,12.7329807281494,25.4499013119703,10.6,0.094973977,0,16.8602126173077,24.9494892275156,0
39039,OH,Defiance,16.0356017485586,5.80785079967093,2.98411601314172,0.128244588,0.0512978,0.53862727,0.128244588,0.678697934172764,0.205112427473068,0.666871858,0.795116446,16.5154514312744,33.901720663463,10.8,0.0256489,0,15.0037144247765,24.5997387094295,0
39041,OH,Delaware,26.5979010795779,2.13381578382359,1.06102176314611,0.100814356,0.028004,0.257636687,0.056008,0.338283782813527,0.106432437896729,0.918530799,0.722502884,5.70665979385376,13.8407709074223,8.7,0.140019939,1,9.48086835730768,28.9896334393332,0
39043,OH,Erie,27.9548470092705,7.97336981637356,2.74027245190193,0.156504728,0.0391262,0.560808608,0.091294425,0.663193626360202,0.208645761013031,0.978154548,1.121617216,22.0189170837402,39.5783969278536,11.6,0.130420606,0,17.2615109173705,22.2434126026544,0
39045,OH,Fairfield,24.5362977300823,6.29281848536783,1.63797791732068,0.095147479,0.0339812,0.299034933,0.027185,0.407416448549123,0.0951468348503113,0.611662362,0.462144896,18.0872802734375,27.9056732193618,10.4,0.101943727,1,12.3669230137661,26.2794548290867,0
39047,OH,Fayette,4.22725400178412,1.82078309107328,1.58441039274771,0.311915159,0.0346572,0.554515838,0.06931448,0.845452446906741,0.277152270078659,1.213003396,0.658487558,26.1789665222168,44.1710114702816,11.7,0.06931448,0,14.9672752325181,24.6744746813641,0
39049,OH,Franklin,23.6924610241527,6.26626221315392,1.40319169550929,0.20410946,0.0135508,0.377729541,0.065213396,0.749941936831176,0.155834347009659,0.931619943,0.634348489,25.7630100250244,41.4866953737441,10.3,0.110947466,1,9.94538487589113,23.9417782491873,0
39051,OH,Fulton,13.5120433188197,4.01854401223882,1.65691461645004,0.118060967,0.0236122,0.472243867,0.094448773,0.740949827111707,0.188857406377792,0.590304833,0.684753607,11.2446050643921,30.2857142857143,11.5,0.07083658,1,14.0521804299967,25.7834090589723,0
39053,OH,Gallia,7.76729008161001,3.70745237022807,6.70739248284449,0.161160355,0.0322321,0.644641418,0.096696213,1.20489774651557,0.193386197090149,0.870265915,0.257856567,31.5364933013916,47.636925795053,11.2,0.064464142,0,15.9694834163057,23.7667291653197,0
39055,OH,Geauga,18.3539172707968,3.18210907597452,6.06618723652959,0.096471294,0.0214381,0.385885178,0.085752262,0.450113862795332,0.171508193016052,0.653860996,0.621703897,5.64643383026123,13.7153742360505,10.2,0.150066458,1,15.4986133270514,25.9527353328551,0
39057,OH,Greene,33.2018867291581,6.07787162018877,1.5730283287726,0.110050684,0.0244557,0.330152053,0.0305696,0.500752912313733,0.128397956490517,0.764240864,0.580823057,11.7636203765869,25.2495674164781,10.1,0.091708904,1,13.6148985288384,21.7443508506991,0
39059,OH,Guernsey,14.4635884664408,5.03863484374815,4.18846703179575,0.275675405,0.0501228,0.501228009,0.0,0.954366225481578,0.275675415992737,0.877149015,0.451105208,24.859338760376,49.2363497518137,11.4,0.075184201,0,16.0301344575548,23.9853319031107,0
39061,OH,Hamilton,27.2799329040768,6.98413576054897,2.2630389827123,0.204842016,0.0162375,0.424672471,0.107417155,0.840255282999891,0.096181832253933,0.785644072,0.759414302,24.140157699585,39.316544196333,10.2,0.153631512,1,13.3183527881013,23.6348635424378,0
39063,OH,Hancock,16.0220446420382,5.96311991383693,1.34615011973957,0.133506001,0.0400518,0.387167403,0.0400518,0.563844361336135,0.120153799653053,0.801036007,0.854438407,14.1773700714111,26.0188087774295,9.3,0.093454201,0,14.2721510523923,23.5725174507234,0
39065,OH,Hardin,5.54597815173171,1.91217037800805,1.98095087792001,0.188679245,0.0314465,0.566037736,0.0314465,0.766749928858254,0.188679248094559,0.660377358,0.314465409,14.544994354248,34.833221401388,10.5,0.094339623,0,13.4225466342255,23.5822571588995,0
39067,OH,Harrison,2.40454147265661,0.850225518810193,3.44700688068368,0.506681867,0.0,0.506681867,0.0,0.98638157057401,0.443402796983719,0.506681867,0.760022801,22.5070133209229,46.3499420625724,12.4,0.0,0,18.1543116490166,21.886031265759,0
39069,OH,Henry,14.4706114588828,4.31889471570016,2.38508589720366,0.178628845,0.0357258,0.500160766,0.0357258,0.61508290247816,0.285755097866058,0.607338073,0.71451538,11.5734081268311,30.6994245241257,10.9,0.071451538,0,15.4137869927344,25.1426546163388,0
39071,OH,Highland,4.31291746509626,2.0739316130207,2.64445457697954,0.184484826,0.0461212,0.599575685,0.0230606,1.06012682760438,0.322826117277145,0.553454478,0.438151462,26.288423538208,36.0092997811816,10.1,0.06918181,0,15.18272958774,25.4467870334259,0
39073,OH,Hocking,17.3730723191794,7.59733940812812,5.06679934711847,0.169710135,0.033942,0.33942027,0.101826081,0.646215511449686,0.16968709230423,0.407304324,0.577014459,26.9179573059082,51.3507273147079,11.3,0.0,1,15.285908781484,23.8427501701838,0
39075,OH,Holmes,2.06729630735558,0.900188880314653,29.5075228130899,0.327194541,0.023371,0.327194541,0.140226232,0.414487700949061,0.140222951769829,0.303823502,0.490791811,5.65603876113892,29.6402560141249,9.2,0.023371,0,11.3322003493367,34.2515224472454,0
39077,OH,Huron,12.4889518802431,3.83773908636306,2.09641299263847,0.218892069,0.0168379,0.521973396,0.0336757,0.625562303193882,0.235646590590477,0.740865466,0.45462199,20.3797607421875,38.297193877551,10.0,0.084189257,0,13.5578438936035,26.2754503069131,0
39079,OH,Jackson,4.6572508660629,2.60038715555426,4.61070168479638,0.271673509,0.0301859,0.513161072,0.0301859,1.0519714349295,0.241494849324226,0.754648636,0.362231345,28.8204154968262,53.0402245088868,11.2,0.090557836,0,14.1158765989466,24.5447705041384,0
39081,OH,Jefferson,20.3075113793806,8.49312763771044,3.8201315550347,0.275290504,0.014489,0.434669217,0.0289779,0.898048906500558,0.115900039672852,0.680981773,0.565069982,25.1197853088379,50.0106247343816,13.5,0.0434669,1,18.2989284023584,20.160954826493,0
39083,OH,Knox,15.7527066027041,4.48658874471506,2.96655479228608,0.179530283,0.0163209,0.342739632,0.0489628,0.560085660159789,0.114231631159782,0.620195525,0.554911785,17.0617942810059,36.7826086956522,10.1,0.0326419,0,14.751891794291,24.1312519492457,0
39085,OH,Lake,38.7867842044586,7.40846050518369,1.74499127383968,0.139170371,0.0173963,0.434907408,0.0434907,0.578224773719194,0.134803116321564,0.826324076,0.795880557,12.8585023880005,25.5408939610081,11.0,0.09567963,1,16.0688746788616,22.1812633400133,0
39087,OH,Lawrence,14.1921524880069,5.87890247201217,2.65339427979318,0.19227996,0.0320467,0.464676569,0.0160233,0.71514058617377,0.160233303904533,0.640933199,0.20830329,29.3253841400147,42.2677322677323,11.7,0.0160233,1,15.5596477181745,23.4571657325861,0
39089,OH,Licking,15.9628929774577,3.30936463336677,1.11363392597754,0.125636408,0.0179481,0.341013108,0.0358961,0.482480486897422,0.119650855660439,0.682026216,0.472632202,17.7355861663818,31.047197640118,11.3,0.10768835,1,13.2661028758139,24.7008865290825,0
39091,OH,Logan,7.59449356834064,3.0403473503677,3.11039802254347,0.284943998,0.0219188,0.372619074,0.0438375,0.718359208925247,0.19727323949337,0.67948184,0.569887995,20.4493236541748,36.3090882482072,11.2,0.065756307,0,14.7411574861529,25.3369095904749,0
39093,OH,Lorain,25.6652313159622,6.71692411475919,1.81582187884418,0.18554351,0.0198797,0.364460466,0.0331328,0.668097395719312,0.165651232004166,0.652715562,0.52349776,19.2535514831543,37.8785579570335,10.8,0.096085032,1,14.3123083661848,23.917891132083,0
39095,OH,Lucas,16.7742758071848,5.2326268954617,1.41990398483732,0.163903825,0.0227644,0.466670612,0.084228354,0.94692213206453,0.122921712696552,0.812689798,0.783096052,29.5741901397705,40.1541036672246,10.7,0.109269217,1,13.0844357932619,24.0229507825674,0
39097,OH,Madison,15.8095740528444,3.7213631186201,1.92671710082111,0.11597699,0.0231954,0.324735572,0.092781592,0.696815552923141,0.162367790937424,0.556689553,0.417517165,15.6150636672974,29.3057315871004,10.8,0.0231954,1,12.4070450097847,22.5785656728445,0
39099,OH,Mahoning,29.2271582776684,12.6271345067477,3.80046793861396,0.227533203,0.00421358,0.40871705,0.0589901,0.841324856294343,0.134833350777626,0.741589699,0.678386031,26.6234397888184,43.2400898404457,10.7,0.122193757,1,17.8801874191347,21.4962545483475,0
39101,OH,Marion,34.5555316818082,17.2123421298429,2.88258995862127,0.1952421,0.0300372,0.360446954,0.0300372,0.655464637619896,0.180215358734131,0.675838039,0.420521447,24.1799583435059,35.9728698601102,11.0,0.075093115,0,14.2373798890242,22.1485391197125,0
39103,OH,Medina,25.8183595154775,3.71190258187498,1.08841498673416,0.109517661,0.0115282,0.357373421,0.0288204,0.454369237619278,0.132577836513519,0.645577792,0.513003781,8.84249305725098,16.4463397299218,8.8,0.097989486,1,13.1148016619084,25.3818211359469,0
39105,OH,Meigs,20.9951303119284,10.1185820805742,5.39287587283196,0.126871352,0.0,0.718937664,0.0,1.26449935715396,0.169154644012451,0.676647213,0.211452254,32.0344200134277,47.7142857142857,10.4,0.0,0,15.6710138830459,22.7766091712242,0
39107,OH,Mercer,7.96699616378811,2.04582771068233,1.39508207007962,0.171964821,0.0245664,0.466761657,0.122832015,0.35677879714577,0.221086770296097,0.589593672,0.835257702,9.74610996246338,18.8624562250936,10.7,0.073699209,0,15.445680403783,26.3953545352085,0
39109,OH,Miami,15.2536809249412,3.04429469079781,1.28760627414254,0.087621941,0.0292073,0.379695076,0.0486789,0.43825603208487,0.107090353965759,0.74965438,0.525731643,10.1644191741943,29.5037477384337,11.1,0.146036568,1,15.3464187462197,24.16248804948,0
39111,OH,Monroe,5.65242349634433,1.66926135145188,3.85342524084249,0.13677084,0.0,0.820625043,0.13677084,0.807615643686852,0.479058295488358,0.410312521,0.547083362,19.3676929473877,41.8101545253863,11.6,0.0,0,19.3825980057369,21.4929654418795,0
39113,OH,Montgomery,29.5585061822675,9.1023669994632,2.61166030734089,0.136597962,0.018712,0.409793887,0.065492174,0.690746892496764,0.106644913554192,0.857011873,0.613755228,25.0394077301025,42.6239535150426,11.9,0.121628323,1,15.1435197037109,23.0362158111792,0
39115,OH,Morgan,6.30095003840754,2.65756394087852,2.85062224466984,0.132916861,0.0,0.332292151,0.0,0.938904164710616,0.332358419895172,0.199375291,0.465209012,23.9019393920898,48.314606741573,11.6,0.0,0,17.3442274478544,23.3824897037332,0
39117,OH,Morrow,0.47754992738701,0.141498254936867,2.4843073111845,0.143653393,0.0,0.344768143,0.0,0.560516724864999,0.201080083847046,0.430960179,0.258576108,18.204568862915,34.4471559977473,9.5,0.0574614,1,13.437849944009,25.8219197748873,0
39119,OH,Muskingum,17.5684777088667,9.03743842251479,3.40217554218012,0.208719852,0.0347866,0.579777365,0.0579777,0.960829939887532,0.208729535341263,0.718923933,0.556586271,31.5613288879395,46.8779757856074,11.4,0.069573284,0,15.317052768548,23.9921462927249,0
39121,OH,Noble,25.8746585167136,7.6363205199718,2.43755929878947,0.339259058,0.0,0.40711087,0.0,0.560166449459268,0.203376039862633,0.678518116,0.40711087,12.5711030960083,37.7880184331797,9.5,0.067851812,0,20.7715944008194,19.0986684875384,0
39123,OH,Ottawa,22.2831687853246,5.02622362945325,3.6378620463731,0.266260015,0.0242055,0.580930942,0.12102728,0.61483506293492,0.169421792030334,0.847190957,1.452327355,12.2595376968384,29.6529968454259,10.6,0.072616368,0,18.99198609636,20.7468378874191,0
39125,OH,Paulding,14.6619794847091,6.70741547569282,2.5393321016804,0.258104481,0.0,0.309725377,0.0516209,0.790360196942213,0.309805333614349,0.567829858,0.309725377,17.238094329834,35.7416879795396,10.8,0.103241792,0,14.8210461914959,25.1758947690425,0
39127,OH,Perry,10.2990760446745,5.26564355758972,5.82309918848933,0.220829768,0.0,0.441659536,0.0,0.789023092230089,0.220805391669273,0.469263257,0.414055815,28.4517250061035,44.8696447629212,10.0,0.0552074,1,12.9180764324144,26.155083476621,0
39129,OH,Pickaway,12.8206463120632,1.83854438694713,1.8545285961839,0.160898169,0.0178776,0.411184211,0.0536327,0.593982162804305,0.232396006584167,0.518449657,0.357551487,19.4953784942627,36.9957081545064,10.9,0.0178776,1,12.8478580918525,23.6220331071134,0
39131,OH,Pike,23.1285937887832,10.8724065853481,6.84161213948492,0.104884103,0.0349614,0.629304618,0.0,1.12652153558052,0.349552571773529,0.734188721,0.489459148,36.3238105773926,51.4144877839691,10.9,0.069922735,0,14.6713574140513,24.800585182347,0
39133,OH,Portage,20.5452144915383,5.25013911654144,1.57050531670946,0.105029686,0.0123564,0.33362371,0.0308911,0.567251570651983,0.135922446846962,0.691960286,0.531326649,14.5191612243652,29.1889031006042,9.4,0.092673253,1,12.8974903821731,20.8637149282303,0
39135,OH,Preble,0.693105601319818,0.239125362498039,2.06424520216145,0.09527666,0.0238192,0.404925803,0.0,0.592879084499196,0.166734158992767,0.524021628,0.547840793,16.9656391143799,33.8680387409201,10.9,0.0238192,0,15.2070026023184,24.2204873432695,0
39137,OH,Putnam,14.5603969267215,3.23480917102942,2.01004820972617,0.174545455,0.0290909,0.407272727,0.116363636,0.458116459052186,0.145420700311661,0.494545455,0.698181818,9.58585548400879,19.8410069559457,10.9,0.0290909,0,14.2902692831676,26.6674396359315,0
39139,OH,Richland,21.3935071674087,6.15394939885233,2.19560003074663,0.20303744,0.032486,0.389831885,0.113700966,0.77985104029955,0.186797484755516,0.74717778,0.600990823,23.2721710205078,45.5153559795254,11.0,0.089336474,1,16.276360715003,22.5097409118297,0
39141,OH,Ross,10.9735861589196,4.13801764463093,2.03975920699209,0.141827512,0.0386802,0.477056177,0.0386802,0.728624503308407,0.21914841234684,0.683350739,0.477056177,30.6530494689941,41.9560776302349,10.3,0.0515736,0,13.4761221561795,22.5263886042222,0
39143,OH,Sandusky,10.106118874758,2.56857505603882,1.68211268349604,0.165027395,0.0330055,0.429071226,0.066010958,0.776731118823335,0.280514180660248,0.627104099,0.577595881,15.1023921966553,39.4097048524262,10.9,0.082513697,0,15.2845234969808,24.3961669729588,0
39145,OH,Scioto,16.9416549284856,7.03689284305401,3.11988761961266,0.151465428,0.0126221,0.517506879,0.0,0.967374729750967,0.315497219562531,0.769949259,0.479640522,33.0612945556641,53.1722772277228,10.8,0.0252442,0,15.4932766449892,22.7550032075875,0
39147,OH,Seneca,10.6626906757665,3.21168793649793,1.54765947204327,0.194673038,0.0176975,0.495531369,0.0,0.587608744808217,0.141552835702896,0.530926467,0.672506858,20.6149101257324,31.9839857651246,10.0,0.070790196,0,14.8471230945458,23.5580227332805,0
39149,OH,Shelby,15.315017302425,4.51748503548585,1.97002209262522,0.182874792,0.0203194,0.507985533,0.081277685,0.627114392444797,0.0812743827700615,0.568943796,0.609582639,12.9083604812622,30.4185096971759,10.1,0.16255537,0,12.8725492179754,27.319264310139,0
39151,OH,Stark,27.5774776534008,6.96635248277542,1.43867329412888,0.168237776,0.0160226,0.349827757,0.088124549,0.671347425404854,0.144201889634132,0.795791385,0.699655513,21.1637325286865,38.6711773595274,11.5,0.104147195,1,16.235429435602,22.8938245834509,0
39153,OH,Summit,35.0103705225325,8.44841971309315,2.16541838928492,0.158878833,0.00554228,0.343621661,0.0554228,0.682924965160349,0.118241310119629,0.831342729,0.611498763,22.071044921875,34.7708271796782,10.7,0.094218843,1,14.5756311129405,22.8090316936179,0
39155,OH,Trumbull,21.9497936430124,7.31731688582525,2.62007996717309,0.215513113,0.0143675,0.411869504,0.0478918,0.829693130060526,0.138879582285881,0.6800636,0.598647535,21.2526512145996,42.72715455609,11.3,0.119729507,1,17.4107991935791,22.1727718817756,0
39157,OH,Tuscarawas,18.9660832342114,6.10743625235374,2.85546982070369,0.173006639,0.0108129,0.356826193,0.08650332,0.77838629607181,0.129752174019814,0.821781536,0.713652386,17.3487491607666,35.3543603920583,10.9,0.0540646,0,16.3876347454149,23.7238340066104,0
39159,OH,Union,14.0300572640539,1.83902728186034,1.67663195857275,0.094295144,0.018859,0.282885431,0.075436115,0.461601694647317,0.150815352797508,0.584629892,0.509193777,9.53076362609863,20.1140323091543,8.8,0.075436115,1,9.45124282982792,27.2466539196941,0
39161,OH,Van Wert,13.1968281742189,3.79900466010569,1.4891468090555,0.174770177,0.034954,0.489356496,0.0,0.481259857129604,0.139747753739357,0.559264567,0.524310532,14.6702537536621,30.2588996763754,10.6,0.069908071,0,16.3094906763151,24.9234622877818,0
39163,OH,Vinton,15.8161858939492,7.11339042323003,5.39378641785886,0.22426553,0.0,0.672796591,0.0,0.86864566810182,0.298998355865479,0.373775884,0.074755177,38.1022605895996,59.9329421626153,10.4,0.0,0,13.9858578340156,24.8232229251954,0
39165,OH,Warren,32.7208124050475,4.64828200189143,1.32063556403581,0.111434581,0.0232155,0.278586452,0.0371449,0.445741519019584,0.106809824705124,0.594317765,0.515384937,6.02862977981567,13.5010094212651,9.5,0.111434581,1,10.7836177025102,27.4926772390253,0
39167,OH,Washington,8.39610498228248,3.09197262939351,2.19860394429931,0.211080081,0.0162369,0.600766383,0.064947717,0.94482852107903,0.211062952876091,0.763135676,0.503344807,16.790397644043,38.7153593236261,12.2,0.146132363,0,17.4722393084917,20.947586519473,0
39169,OH,Wayne,15.899758470824,4.48908328572606,5.29222411737253,0.200663061,0.0087245,0.322805793,0.078520328,0.536941580756014,0.104678243398666,0.48857093,0.549642296,14.2892141342163,32.2351748606184,10.4,0.0523469,0,14.5712539294446,25.4497031086273,0
39171,OH,Williams,14.1681801628627,6.28555420632126,2.98850882719486,0.133063658,0.0266127,0.665318288,0.0,0.730857747092119,0.23950183391571,0.665318288,0.452416436,18.3854885101318,25.2652854977261,10.2,0.0532255,0,16.0219967058073,23.6942776685617,0
39173,OH,Wood,29.1301802835791,6.03684028381907,1.7031899869807,0.165220333,0.0314705,0.283234857,0.0550734,0.599973998959959,0.102276839315891,0.841836935,0.692351872,8.43632984161377,28.746550626194,9.7,0.110146889,1,12.2633239831697,21.7351459900548,0
39175,OH,Wyandot,4.44900602150573,1.58211818653038,2.17595443963804,0.309255578,0.0441794,0.485973051,0.0,0.626649562819776,0.309228241443634,0.618511155,0.706869892,9.06616973876953,26.1647727272727,11.2,0.088358736,0,16.2723855847889,24.324563342914,0
40001,OK,Adair,6.77249366376009,3.66085757043275,3.48908490725392,0.132984618,0.0443282,0.531938472,0.0,1.05821292889407,0.221631199121475,0.398953854,0.22164103,40.5555801391602,64.7659922338034,13.3,0.0,0,12.9347969845259,28.0253934664727,1
40003,OK,Alfalfa,60.7810699045798,18.5319711538212,1.93142736758782,0.354421407,0.0,0.708842814,0.0,0.882456759618779,0.177273526787758,0.177210704,0.708842814,10.6539525985718,44.8467966573816,11.2,0.0,0,20.2410492733073,18.0432470755051,0
40005,OK,Atoka,41.6797804371361,18.3154588314922,4.11176738600596,0.35303255,0.0,0.635458589,0.07060651,1.06494371861688,0.0705865770578384,0.42363906,0.706065099,23.0421867370605,61.8526315789474,11.5,0.0,0,16.1190241150754,23.6073896488507,0
40007,OK,Beaver,39.3938109360367,11.6150953475217,1.15107362506746,0.177462289,0.0,1.064773736,0.177462289,0.417337387467954,0.177399322390556,0.0,0.709849157,8.32885551452637,45.8333333333333,10.7,0.0,0,15.471965933286,26.0645848119234,0
40009,OK,Beckham,14.1576121410693,5.50500057218536,1.606322815063,0.224215247,0.0,0.807174888,0.044843,0.801525063905377,0.224154934287071,0.717488789,0.986547085,16.3363971710205,45.2072538860104,10.3,0.044843,0,12.7175731271757,24.133098241331,0
40011,OK,Blaine,58.2727148061821,23.1235479178977,2.60407958611066,0.413778835,0.0,1.241336506,0.103444709,1.24339976153977,0.516582310199738,0.517223544,0.620668253,27.0284080505371,61.9805481874447,9.7,0.0,0,14.4352340283011,21.3681654525664,0
40013,OK,Bryan,19.5368412019029,7.33191290656472,3.24733555191729,0.115936652,0.0231873,0.718807244,0.0,0.90439871886449,0.162273690104485,0.695619913,0.463746609,19.790563583374,58.8628306517589,10.9,0.069561991,0,15.7487740475292,23.3708977744247,0
40015,OK,Caddo,33.3243279963502,13.7299553839629,3.38761235691187,0.135094059,0.0337735,0.776790841,0.0,1.29725722757598,0.3039411008358,0.405282178,0.540376237,26.0563774108887,66.2829234257806,11.5,0.0,0,14.6722972972973,25.3006756756757,1
40017,OK,Canadian,29.2948272167309,6.30325602992702,0.859288981956452,0.125668136,0.0251336,0.326737153,0.0083779,0.494315709312446,0.100496619939804,0.502672542,0.444027412,10.549409866333,31.0702355646176,10.6,0.083778757,1,10.8844479448854,26.9116590647476,0
40019,OK,Carter,9.60808596646475,3.27375356908079,2.63688054842567,0.166559097,0.0208199,0.666236389,0.083279549,1.05888877335274,0.145669460296631,0.666236389,0.832795486,23.0016174316406,55.4318452059237,10.2,0.124919323,0,14.8831928002187,25.7522551885106,0
40021,OK,Cherokee,22.1841919207804,11.6259771336356,3.72756966993216,0.146833637,0.0209762,0.566358316,0.0209762,0.919003115264798,0.104867972433567,0.48245338,0.58733455,27.835111618042,61.5283440747074,11.3,0.0209762,0,13.4888373379871,24.1194372911656,1
40023,OK,Choctaw,40.8549074194661,23.489007201879,6.07719862069633,0.130941469,0.065470735,0.72017808,0.0,1.11974706889738,0.130975767970085,0.523765877,0.392824407,38.0036926269531,70.0515084621045,12.5,0.0,0,18.1453469253535,24.1959881617889,1
40025,OK,Cimarron,40.423783509922,19.1955601831162,2.80489920263845,0.405515004,0.0,0.405515004,0.0,1.67714884696017,0.405186384916306,1.216545012,1.622060016,15.176947593689,52.6666666666667,11.2,0.0,0,21.4141414141414,25.4545454545455,0
40027,OK,Cleveland,23.953262375865,5.8669374387158,0.988073940156785,0.168037702,0.0190952,0.305523094,0.0305523,0.579108912630472,0.0763102471828461,0.752350618,0.618684265,14.8864345550537,38.7546204151265,9.2,0.087837889,1,10.2351860178687,23.1377685675744,0
40029,OK,Coal,26.946840894079,12.0930086137393,3.93734042682699,0.507700118,0.0,0.507700118,0.0,1.32763150539438,0.33840948343277,0.338466746,0.338466746,23.3095283508301,60.1449275362319,12.1,0.0,0,17.7721518987342,25.5021097046414,1
40031,OK,Comanche,33.6234152633709,15.1384957250147,3.04868941960351,0.079379569,0.0238139,0.38895989,0.0476277,0.756916422712767,0.111026518046856,0.563594942,0.531843114,21.1063423156738,44.8385650224215,9.7,0.007938,1,10.2354590726684,25.0882367161437,0
40033,OK,Cotton,6.30531941991329,2.35183495115795,1.77740668981456,0.162100827,0.0,0.648403307,0.0,0.947738965610615,0.324306786060333,0.324201653,0.48630248,17.4418601989746,45.1557093425606,11.2,0.0,1,16.9707734538996,24.6084288713063,0
40035,OK,Craig,17.2799452700234,7.36899478819722,2.07070112598608,0.133529176,0.066764588,0.734410469,0.0,0.785417231715035,0.200293764472008,0.33382294,0.667645881,22.8817958831787,46.3335007533903,13.2,0.0,0,17.4396167409675,22.7094284383525,0
40037,OK,Creek,18.8499325366524,5.92028549537305,2.87125873378563,0.099166997,0.0283334,0.566668556,0.0283334,0.826834250989606,0.127476945519447,0.495834986,0.580835269,23.5547981262207,51.8673144071656,11.1,0.0425001,1,14.9713436334272,24.9088856175054,0
40039,OK,Custer,22.70685934974,8.19473774664131,2.03820445493183,0.14450345,0.0,0.794768975,0.072251725,1.02502102607233,0.216598674654961,0.686391388,0.939272425,13.8293762207031,51.3001872269607,10.5,0.072251725,0,13.364155957625,23.3353962648804,0
40041,OK,Delaware,20.4973652940045,9.63776068204915,3.36141032863254,0.096151535,0.0240379,0.721136511,0.0,1.0094672747601,0.192229136824608,0.312492488,0.624984976,24.0761203765869,59.988231832892,12.6,0.0240379,0,20.5751199170825,22.4335333960036,0
40043,OK,Dewey,99.9999999782216,38.0798811432759,2.89701654056154,0.209467951,0.0,1.885211563,0.0,0.627221409157433,0.418848156929016,0.0,1.46627566,6.26083946228027,37.9276637341154,11.7,0.0,0,19.9168399168399,25.3846153846154,0
40045,OK,Ellis,99.4273125325389,33.5878214739224,2.33619638297207,0.743126084,0.0,0.990834778,0.0,0.974658869395711,0.495049506425858,0.247708695,0.990834778,7.68538951873779,45.0887573964497,12.1,0.0,0,19.0797398217297,24.8373885810648,0
40047,OK,Garfield,25.375109774254,9.08027580698655,1.78956242603942,0.197810893,0.0164842,0.725306607,0.0494527,0.930178082117156,0.131676405668259,0.675853884,0.692338125,20.2464504241943,55.4100885637274,10.4,0.098905446,0,15.3449983492902,24.6748101683724,0
40049,OK,Garvin,30.8152116393789,13.9676222792257,2.1220858204171,0.364365094,0.0364365,0.692293678,0.072873019,0.958591298189056,0.327928572893143,0.58298415,0.437238113,20.8180866241455,51.6062756817333,11.1,0.0364365,0,17.2541340295909,24.4161589788222,0
40051,OK,Grady,14.5434025639133,6.17705691437905,2.03697825619087,0.094817287,0.0189635,0.644757552,0.0189635,0.803243093991993,0.113748386502266,0.379269148,0.436159521,18.1369228363037,41.9548380058907,8.6,0.07585383,1,13.6598577177624,25.1263565447922,0
40053,OK,Grant,61.8265794020086,23.9470331126755,2.89080643192885,0.659340659,0.0,0.659340659,0.0,0.885739592559787,0.219587177038193,0.21978022,0.43956044,7.6562614440918,42.9319371727749,12.3,0.0,0,21.2502761210515,22.6640159045726,0
40055,OK,Greer,8.82967326392851,2.47548134051502,1.91716735851685,0.162919518,0.0,0.814597589,0.0,0.918009426723666,0.162919521331787,0.162919518,0.814597589,22.1763076782227,50.8717948717949,10.7,0.0,0,17.3745792594967,19.7627824971951,0
40057,OK,Harmon,8.2876256643808,2.87599328801688,2.70231355605283,0.342231348,0.0,0.342231348,0.0,1.03234686854783,0.34223136305809,0.342231348,0.342231348,23.1225528717041,70.5667276051188,12.5,0.342231348,0,17.3169062286105,25.8042436687201,1
40059,OK,Harper,51.747974840644,17.0241042167354,0.271323253107045,0.539083558,0.0,0.539083558,0.0,1.08813928182807,0.538648009300232,0.269541779,1.078167116,8.40978622436523,43.8829787234043,12.5,0.0,0,18.6160108548168,25.2374491180461,0
40061,OK,Haskell,37.6425594222906,17.4366772726613,3.00747714795075,0.078628715,0.078628715,0.707658437,0.0,1.30751790591024,0.157183274626732,0.393143576,0.550401006,34.4762268066406,64.2052565707134,11.5,0.0,0,17.5581486412405,25.4679301433158,0
40063,OK,Hughes,24.3008977288323,8.95975699781611,2.12825823422758,0.363927506,0.0,0.65506951,0.0,0.885371494651634,0.291057258844376,0.727855011,0.291142005,22.1065998077393,63.6980491942324,12.6,0.072785501,0,17.2177390559166,22.1881025494537,1
40065,OK,Jackson,18.7688336378568,6.64091425023342,2.23193113485567,0.075728891,0.0378644,0.530102234,0.075728891,0.800396386782025,0.113550342619419,0.757288906,0.870882242,23.271411895752,49.237304498938,12.9,0.0378644,0,12.9433562731604,26.1173712470695,0
40067,OK,Jefferson,23.2694953571143,11.2286830524279,4.43620740856731,0.309693404,0.0,1.238773614,0.0,1.41132193821546,0.464540094137192,0.619386807,0.774233509,27.0813617706299,66.9172932330827,11.7,0.0,0,19.1440049443758,24.18108776267,0
40069,OK,Johnston,32.3306027188961,14.2114125928344,3.5718694028571,0.09036689,0.0,1.174769564,0.0,1.18149595564846,0.180684790015221,0.271100669,0.271100669,25.0760345458984,63.9852786540484,11.8,0.0,0,16.6012594688327,24.5140093091175,1
40071,OK,Kay,21.7590970709433,8.56412187868689,2.13894707812215,0.196279415,0.0218088,0.545220596,0.0436176,0.82549657073451,0.174440160393715,0.676073539,0.654264716,26.9194297790527,58.1422831481919,11.4,0.0436176,0,17.0353507151755,25.3017482066922,0
40073,OK,Kingfisher,15.1233418854914,4.20153134422389,1.46125024508545,0.132117849,0.066058925,0.858766019,0.0,0.755303787626347,0.33036008477211,0.72664817,0.990883868,10.8458909988403,47.1257106759318,11.4,0.0,0,15.0126380204869,26.5731009711321,0
40075,OK,Kiowa,37.4526056204771,20.0292186857119,2.22381271946047,0.424718624,0.0,0.424718624,0.106179656,0.966702470461869,0.318403750658035,0.424718624,0.743257592,24.4348163604736,57.8758949880668,11.5,0.0,0,18.3569764979886,23.3643870421342,0
40077,OK,Latimer,22.3751344021413,9.47863930794764,3.00189219005311,0.179115171,0.0,0.447787928,0.0,0.854584505551018,0.0895415470004082,0.179115171,0.537345513,24.5972518920898,54.4186046511628,12.2,0.0,0,17.4287251210328,23.9644970414201,0
40079,OK,Le Flore,13.7324383062617,7.26482510690189,3.41822718418017,0.139043382,0.0198633,0.734943588,0.0397267,1.25986672815618,0.198566347360611,0.317813444,0.357540124,31.1107788085938,64.201796821009,11.6,0.0397267,1,15.1655287392823,24.700301683074,0
40081,OK,Lincoln,19.8433332101688,8.32772505269013,2.57591045420733,0.087583569,0.0,0.554695939,0.0291945,0.731229342771067,0.17516203224659,0.525501416,0.583890462,17.7064113616943,49.4461051521013,11.7,0.058389,1,15.3240159892627,25.5040410819012,0
40083,OK,Logan,22.8265289518724,10.3178093647319,3.17141416125482,0.093960677,0.0,0.399332879,0.0234902,0.589703659597856,0.0704605802893639,0.328862371,0.634234573,18.4987297058105,53.9973498233216,10.8,0.0469803,1,12.6481552284458,25.0215064041292,0
40085,OK,Love,21.5757158177399,7.50132489424945,3.24616818724657,0.106598444,0.0,0.746189106,0.106598444,0.941619585687382,0.10662117600441,0.532992218,0.746189106,24.2405223846436,59.4721407624633,12.3,0.0,0,17.1707524143054,24.3446885280696,0
40087,OK,McClain,9.53737358354544,2.97137571830267,1.47614380626744,0.0568359,0.0568359,0.767285231,0.028418,0.7768698696169,0.113636367022991,0.653613345,0.568359431,14.8023233413696,35.9419063733785,10.1,0.113671886,1,13.2324813075987,26.6475395583377,0
40089,OK,McCurtain,16.5130001006152,8.47663781479618,5.29009650343165,0.180163949,0.0300273,0.660601147,0.0,1.50337820879639,0.330250978469849,0.330300574,0.450409873,35.7060661315918,67.8869991351975,11.1,0.0,0,15.504811317909,25.9388857048053,1
40091,OK,McIntosh,12.7562317486595,6.17886684107698,3.32205757304326,0.197443112,0.0,0.592329335,0.0493608,1.11332426480114,0.246791705489159,0.345525445,0.740411669,28.1574478149414,63.1266846361186,11.7,0.0,0,21.9484495358483,21.0201461584041,0
40093,OK,Major,44.2004928967862,14.3150911416406,0.702599334843432,0.393030263,0.0,1.441110966,0.0,1.30157490563582,0.26195153594017,0.262020176,0.655050439,11.366099357605,43.2795698924731,10.4,0.131010088,0,19.237411983526,23.2230636375714,0
40095,OK,Marshall,11.2020954652221,4.17178791965086,2.35755916661134,0.251035522,0.0,0.690347684,0.0,0.887802636251593,0.250846594572067,0.502071043,0.627588804,18.4895839691162,69.7846567967699,11.6,0.0,0,19.8926767676768,23.8825757575758,0
40097,OK,Mayes,2.86189509279784,1.09694807031103,3.53167870378472,0.169438191,0.0242055,0.556725486,0.0242055,0.908877445264931,0.169429987668991,0.484109118,0.822985501,23.8364315032959,57.2441471571906,11.3,0.0242055,0,15.6838507961899,25.4829249375894,0
40099,OK,Murray,7.53471364542868,3.80132492506411,2.31043261306637,0.147134555,0.0,0.367836386,0.073567277,1.03686354875698,0.220685601234436,0.735672773,0.588538218,17.4952278137207,41.0974673829624,12.0,0.073567277,0,17.5192763938316,23.8804863582444,0
40101,OK,Muskogee,12.5388084140172,5.54549069493936,2.20644630976959,0.169644877,0.0141371,0.424112192,0.0565483,1.09661548340794,0.155463844537735,0.749264872,0.523071703,28.4159126281738,56.6828984664583,13.1,0.0424112,0,14.6612198901254,24.6668544865474,0
40103,OK,Noble,29.3122758810235,9.20567984074457,2.299838073786,0.172950536,0.0,0.43237634,0.0,0.795579471156628,0.172920629382133,0.43237634,0.605326877,15.4264707565308,50.1144164759726,11.4,0.086475268,0,16.7113571490356,24.6950955799671,0
40105,OK,Nowata,25.5236932068158,9.53390004757346,1.9271944249642,0.188501414,0.0,0.282752121,0.0,0.918857789086797,0.0942507088184357,0.188501414,0.754005655,22.4277305603027,50.5070993914807,12.4,0.0,0,17.9669703872437,24.2217160212604,0
40107,OK,Okfuskee,22.4322614933304,13.0291621928037,5.89557377308663,0.324675325,0.0,0.324675325,0.0,0.917084749420079,0.0811227411031723,0.081168831,0.405844156,25.0980396270752,61.1185682326622,12.7,0.0,0,16.6844393404971,23.3122795504881,1
40109,OK,Oklahoma,25.4981592578702,9.06709403003729,1.43773669774396,0.246515908,0.020543,0.330057411,0.0561508,0.897614435167972,0.091654010117054,0.888826803,0.754612587,22.3166332244873,55.5940272668254,10.2,0.093128232,1,12.0168430895881,25.2031287179965,0
40111,OK,Okmulgee,25.1669043686164,11.339791517252,3.43238085623483,0.226261407,0.0251402,0.653644066,0.0,0.860147213459516,0.150818184018135,0.502803127,0.477662971,31.1236095428467,59.9382802637116,10.5,0.0502803,1,15.8077316628815,24.6399960068881,0
40113,OK,Osage,28.7314904169011,12.0584330473082,3.21482548052592,0.06279172,0.0209306,0.313958599,0.06279172,0.549561394355517,0.10463972389698,0.418611466,0.313958599,14.773645401001,50.6358809729596,11.4,0.0418611,1,15.3311425682508,24.3364509605662,0
40115,OK,Ottawa,15.2499540372303,8.6557403406672,2.57998016553043,0.094224065,0.031408,0.376896259,0.031408,0.770360259751003,0.0941737815737724,0.471120324,0.628160432,27.4292793273926,60.5263157894737,13.3,0.031408,0,17.0120572720422,24.6671690530018,0
40117,OK,Pawnee,2.30236540500408,0.869921605938203,1.69356551496519,0.119510009,0.0,0.53779504,0.0,0.718303589494557,0.23899145424366,0.418285031,0.53779504,21.9503555297852,56.9877408056042,13.6,0.0,1,16.4263738915365,24.6486095192134,0
40119,OK,Payne,25.6150614531047,12.1421621517983,2.07530454778111,0.0512682,0.0256341,0.43578011,0.089719435,0.634574420592099,0.140623599290848,0.692121352,0.512682483,13.7673501968384,41.0349436700401,9.4,0.0256341,0,10.4214608920491,18.9088558500323,0
40121,OK,Pittsburg,41.5556331752739,17.8998745496897,2.7234078867644,0.109430741,0.0218861,0.744129041,0.0218861,1.22276978630202,0.175070032477379,0.634698299,0.590926003,20.5934906005859,57.9484029484029,11.6,0.0,0,17.531688374021,22.0782337413007,0
40123,OK,Pontotoc,22.0708301765844,8.54484321219028,2.80082265355317,0.13245384,0.0264908,0.582796895,0.0264908,0.737657410822488,0.211864411830902,0.503324591,0.582796895,23.1953353881836,51.2765653972329,10.9,0.0264908,0,14.8565027205804,23.3623172943561,0
40125,OK,Pottawatomie,17.0543441382577,8.26455783219743,3.18461750164162,0.085683684,0.0142806,0.471260264,0.07140307,0.983371019408329,0.128488823771477,1.113887897,0.471260264,28.0997161865234,54.998099581908,10.5,0.0428418,0,14.3069036030068,24.9920797212062,0
40127,OK,Pushmataha,24.9704207035453,13.1102026746743,4.96834145398457,0.526315789,0.0,0.789473684,0.0,1.44280827011751,0.438365787267685,0.438596491,0.614035088,24.3278141021729,68.1494661921708,12.3,0.0,0,20.2039405461459,22.4248185274801,1
40129,OK,Roger Mills,54.5267158253378,17.2565530216214,1.89632258883444,0.266098989,0.0,1.862692922,0.0,0.794912559618442,0.266028195619583,0.0,0.798296966,8.59243488311768,42.6533523537803,11.5,0.0,0,17.6857691253085,25.1165341376474,0
40131,OK,Rogers,26.6942652918042,5.37358403000215,2.09142316442808,0.0571305,0.0114261,0.297078349,0.0228522,0.474347512834731,0.0799506604671478,0.514174065,0.388487071,16.7092418670654,36.7125600727367,10.6,0.0457044,1,13.3582647718773,26.1388872907198,0
40133,OK,Seminole,8.53675163332953,4.43238698983428,1.89704859288814,0.196533155,0.0393066,0.628906096,0.0393066,1.30320890635233,0.1965022534132,0.550292834,0.314453048,34.5780639648438,66.8581616481775,11.3,0.0,0,16.0780158543285,25.7279648379248,0
40135,OK,Sequoyah,7.77073648451608,4.03902446661022,3.45559809056409,0.166085368,0.0237265,0.664341472,0.0,1.0849960545598,0.189780324697495,0.42707666,0.498256104,31.9160861968994,64.6338698707776,13.1,0.0237265,1,14.9300559080937,25.7743388926895,0
40137,OK,Stephens,16.839713899213,5.50877736982812,1.35213230366282,0.177348201,0.0221685,0.798066905,0.0443371,0.781616382679381,0.132987558841705,0.465539028,0.665055754,18.5469856262207,45.1988943636582,11.2,0.0,0,17.310424436157,24.0277037826319,0
40139,OK,Texas,83.16395090364,34.7178882377665,5.68738884477507,0.188786105,0.0471965,0.471965263,0.0471965,0.593078425900084,0.18827959895134,0.235982632,1.132716632,13.3817119598389,55.901044030867,8.2,0.0,0,10.2470930232558,28.7790697674419,0
40141,OK,Tillman,34.7211948920218,16.7701659307951,2.66802672203957,0.249719066,0.0,0.998876264,0.0,1.27844541038098,0.499251127243042,0.374578599,0.624297665,26.7177200317383,69.6338383838384,13.9,0.0,0,17.6926926926927,24.7122122122122,1
40143,OK,Tulsa,25.5235483456259,9.05918583920034,2.09692134455441,0.133039224,0.021352,0.326849451,0.064055922,0.735833974133399,0.103381730616093,0.863933723,0.785095665,18.6194438934326,48.1354082868688,9.6,0.121542007,1,12.0741859089199,25.5676554475202,0
40145,OK,Wagoner,31.3540607936266,7.30398010105258,2.02987604906742,0.0405285,0.027019,0.378265921,0.0,0.526456084232974,0.067538358271122,0.324227932,0.283699441,13.6856889724731,43.9180853688626,10.7,0.0405285,1,12.504617910652,26.6374769104467,0
40147,OK,Washington,32.9495921471932,11.479734694767,1.98046669980389,0.136404381,0.0194863,0.467672162,0.07794536,0.694000606847042,0.136295482516289,0.779453603,0.662535563,17.0240135192871,43.3194919394236,10.3,0.07794536,0,17.8181889516635,23.448289391086,0
40149,OK,Washita,41.4730284041335,15.9915096963588,2.53106178901672,0.258353427,0.0,0.861178092,0.086117809,0.960821430620088,0.172220781445503,0.258353427,0.775060282,13.5680551528931,57.2625698324022,11.0,0.0,0,17.0865938601771,25.8147734112993,0
40151,OK,Woods,32.3639730719236,9.35697439466389,1.52494420392964,0.455736584,0.113934146,0.683604876,0.113934146,1.12281099033816,0.341646730899811,1.139341461,0.797539022,9.8011474609375,36.7109634551495,10.0,0.0,0,17.1547645866186,18.7767515206128,0
40153,OK,Woodward,26.8600717029584,6.40350895882456,2.28667305742983,0.199014876,0.0497537,0.746305786,0.099507438,0.875997664006229,0.149201765656471,0.696552067,0.895566944,13.2003612518311,49.0789111905417,10.9,0.0497537,0,14.1825606294507,24.3264777650515,0
41001,OR,Baker,36.358770919102,14.0259193684368,1.79925130909818,0.435811231,0.0622587,0.435811231,0.186776242,1.51381817419909,0.435919791460037,0.435811231,1.369692442,29.6465339660645,42.991452991453,10.7,0.186776242,0,21.9536382794099,20.3297384405603,0
41003,OR,Benton,20.1971664435845,4.62257785457354,0.985519469399132,0.16283614,0.0348935,0.267516516,0.0465246,0.610320490570404,0.139114305377007,0.709500326,0.732762631,9.26944351196289,30.906359539309,6.8,0.16283614,1,12.0122927353673,17.8186237277837,0
41005,OR,Clackamas,16.8046254010353,3.11403329094928,1.30055324504452,0.155609594,0.0316494,0.287482131,0.079123522,0.575301045267726,0.137027814984322,0.640900531,0.762223265,11.2342357635498,29.4664008044038,7.7,0.116047833,1,13.6255558628907,23.7321538756144,0
41007,OR,Clatsop,32.7657009573671,10.6189756529811,3.87061766417155,0.403345075,0.080669015,0.537793434,0.32267606,0.938312645773572,0.295540034770966,0.833579822,2.608298153,26.1145439147949,43.4279918864097,8.4,0.134448358,0,16.6311185507168,20.5216123545452,0
41009,OR,Columbia,14.9879212409069,3.79342864133815,1.39023055406784,0.202543952,0.0202544,0.384833509,0.121526371,0.683087827510179,0.121452569961548,0.46585109,0.668395042,25.4683284759522,35.5850272682201,7.9,0.101271976,1,13.9470324816113,23.5435958744504,0
41011,OR,Coos,11.1492296686784,4.59313669956582,1.90892929645358,0.318826718,0.079706679,0.462298741,0.111589351,0.958145435549728,0.254878520965576,0.510122748,1.131834848,36.618824005127,47.7029278743156,11.7,0.079706679,0,21.3917484891265,18.9235918341449,0
41013,OR,Crook,14.1184285963085,4.53587047513091,0.611403062426846,0.290894987,0.0484825,0.581789974,0.096964996,1.10553652692685,0.193836018443108,0.484824978,0.581789974,31.3177661895752,53.4907597535934,8.9,0.096964996,0,20.0352750500524,21.9277338163791,0
41015,OR,Curry,12.4764874478048,5.3296473007322,1.98750396656584,0.355919384,0.0444899,0.400409307,0.0444899,1.0450377562028,0.311304807662964,0.533879076,1.601637229,24.9898872375488,47.26609963548,9.9,0.133469769,0,27.9958862457521,15.6993382221427,0
41017,OR,Deschutes,15.5368059762868,4.4383706656443,1.09044356535423,0.213025908,0.0501237,0.288211522,0.11904389,0.625987252249754,0.162867471575737,0.839572695,1.077660474,26.2887134552002,44.2730910303435,6.5,0.144105761,1,14.8928886155719,22.9634889338312,0
41019,OR,Douglas,27.115265777347,11.333906052007,2.43203162923584,0.214622311,0.0373256,0.541221481,0.074651239,1.08945168153484,0.205187514424324,0.737180983,0.811832221,32.9099006652832,50.7447248655358,11.4,0.093314048,0,20.9627833969554,20.5206795025402,0
41021,OR,Gilliam,54.6691788325735,21.392151409429,4.73196464427353,1.537672988,0.0,0.512557663,0.0,1.53609831029186,1.537672996521,0.512557663,0.512557663,21.2602462768555,39.2712550607287,9.9,0.0,0,22.1806520577231,18.8669160876537,0
41023,OR,Grant,39.8083079287268,17.7358102046149,3.86229407840791,0.404912944,0.0,0.539883925,0.134970981,1.82224044462667,0.53988391160965,0.809825887,0.944796869,22.19264793396,40.582726326743,10.4,0.134970981,0,23.6400268636669,19.2075218267293,0
41025,OR,Harney,31.912729763588,12.5665807751854,2.37460511459331,0.271849939,0.0,0.543699878,0.0,0.831946755407654,0.407774895429611,1.087399755,1.359249694,26.390230178833,38.4550797649034,9.8,0.135924969,0,18.8897871193748,22.4198329291296,0
41027,OR,Hood River,6.78771482834351,1.38861908577894,0.918118645635679,0.490239772,0.0,0.490239772,0.267403512,0.940931633014524,0.356474459171295,1.069614048,1.604421071,20.1995601654053,50.4178272980501,7.2,0.178269008,0,12.5615322652824,25.9867537814374,0
41029,OR,Jackson,16.5016253450375,5.16723919071509,0.946393315624556,0.180834478,0.0342119,0.381218629,0.08797353,0.729931722315886,0.151413023471832,0.752662421,0.933496899,31.1519927978516,47.3608720596672,7.5,0.08797353,1,17.6343218212061,21.8064427231479,0
41031,OR,Jefferson,20.1951511742821,10.8094810879855,0.810236042537556,0.32209083,0.046013,0.368103805,0.0,0.980888010176713,0.183908045291901,0.598168684,0.598168684,41.214038848877,72.0312048540884,8.3,0.046013,0,15.3360957642726,25.2762430939227,0
41033,OR,Josephine,17.6082602765875,6.37045518988762,2.1536513365048,0.20564682,0.0362906,0.459681126,0.0604844,1.02395594678243,0.241867214441299,0.544359229,0.774199792,41.3241958618164,52.6149558755225,8.6,0.096774974,1,22.2915382104385,20.4115435300376,0
41035,OR,Klamath,33.4385189260414,12.6217966452995,1.71299589020952,0.226288714,0.0452577,0.467663343,0.090515486,0.883754096370919,0.196096181869507,0.603436571,0.890068943,35.8878288269043,57.9204762917287,8.6,0.090515486,0,17.1000301295571,22.3003916842422,0
41037,OR,Lake,43.6245561632213,22.1064804246399,0.797338273277943,0.383288616,0.0,0.766577233,0.0,0.943679492128855,0.506072878837585,1.022102977,1.022102977,23.5039958953857,36.5168539325843,9.5,0.255525744,0,20.4179860671311,19.31602279924,0
41039,OR,Lane,15.3404273396169,4.87360417190603,1.15030617176751,0.161281652,0.050931,0.415936891,0.093373588,0.851098036339841,0.161014676094055,0.829044279,0.812067263,29.1595897674561,44.073776348696,6.9,0.113180106,1,15.0067526264163,19.8140539925792,0
41041,OR,Lincoln,15.2345981424724,6.05302228278207,2.13457160707512,0.349024912,0.065442171,0.458095197,0.261768684,1.16646082063949,0.348827064037323,0.741677937,2.421360325,25.0279922485352,54.6597061098221,9.7,0.0436281,0,21.6622496415693,17.2763609506017,0
41043,OR,Linn,24.1528889060541,8.60116829673624,2.31002365858428,0.177797345,0.0423327,0.423327012,0.067732322,0.912470429199054,0.160805717110634,0.524925494,0.626523977,38.9138374328613,40.8466594721868,8.5,0.093131943,1,15.4201522216127,24.1471818431157,0
41045,OR,Malheur,8.94862530731757,5.56749150447993,1.38052270474349,0.194615634,0.064871878,0.227051573,0.0324359,0.895091957775602,0.226039782166481,0.746026597,1.167693805,39.7856483459473,58.2026768642447,7.7,0.097307817,0,14.9905789927506,25.5612684827388,0
41047,OR,Marion,14.4672231622896,4.70478207124956,0.737156723169203,0.125931103,0.0346311,0.387238142,0.100744882,0.815402805339833,0.138343468308449,0.661138291,0.720955565,41.122371673584,54.2233876366882,8.0,0.11648627,1,12.8590229438534,26.442037832781,0
41049,OR,Morrow,27.6835056079142,11.4188440798811,1.66950282732735,0.089269773,0.0,0.0,0.0,0.615142891023361,0.356125354766846,0.089269773,0.714158186,26.3729076385498,57.4010327022375,8.5,0.0,0,12.7181598496375,28.550971091023,0
41051,OR,Multnomah,12.579534989157,3.81841913685476,0.856761213413197,0.179181275,0.0267435,0.411849498,0.101625201,0.884198917536817,0.113378837704659,0.902592245,1.40002086,27.9672927856445,47.1844199294692,7.3,0.102962375,1,10.5289569093772,20.4917765260412,0
41053,OR,Polk,27.79366430065,8.27792550241651,1.37985890917597,0.158131935,0.0131777,0.303086208,0.039533,0.638481788534832,0.14486837387085,0.592994755,0.527106449,21.3389949798584,40.6181015452539,7.9,0.131776612,1,14.7898624723154,24.3133562325106,0
41055,OR,Sherman,44.3444772097769,15.2340062853855,2.55253391709471,1.143510577,0.0,1.715265866,0.0,2.02078521939954,,0.571755289,1.143510577,5.92507648468018,46.1538461538462,9.5,0.0,0,21.7563739376771,19.7733711048159,0
41057,OR,Tillamook,21.9549242500613,8.65783077168705,3.59869660145915,0.354484225,0.0393871,0.708968451,0.315097089,1.39729241639314,0.275525480508804,0.551419906,1.969356808,23.9239330291748,49.0124582193862,8.5,0.078774272,0,20.8831683168317,19.8217821782178,0
41059,OR,Umatilla,25.2509280697644,9.48764150458687,2.30067397131435,0.156355866,0.0521186,0.364830354,0.065148277,0.748502994011976,0.18229641020298,0.52118622,0.729660708,30.4890460968018,54.6650105939943,8.9,0.065148277,0,12.7251643848252,26.6178233999657,0
41061,OR,Union,48.907794417425,16.7758414045926,2.11015429088861,0.270489586,0.077282739,0.540979172,0.077282739,1.00612083802425,0.424677640199661,0.618261911,0.888751497,28.5581245422363,41.0548086866598,7.7,0.077282739,0,16.7313966133292,22.5143700481591,0
41063,OR,Wallowa,27.1493213219642,9.92175603855539,1.94419437189615,0.573394495,0.0,0.573394495,0.143348624,1.16063138347261,0.573230147361755,0.860091743,2.150229358,23.2141990661621,37.4429223744292,9.6,0.0,0,23.2020547945206,18.8213470319635,0
41065,OR,Wasco,41.0934950484813,15.3558111052594,2.27265819380525,0.317561131,0.079390283,0.436646554,0.079390283,0.879533356874747,0.237934723496437,0.793902826,1.111463957,32.5975570678711,51.5263908701854,8.1,0.079390283,0,17.6496251933526,23.1943838496014,0
41067,OR,Washington,13.3090694757324,1.98333494286,0.478477046472133,0.148280502,0.0333631,0.263197891,0.090821808,0.563445517268243,0.131247416138649,0.719160436,0.722867448,19.1082668304443,33.4295345673901,6.4,0.103796352,1,10.0260519907119,25.6438428574125,0
41069,OR,Wheeler,99.9999998343317,45.9749173190074,2.1455275075292,0.706214689,0.0,0.706214689,0.0,1.40449438202247,2.11864399909973,0.0,0.706214689,6.44665241241455,52.4663677130045,8.6,0.0,0,29.146426092991,17.9736294240111,0
41071,OR,Yamhill,17.0295728952227,4.22174862612305,1.61855445318152,0.18076645,0.0301277,0.431830963,0.0502129,0.749754791947201,0.180585101246834,0.55234193,0.73310838,27.7318592071533,44.3035637348434,7.7,0.080340644,1,13.3739275956973,25.0310001713831,0
42001,PA,Adams,11.3067357861908,3.04295934158085,2.25732842371185,0.118273211,0.0,0.246402523,0.118273211,0.43028977224204,0.0887075290083885,0.601222157,0.719495368,8.07418251037598,25.5089235917457,8.2,0.068992706,1,15.732641730847,22.1266776455274,0
42003,PA,Allegheny,28.739430120017,6.43894938153637,2.58699032584815,0.171042225,0.0105883,0.342898938,0.076561758,0.623709671384111,0.0797926709055901,0.762359633,0.838921391,17.3593330383301,31.5653461289342,9.5,0.149051082,1,16.7621151136063,19.7542318293732,0
42005,PA,Armstrong,5.32851847784253,1.4839784447053,2.91081716637974,0.248233164,0.0,0.423456574,0.0584078,0.693134918894687,0.175202950835228,0.438058525,0.52567023,19.6051063537598,31.9126600881797,10.4,0.102213656,1,18.4026921570618,20.5813666758533,0
42007,PA,Beaver,39.6419147897897,12.3922724015255,5.18487861890358,0.170269731,0.0117427,0.358153572,0.0528423,0.73913086042664,0.0763327404856682,0.557780152,0.504937822,19.4626541137695,22.9134235420908,10.2,0.06458507,1,18.564668492251,20.4516269005917,0
42009,PA,Bedford,13.137487459405,4.50330954311316,3.13571119344956,0.221707145,0.0,0.52403507,0.141086365,0.72817830400346,0.161257818341255,0.423259095,0.68527663,14.8346109390259,33.2485951297833,8.9,0.0403104,0,19.0426429805876,21.5807242474177,0
42011,PA,Berks,15.38903513233,2.93418602300086,1.31129855834304,0.186505255,0.0121107,0.312456856,0.104152285,0.819445485713917,0.268787264823914,0.578892934,0.670934488,19.918529510498,35.1327015617158,7.6,0.118685162,1,14.4754303158161,23.8517215063119,0
42013,PA,Blair,18.303249340574,5.81475825090143,2.79841483786986,0.125995165,0.0236241,0.338612006,0.125995165,0.884983598303978,0.133901491761208,0.740221594,0.653599918,20.6225204467773,36.0002220865027,9.6,0.094496374,1,17.7253735571135,21.1489586038131,0
42015,PA,Bradford,12.1205569325126,4.45922461265634,3.13828214985864,0.253694425,0.0,0.618380161,0.095135409,0.959517135940884,0.142617180943489,0.50738885,0.71351557,15.4666051864624,31.8078979843686,9.6,0.095135409,0,17.8084379291623,22.7364185110664,0
42017,PA,Bucks,33.9918908724852,3.87271373899202,1.18626250517892,0.15813004,0.00638909,0.26993916,0.115003666,0.487199646600846,0.0942630544304848,0.725162003,0.755510193,7.27773952484131,13.3370911944472,8.7,0.118198212,1,14.5892276517036,22.9530954867581,0
42019,PA,Butler,22.5283318869802,3.49200329832806,2.09743797588953,0.167920655,0.0216672,0.373758877,0.08125193,0.566308049954047,0.113732375204563,0.660849028,0.704183391,10.4880065917969,16.8128244703241,8.7,0.108335906,1,15.1488616462347,22.4440069182322,0
42021,PA,Cambria,20.8304488900395,6.70352201954648,3.28781137489759,0.196407152,0.0140291,0.357741598,0.0561163,0.862267864542133,0.11224053055048,0.680410491,0.61026508,19.0187816619873,35.0371894287071,11.2,0.070145411,1,18.8413059667732,19.6514452355598,0
42023,PA,Cameron,9.1753071640897,2.58389307622171,1.04148792836169,0.200080032,0.0,0.400160064,0.0,1.04609570088412,0.199441567063332,0.200080032,1.00040016,23.3440818786621,,9.9,0.0,0,21.3569321533923,19.3706981317601,0
42025,PA,Carbon,11.5688141648607,3.33856793446129,2.58433214789836,0.15363107,0.0,0.322625248,0.107541749,0.502517716313366,0.107546709477901,0.460893211,0.752792245,15.0414028167725,32.7941335058773,9.3,0.107541749,1,17.8454842219804,20.7512758816227,0
42027,PA,Centre,13.6138519090877,3.08755008350874,2.73301879466429,0.10964983,0.01935,0.30314953,0.07094989,0.419966789327043,0.0838482454419136,0.57404911,0.65789898,6.88168525695801,18.5811931780477,7.9,0.07739988,1,11.2773556724463,15.9179167478408,0
42029,PA,Chester,39.1396562879447,5.87679324294035,2.13867631100786,0.137066849,0.0079459,0.230431224,0.069526662,0.403855960782379,0.057605404406786,0.663483008,0.637658819,5.29562187194824,16.4245718435911,7.9,0.139053325,1,12.8035262564995,24.8664023444234,0
42031,PA,Clarion,6.89608729578329,2.3389390460081,4.08320302601279,0.350965154,0.0250689,0.526447731,0.075206819,0.996317409070272,0.175434201955795,0.476309852,1.002757583,17.9765071868897,29.6645307199397,9.6,0.075206819,0,16.4199259777933,19.3933179953986,0
42033,PA,Clearfield,14.2572652391218,4.85739162395221,2.62227410049567,0.184356718,0.0122904,0.417875227,0.073742687,0.798597424779924,0.159646317362785,0.589941497,0.725136424,21.8144454956055,37.4088291746641,9.6,0.0614522,0,17.4640503662331,19.9603145439847,0
42035,PA,Clinton,18.8020813035477,6.13835116119512,3.57922041500215,0.126675281,0.0253351,0.304020673,0.0253351,0.74440536140564,0.126604720950127,0.532036178,0.734716627,16.9034671783447,37.488646684832,8.8,0.126675281,0,16.1832917070187,20.6865793363576,0
42037,PA,Columbia,11.079569745429,2.92527100032768,2.00346281246353,0.149129086,0.0149129,0.357909807,0.089477452,0.779922356611399,0.119258806109428,0.685993796,0.775471248,14.2429847717285,26.8964794635373,8.9,0.119303269,1,16.0650865591797,18.6581469648562,0
42039,PA,Crawford,10.8562582935634,3.45480849819658,4.66426681024949,0.27214587,0.0226788,0.294824693,0.09071529,0.807666841708715,0.136123865842819,0.532952329,0.805098199,21.9211273193359,36.4956914238818,11.1,0.079375879,0,16.574100152087,22.4311383991438,0
42041,PA,Cumberland,19.6859557262128,3.20567438474201,1.78922326590348,0.156099043,0.0168756,0.320635872,0.067502289,0.551797743077383,0.0970050767064095,0.662366208,0.708774032,7.41532516479492,16.4451881746891,9.9,0.109691219,1,15.6092028240572,20.6927605923383,0
42043,PA,Dauphin,40.1397647150291,11.9489246180586,4.58063800736174,0.178368375,0.014864,0.431056907,0.066888141,0.875159920642279,0.14486400783062,0.772929626,0.787793658,18.5204734802246,34.7359755949931,9.2,0.111480235,1,13.7415143603133,23.2058933233868,0
42045,PA,Delaware,20.4978671400015,3.61622437266368,1.63337497145563,0.193174846,0.00357731,0.28081899,0.148458447,0.692986489585301,0.116231665015221,0.719039706,0.545540076,15.2768812179565,29.8643656613552,9.5,0.148458447,1,14.2627898364697,23.3303934494856,0
42047,PA,Elk,9.512482879369,2.95491629282421,3.07888084875392,0.220423844,0.0314891,0.409358567,0.062978241,0.879556259904913,0.188708916306496,0.535315049,0.913184495,14.6832180023193,29.6818881477681,9.4,0.094467362,0,18.9882927440055,20.8195079196144,0
42049,PA,Erie,26.3253886955898,6.99164087726389,2.87041581248152,0.145758084,0.0177754,0.330621996,0.0604363,0.811223629293368,0.135089010000229,0.611472939,0.71457012,25.993803024292,40.8277127554057,9.0,0.124427633,1,14.5505870276512,22.7425988893879,0
42051,PA,Fayette,16.5440064308245,7.19832822311241,4.27551974782508,0.250029415,0.0147076,0.338275091,0.073538063,0.842793257653939,0.139708966016769,0.66184257,0.632427344,31.4439258575439,46.2620703976742,12.4,0.0514766,1,17.9933531470067,20.2626531777521,0
42053,PA,Forest,1.16485590853716,0.540393108566093,2.62326540398087,0.2607222,0.0,0.2607222,0.0,0.391287335333246,0.130327120423317,0.1303611,1.303611002,10.8518953323364,32.8498293515358,9.1,0.0,0,18.3773976153447,12.402799377916,0
42055,PA,Franklin,20.7437234565421,5.2456293514499,2.45359980324243,0.185489427,0.0132492,0.298108008,0.052997,0.572357186140032,0.11264992505312,0.629339128,0.582966771,11.4984455108643,26.0132437890387,9.0,0.132492448,1,16.4946731008301,23.8875001670922,0
42057,PA,Fulton,12.4684577816054,4.50954427822383,2.70728813200091,0.135345469,0.0,0.541381877,0.067672735,0.609260763606824,0.135712832212448,0.338363673,0.338363673,14.8870058059692,31.9539249146758,9.4,0.067672735,0,17.1370831929943,23.1121589760862,0
42059,PA,Greene,15.6190827474634,6.48760662994667,4.44723391842893,0.208730138,0.0260913,0.521825345,0.0,0.954006389217102,0.208534270524979,0.57400788,0.417460276,25.1834869384766,38.6671616855393,9.6,0.0260913,0,15.3311275396784,19.8521428940702,0
42061,PA,Huntingdon,2.90216736396968,0.850840703791257,2.56294735614512,0.130318629,0.0217198,0.412675659,0.0434395,0.6856321964173,0.108681477606297,0.390955887,0.608153602,15.157280921936,34.0395480225989,9.6,0.152038401,0,16.2437653823536,20.1337311872454,0
42063,PA,Indiana,10.903258045443,3.96626251675588,4.65806158723751,0.101570964,0.0225713,0.372426869,0.078999639,0.609286086739668,0.0902740955352783,0.530426147,0.564283135,13.8089351654053,33.493479752917,8.8,0.0564283,0,15.6885688568857,18.9536453645365,0
42065,PA,Jefferson,5.28443994155436,2.03514125065183,3.12239834064295,0.244994321,0.0222722,0.356355375,0.111361055,0.999687248681976,0.133588641881943,0.623621907,0.890888438,18.5501575469971,36.186030428769,10.1,0.0445444,0,18.2632743362832,21.5862831858407,0
42067,PA,Juniata,17.1090698442687,6.31130287324269,5.21620470096694,0.20241276,0.0,0.364342968,0.080965104,0.655851804261698,0.0809388905763626,0.526273176,0.566755728,11.6462678909302,29.8835705045278,10.3,0.080965104,0,16.7803214807599,24.0014612761812,0
42069,PA,Lackawanna,11.2948064039555,2.93882524549291,1.88547169777021,0.200598062,0.0139952,0.457176979,0.097966495,0.759988250488397,0.130615904927254,0.662440112,0.998325239,18.7432403564453,35.1565272946688,9.6,0.102631567,1,17.6718570022897,20.4941311434128,0
42071,PA,Lancaster,25.7338598275088,5.18695470687832,4.00900082771797,0.215736961,0.00763671,0.309286617,0.120278129,0.608363719883149,0.124068059027195,0.586117231,0.570843818,12.5747337341309,27.3388712147991,8.0,0.110732246,1,14.9736738249478,24.8370857357372,0
42073,PA,Lawrence,29.0775102351016,12.2047125142975,5.07926406132314,0.099500287,0.0110556,0.475390262,0.0221112,0.84565655216922,0.0552492290735245,0.57489055,0.608057312,23.8018398284912,34.0560747663551,10.4,0.13266705,0,18.7996663300698,21.2407252930588,0
42075,PA,Lebanon,18.7041075985598,3.67296824131692,1.78499983443574,0.215712819,0.0148767,0.364480281,0.066945358,0.617370666390637,0.133838951587677,0.602508219,0.476055877,14.9857034683228,27.4590815191483,9.9,0.126452342,1,17.016800431241,23.0332115476761,0
42077,PA,Lehigh,26.1352564454843,4.49732899426988,1.36307971096417,0.226376226,0.0084891,0.384839584,0.096209896,0.718049045963584,0.237680912017822,0.659320758,0.738552437,16.4837608337402,37.4855177407676,9.4,0.11035841,1,14.7652197300692,23.6568554236517,0
42079,PA,Luzerne,17.5824333372112,4.87670272402779,1.98148452858403,0.180714633,0.0093473,0.436207735,0.081010008,0.834041996467587,0.127741768956184,0.641848524,0.894225856,21.3570957183838,41.866241739701,9.9,0.093473086,1,17.946952180931,20.1920739877476,0
42081,PA,Lycoming,19.9388587614663,7.26366643054252,2.84757277996704,0.179993315,0.0085711,0.41141329,0.119995543,0.703405935636579,0.0942248702049255,0.565693274,0.934251014,17.6717472076416,31.055900621118,9.1,0.0599978,1,16.4601114450827,20.8524601458949,0
42083,PA,McKean,2.72009165711728,0.875700115006486,2.21663786458198,0.255137542,0.0231943,0.579858051,0.0463886,0.838608451009035,0.208681136369705,0.579858051,0.811801271,20.793212890625,35.6354020843055,9.3,0.0463886,0,16.9873417721519,21.0563866513234,0
42085,PA,Mercer,14.1007439222955,4.86363630181932,3.83062097394197,0.154986697,0.0172207,0.327194138,0.094714093,0.806277290216592,0.129146680235863,0.62855716,0.697440136,22.4026660919189,38.4799235181644,10.1,0.077493348,1,18.481112501929,21.6301719851163,0
42087,PA,Mifflin,7.94106039031715,2.96658158317763,5.55064811369727,0.299708854,0.0214078,0.299708854,0.149854427,0.985255026047791,0.106967888772488,0.492378832,0.599417709,20.0728893280029,35.9315589353612,9.3,0.064223326,0,18.5146309069877,23.100981106208,0
42089,PA,Monroe,29.9817115249627,8.12100038440079,1.88702296181557,0.135325163,0.0176511,0.341254758,0.06472073,0.481344565693906,0.0765259563922882,0.62367249,0.894322815,17.0700645446777,33.1936113319361,8.3,0.0529533,1,12.7771693691784,23.8892617844821,0
42091,PA,Montgomery,28.9414712379829,3.32750429286354,1.13829758965895,0.167663124,0.0086936,0.254599558,0.120469059,0.456732553249388,0.0732700824737549,0.768766471,0.788637656,6.74651050567627,14.6379662004662,8.0,0.193744054,1,15.0932521872195,22.9409882056424,0
42093,PA,Montour,11.400930945483,4.24834685922713,3.4394071342438,0.217876791,0.0,0.381284384,0.0544692,0.603798939492991,0.108902804553509,0.653630372,0.70809957,12.1845321655273,,10.2,0.163407593,1,18.5854272732249,21.2076421963103,0
42095,PA,Northampton,23.685081233898,4.41789128024351,1.80842948819142,0.167629418,0.00670518,0.338611425,0.077109532,0.548005627082171,0.130775064229965,0.653754731,0.794563443,13.1148519515991,27.0190725591527,8.8,0.093872474,1,15.653517389625,21.8909432884948,0
42097,PA,Northumberland,12.0045743494731,4.09278981078419,2.46615287676355,0.201277583,0.0105936,0.370774495,0.074154899,0.800433487242485,0.148312941193581,0.487303622,0.762736104,14.5685977935791,34.7555482761445,9.5,0.0529678,0,18.5299593771158,20.5685088016249,0
42099,PA,Perry,12.9018561810729,4.36296548759146,3.15443985770303,0.195711738,0.0,0.326186231,0.0217457,0.647323545071953,0.130650639533997,0.456660723,0.543643718,11.3746175765991,26.4043256233103,9.7,0.130474492,1,13.6918358023886,23.2896082142313,0
42101,PA,Philadelphia,0.85282640490966,0.21576777547468,0.111968311450822,0.357224276,0.0019485,0.233819526,0.133796729,1.416972569048,0.449905931949616,0.849544279,0.663787655,41.0861053466797,74.9289068183321,11.0,0.0597539,1,12.1433991740531,22.5318249076347,1
42103,PA,Pike,5.11507740891027,1.71552537430857,2.90782288241938,0.192577031,0.017507,0.402661064,0.052521,0.317814607169429,0.0876163095235825,0.245098039,0.665266106,12.5544853210449,30.0177777777778,9.2,0.035014,1,16.216074883648,23.2843521762624,0
42105,PA,Potter,18.7829425055733,8.53710456417804,3.05085500251344,0.401031223,0.0,0.687482097,0.0,1.13785060021619,0.401031225919724,0.229160699,0.687482097,18.851354598999,37.5825884181889,10.2,0.0,0,19.4936128773558,22.3463367130664,0
42107,PA,Schuylkill,6.63078097874302,2.05181862086509,1.99043905155484,0.237350893,0.0135629,0.447575969,0.115284719,0.740045649370225,0.135575756430626,0.48148324,0.745959949,18.3219623565674,33.9110580665248,9.8,0.0610331,0,18.0916993168745,20.0540835800363,0
42109,PA,Snyder,4.98735974292912,2.01217186734782,3.41601116352504,0.326854902,0.0,0.251426847,0.226284163,0.781407541843114,0.150840938091278,0.578281749,0.804565912,10.9020614624023,26.224842447652,9.1,0.125713424,0,15.4752909173341,22.4018941111279,0
42111,PA,Somerset,14.4198693540354,6.04216401652098,5.65415023472338,0.232846942,0.0129359,0.375142295,0.064679706,0.816473268621871,0.116467162966728,0.439822001,0.646797061,14.7002201080322,31.3394531635574,9.7,0.0388078,0,18.5626816907206,19.4630958812482,0
42113,PA,Sullivan,34.403501511449,13.5595828707481,2.65490620722859,0.624414611,0.0,0.936621917,0.0,0.889955115307228,0.155908942222595,0.780518264,1.404932875,10.787992477417,23.6507936507937,10.8,0.0,0,24.2221530802738,15.9614187927816,0
42115,PA,Susquehanna,4.94753982602288,1.7375828876419,2.98311982488354,0.277315585,0.0,0.392863746,0.069328896,0.599197426769096,0.138808563351631,0.323534849,0.693288963,14.2984027862549,27.9059829059829,9.1,0.0462193,0,18.0943814004982,21.1435556785681,0
42117,PA,Tioga,3.28429545063136,1.27503383299023,2.58094473640294,0.213048007,0.023672,0.520784017,0.047344,0.810296639030463,0.189420849084854,0.378752012,1.065240034,12.873330116272,31.2808750882145,9.9,0.071016002,0,18.0129106024154,20.4616374073986,0
42119,PA,Union,30.6689551123786,10.1327353453774,4.33981646261618,0.088723272,0.0221808,0.266169816,0.066542454,0.604348341935101,0.0886917933821678,0.421435543,0.754147813,8.32133769989014,22.3623853211009,8.5,0.088723272,0,14.8041026097404,18.4884419427326,0
42121,PA,Venango,8.42330527245046,2.78204165638482,3.02977140500251,0.292595505,0.0182872,0.3840316,0.091436095,0.790769948899371,0.128012880682945,0.3840316,0.658339886,21.5454425811768,39.2878787878788,8.9,0.091436095,0,17.976138513022,21.5189873417722,0
42123,PA,Warren,15.643495011196,5.11320579189277,2.9227827948693,0.192761795,0.0240952,0.457809262,0.0240952,0.607592475574783,0.168670639395714,0.385523589,0.771047178,16.5042896270752,34.6840791242558,10.2,0.0240952,0,18.7492526605285,20.848977639603,0
42125,PA,Washington,26.9495669988934,6.15779375630156,3.52868153578856,0.153869826,0.0096169,0.336590245,0.086551777,0.569354210186729,0.0721060261130333,0.586628712,0.663563625,15.0790796279907,24.9679720231294,11.0,0.100977073,1,17.4987970358964,20.5389279183909,0
42127,PA,Wayne,4.04729405457972,1.83220251208945,2.96275503897888,0.284629981,0.0189753,0.398481973,0.09487666,0.660828280884098,0.170697018504143,0.379506641,1.214421252,15.3340740203857,32.5126719768284,9.8,0.09487666,0,18.9845140282458,19.0110181363826,0
42129,PA,Westmoreland,33.2287508253384,7.35373571344816,2.84642696538177,0.13443294,0.0164612,0.334710585,0.068588235,0.626957809912996,0.101506128907204,0.636498818,0.71606117,14.8334255218506,23.6779094249267,9.4,0.128945881,1,18.8616777437296,19.8842179922173,0
42131,PA,Wyoming,2.78202175776212,0.580789164530213,3.70510212134983,0.282715482,0.0,0.742128141,0.0353394,0.808888888888889,0.141312792897224,0.388733788,0.954164752,16.9222640991211,30.7562620423892,9.3,0.0,1,16.0135804215589,21.7463573348423,0
42133,PA,York,26.1999221633204,4.81154058399449,1.43797218130833,0.146553027,0.0183191,0.297685836,0.084725969,0.633213504291463,0.109929621219635,0.652618948,0.54728396,13.8853015899658,22.2340343579077,9.0,0.10991477,1,14.0369954847668,23.4530038715136,0
44001,RI,Bristol,51.0857253842657,11.6151738844491,4.67242699294466,0.121921483,0.0,0.203202471,0.101601235,0.617233707743231,0.0609421655535698,0.589287166,1.11761359,9.29105567932129,13.8744212962963,7.1,0.121921483,1,16.7278195488722,20.3709273182957,0
44003,RI,Kent,32.2020817075298,5.68202700220758,1.48075728598418,0.145252073,0.0181565,0.375234522,0.121043394,0.72998752348194,0.0847144797444344,0.738364704,1.059129698,15.8852138519287,22.3349801931722,8.8,0.236034618,1,15.6892836938336,20.6153179503846,0
44005,RI,Newport,34.7167679634336,6.07100394789797,2.67878417826202,0.120261689,0.0120262,0.396863575,0.156340196,0.631836429535001,0.0721162483096123,0.817779488,1.623532807,12.7327489852905,22.1759447379114,7.2,0.144314027,1,16.9662677347746,19.8171025962745,0
44007,RI,Providence,19.8538714032256,4.6145097361187,1.92261905399282,0.205384906,0.00159213,0.364598011,0.087567208,1.02945990093206,0.29714423418045,0.724419628,0.890001258,30.0781021118164,48.4255121583193,8.2,0.117817698,1,13.4663226242965,21.961424488604,0
44009,RI,Washington,33.8486125802996,8.65902414687594,1.82438345068291,0.253022432,0.007907,0.363719746,0.071162559,0.583583440522129,0.0869393423199654,0.774881198,1.42325118,10.3494081497192,17.2006745362563,6.7,0.197673775,1,14.9764921758716,20.074973027036,0
45001,SC,Abbeville,30.016759648685,14.5165520310838,6.04994664799209,0.199346145,0.0,0.478430747,0.079738458,0.693863458295154,0.15961691737175,0.398692289,0.398692289,25.0076599121094,51.4302920806986,13.4,0.0,0,16.5361765747334,22.7682259904788,0
45003,SC,Aiken,21.9996225571586,6.0280012764768,3.24236849890109,0.179465441,0.0185654,0.569338639,0.0495077,0.840949479563341,0.117599003016949,0.544584785,0.569338639,24.4735221862793,49.4231164032026,10.9,0.0556962,1,15.3773602583402,23.0032667287116,0
45005,SC,Allendale,2.26513266977526,1.0228825263284,4.08132471726139,0.195427008,0.0,0.781708032,0.0,1.56854892537712,0.390892207622528,0.390854016,0.097713504,52.5841331481934,90.1234567901235,14.0,0.0,0,13.1970438621749,22.3245992897591,1
45007,SC,Anderson,30.4275702346051,11.0314337580994,3.26426206812491,0.148646783,0.0159264,0.69014578,0.0265441,1.07470095851707,0.127555772662163,0.817557309,0.679528153,23.6373538970947,43.4947548987267,12.1,0.063705764,1,15.1389972531877,23.9544478052222,0
45009,SC,Bamberg,15.1074228146168,6.64465612377369,3.9698359862725,0.315796122,0.0,0.631592244,0.0,1.32694707014316,0.189669340848923,0.631592244,0.252636898,36.9480323791504,61.6033755274262,15.2,0.063159224,0,16.0442859823607,22.349408894727,1
45011,SC,Barnwell,2.26993606614953,0.834279405294235,6.3777477673104,0.17811025,0.0445276,0.846023689,0.089055125,1.40689717269944,0.267201066017151,0.534330751,0.534330751,38.3846969604492,58.0442374854482,13.6,0.0445276,0,14.0267892666107,25.6310507935105,0
45013,SC,Beaufort,30.2260524604188,8.79074184065307,3.04597835586047,0.201325085,0.0122015,0.38434789,0.0610076,0.579692034267783,0.152412071824074,0.658882097,1.458081677,13.7276964187622,45.0427524429967,8.2,0.158619764,1,20.360839040146,21.1720180234601,0
45015,SC,Berkeley,22.6996981421285,7.34890027694832,2.56178511332691,0.103737272,0.0163796,0.322131528,0.038219,0.640650714946877,0.108877904713154,0.606044061,0.387649805,20.1119174957275,47.343537414966,12.5,0.0545986,1,10.0054542489724,25.2818497213835,0
45017,SC,Calhoun,0.778869110536105,0.224343346080364,8.33048032557043,0.066251491,0.0,0.795017888,0.0,0.743348982785603,0.0662558823823929,0.265005963,0.198754472,26.4496898651123,78.9139225880994,13.6,0.0,1,16.2767710049423,21.7133443163097,0
45019,SC,Charleston,18.3048243579472,5.6381489368406,2.25930455131273,0.274132009,0.0195809,0.46154879,0.123079677,0.934973153467959,0.179113671183586,0.987434684,1.180445996,17.8771572113037,44.0539184380987,9.3,0.111890616,1,12.7698031746757,20.7470396249097,0
45021,SC,Cherokee,11.2628651558175,5.27710614076228,3.48808797830355,0.1795848,0.0179585,0.77221464,0.035917,1.1962080653468,0.107717990875244,0.70038072,0.73629768,36.635368347168,61.6707344131351,12.2,0.07183392,0,13.4472913880958,24.6720393191428,0
45023,SC,Chester,16.7375571347802,9.23086756276494,5.18376384940676,0.304302842,0.0,0.79118739,0.0304303,1.43898891824904,0.182542815804482,0.456454263,0.486884548,43.6323394775391,60.4324324324324,13.0,0.0608606,1,14.5896197948099,23.922751961376,0
45025,SC,Chesterfield,13.6313028764937,6.78462538996726,7.25993668129131,0.257936934,0.0214947,0.558863358,0.0214947,1.05018473129008,0.236543878912926,0.47288438,0.580358102,36.5253219604492,54.6502590673575,12.8,0.0429895,0,13.5490221252193,24.7293191252621,0
45027,SC,Clarendon,4.76578891464777,2.24029898002504,5.28543952912544,0.115260489,0.0288151,1.037344398,0.0288151,1.02356627955487,0.172990426421165,0.605117566,0.576302444,40.3430099487305,63.3657698912421,13.9,0.0288151,0,16.7767578851048,22.3299305138543,1
45029,SC,Colleton,23.7648528545797,11.9760302795873,7.62744379192129,0.286048628,0.0260044,0.936159147,0.0260044,1.52674756899851,0.208040773868561,0.650110519,0.70211936,37.1645545959473,70.7606084867894,13.3,0.0520088,0,15.6278926257328,24.4060475161987,1
45031,SC,Darlington,14.2097193840561,5.59710426780957,3.81428251180155,0.190470609,0.0146516,0.805837192,0.0293032,1.25723398738852,0.13203838467598,0.454199144,0.424895974,37.6742477416992,66.1945408498265,13.5,0.087909512,1,14.2586741602481,24.2541605393049,0
45033,SC,Dillon,10.1570535679825,6.46436397009672,7.25640645937703,0.251920897,0.0,0.850233027,0.094470336,1.36212342852297,0.220493271946907,0.566822018,0.629802242,39.95263671875,72.5817101353582,13.5,0.0,0,12.9717422493918,26.7419374961013,1
45035,SC,Dorchester,19.5611100564496,5.00181134931103,2.36114229633996,0.120898346,0.00711167,0.341360035,0.04267,0.654989145894154,0.128418236970902,0.540486723,0.398253374,18.6523361206055,34.5134865134865,10.1,0.0497817,1,10.1417011460584,27.1143495294936,0
45037,SC,Edgefield,6.20688751070184,2.63051379135688,4.11989957881708,0.111491006,0.0,0.445964026,0.0,0.534532710871573,0.111532457172871,0.29730935,0.520291363,24.2878704071045,55.2108843537415,10.0,0.0371637,1,13.059106911247,21.3859551602742,0
45039,SC,Fairfield,20.1094129612899,7.33357015527596,6.26215274850746,0.084842829,0.0424214,0.763585458,0.0,1.03083222759634,0.127275034785271,0.2969499,0.339371315,38.0221900939941,66.3303909205549,14.5,0.0,1,14.8814493237602,22.6707296710636,0
45041,SC,Florence,22.4907661837536,9.44544630342587,5.00947840693176,0.298030094,0.0145381,0.697826561,0.072690267,1.1713350924503,0.210712939500809,0.792323908,0.690557534,33.4683609008789,57.2872752301471,12.0,0.0581522,1,13.162143405048,24.6192059027651,0
45043,SC,Georgetown,23.1308811746222,8.37895467332795,5.39003121424172,0.283205891,0.0166592,0.616389291,0.1665917,1.20176998011818,0.249219119548798,0.749662652,1.332733603,29.6491031646729,56.8086627847584,12.7,0.08329585,0,19.8144885135809,21.6430067488946,0
45045,SC,Greenville,32.1064742023219,10.4716828537896,2.32401728696981,0.187285085,0.0174219,0.461679512,0.0566211,0.832433357213888,0.143848195672035,0.858027017,0.895048487,19.0998363494873,41.0860325164476,8.9,0.130664013,1,12.7610393927641,24.2267161615602,0
45047,SC,Greenwood,15.3166320522373,5.27063149956818,2.50454842494733,0.229088514,0.014318,0.730219639,0.014318,1.29857407725978,0.128819867968559,0.730219639,0.773173735,29.5409603118897,51.4850622768052,12.1,0.085908193,0,15.1361594005254,23.6961858141571,0
45049,SC,Hampton,10.5469446312176,6.53556204610232,7.34598974264849,0.288544773,0.0,1.106088295,0.0,1.74901090417833,0.192372426390648,0.769452727,0.52899875,36.94775390625,68.641499035547,14.7,0.0,0,13.4139402560455,24.1394025604552,1
45051,SC,Horry,17.3185899571198,6.0369174507864,2.48206567519933,0.19949582,0.0326448,0.612996246,0.079798328,1.08607730957484,0.19609622657299,1.142566967,1.744681623,25.715015411377,56.3787823740074,10.6,0.101561508,1,17.1078870069924,20.1425224014171,0
45053,SC,Jasper,9.65736966679122,4.72964420186124,5.33014257198252,0.237182275,0.0395304,0.948729098,0.118591137,1.25485490135357,0.19780045747757,0.711546824,0.592955686,36.6192436218262,64.8540706605223,13.0,0.0395304,1,11.1756871291924,24.7850829398232,1
45055,SC,Kershaw,18.7466413051134,7.19214582634785,5.08149184326417,0.112712342,0.0161018,0.708477578,0.0,1.03326222136674,0.160978749394417,0.547459947,0.531358184,24.3994483947754,48.3540882324549,11.7,0.0483053,1,14.2583918180787,24.5376598538016,0
45057,SC,Lancaster,13.1173503821372,6.18260964563762,2.8337133534816,0.282598363,0.0256908,0.603732867,0.0385361,1.15587081220734,0.166996374726295,0.449588306,0.411052165,31.9315223693848,49.5725034199726,12.0,0.0513815,1,15.3120596983771,23.2622762615457,0
45059,SC,Laurens,17.623528638354,9.09791478378199,6.49056754707698,0.1805027,0.0,0.737052692,0.0150419,1.25459935873236,0.135405540466309,0.421172967,0.436214858,27.4746971130371,61.3174039392961,11.7,0.0451257,1,15.0111967777327,23.1855959841893,0
45061,SC,Lee,4.93119996482091,3.14674153039966,8.56655354422788,0.264788434,0.0,0.476619181,0.0,1.22851220471034,0.158965662121773,0.423661494,0.15887306,45.8704528808594,82.7787021630616,13.8,0.0,0,13.5067637877211,22.1800208116545,1
45063,SC,Lexington,23.1993406565351,6.27765775181344,2.07650160785738,0.157667719,0.026278,0.53306705,0.0563099,0.949806340589089,0.153955340385437,0.758306649,0.784584602,19.0937347412109,37.8404648249347,9.1,0.093849833,1,12.2378435235965,24.4528204092366,0
45065,SC,McCormick,6.21579640286391,1.63948061232173,5.38963442097534,0.199660577,0.0,0.69881202,0.0,0.930302725535553,0.0998203232884407,0.399321154,0.199660577,27.1538410186768,58.8032220943613,13.9,0.0,0,23.9323756474152,14.482556435063,0
45067,SC,Marion,4.62762538840173,2.16281963010964,5.55728479312238,0.30507337,0.0305073,0.793190762,0.0610147,1.74333220363352,0.18303844332695,0.457610055,0.457610055,43.8593788146973,77.1896420411272,14.4,0.0305073,0,14.6754582299921,24.4117113302281,1
45069,SC,Marlboro,13.2381184396632,6.84570359382546,7.85296344409351,0.2451753,0.0,1.120801373,0.070050086,1.60774560312667,0.210164979100227,0.420300515,0.280200343,36.3795738220215,71.2815924849027,13.5,0.0,0,13.0612103826081,21.8539384094287,1
45071,SC,Newberry,10.6248284641732,5.68521222907364,4.24395312977326,0.159931762,0.0266553,0.906279987,0.0266553,1.19535519125683,0.159991472959518,0.479795287,0.826314106,29.1116256713867,57.7575861477799,11.3,0.0533106,0,15.8872773808254,22.7791404500373,0
45073,SC,Oconee,14.8664788260936,5.81725922865215,3.74675291187391,0.215491118,0.0134682,0.525259599,0.0,1.06753141177679,0.134703725576401,0.686877938,0.579132379,19.1132411956787,48.0577031868754,11.7,0.0269364,0,18.992096724247,21.1476579645362,0
45075,SC,Orangeburg,13.3256038364916,6.3393859585694,5.90087202540676,0.239970331,0.0109077,0.948973581,0.0218155,1.43753552844462,0.272672742605209,0.75263422,0.578110343,42.6176223754883,64.1644389856224,14.3,0.065446454,0,14.8474070550589,23.1770467346299,1
45077,SC,Pickens,31.1626810194644,12.0899614705558,3.61317704510569,0.091979397,0.0083618,0.593685196,0.0250853,0.795242472354531,0.108623899519444,0.719111646,0.760920463,17.8527660369873,37.4052132701422,10.0,0.091979397,1,13.4142454539355,20.3708984768168,0
45079,SC,Richland,26.8820287044954,9.10224634720362,1.86400301142038,0.136078525,0.0154051,0.444180846,0.0539179,0.798779507232393,0.118190556764603,0.77795836,0.657284951,21.8168849945068,41.6354547261248,10.8,0.082160619,1,9.76348750598173,22.7703743003974,0
45081,SC,Saluda,4.68080281242028,2.11763201213367,5.94221469704158,0.151377536,0.0,0.706428499,0.0504592,0.800113942927998,0.0504821054637432,0.252295893,0.403673428,24.9083061218262,61.9082301529498,11.8,0.0,1,16.0754716981132,23.0490566037736,0
45083,SC,Spartanburg,33.3458634822236,12.845388024472,3.55301317250374,0.143255963,0.0209643,0.604470285,0.0559048,1.0603358211109,0.125828802585602,0.69531553,0.681339338,18.1855697631836,44.8327121979817,10.6,0.104821437,1,13.4456766804898,24.4278192235858,0
45085,SC,Sumter,22.1378739647642,9.49765873468555,4.08845242090834,0.186408925,0.0093204,0.661751685,0.07456357,1.21700662643912,0.111838057637215,0.521944991,0.493983652,33.275260925293,60.2872215709261,13.4,0.0559227,1,12.9550699821322,25.5276578320429,0
45087,SC,Union,8.59071651890263,3.7185497587104,4.45015153587404,0.17445309,0.0,0.83737483,0.0,1.300792864222,0.104657247662544,0.453578033,0.488468651,28.6219158172607,57.4261888663511,12.1,0.0348906,1,16.466972825524,22.7892683263699,0
45089,SC,Williamsburg,7.48503374699445,5.11351346894036,11.5667424280106,0.234521576,0.0,0.762195122,0.0293152,1.46738052746381,0.117291733622551,0.381097561,0.439727955,44.4730758666992,85.1658291457287,14.4,0.0293152,0,14.6384684658513,23.5946895970717,1
45091,SC,York,22.9711714913836,5.996257815597,2.30755124391234,0.173815556,0.0217269,0.486683556,0.0304177,0.793430931730844,0.121705792844296,0.712643778,0.5866275,19.6329231262207,35.2816391724276,9.0,0.091253167,1,11.3352766584245,25.542192123783,0
46003,SD,Aurora,99.8625942333875,33.556797891769,3.23299945987063,1.104565538,0.0,0.368188513,0.368188513,1.64113785557987,1.47275400161743,0.736377025,1.47275405,6.73309183120728,25.8289703315881,8.8,0.0,0,19.8892988929889,26.7527675276753,0
46005,SD,Beadle,22.5239407274044,7.59731484417519,0.806282854912647,0.169558582,0.0565195,0.734753857,0.0,1.0420773953698,0.225937634706497,0.67823433,0.621714802,18.4225196838379,35.5572998430141,8.1,0.169558582,0,17.277848028509,24.2499137831935,0
46007,SD,Bennett,96.75905660494,49.3549954163419,10.4292018802039,0.579878226,0.0,0.579878226,0.289939113,2.91036088474971,0.579878211021423,0.289939113,0.579878226,55.619987487793,53.2710280373832,10.5,0.0,0,11.1920722821335,34.6546196444185,1
46009,SD,Bon Homme,87.8149703887945,29.9424537356668,4.83267280157998,0.428021116,0.0,0.998715937,0.0,0.948451652677005,0.570532023906708,0.142673705,0.428021116,8.3060417175293,22.8212039532794,8.0,0.0,0,19.0523338048091,19.7312588401697,0
46011,SD,Brookings,40.840678027353,15.7479794964625,2.98672027969971,0.0622316,0.0311158,0.591200448,0.0622316,0.521008918446781,0.124482616782188,0.777895326,0.746779513,7.09263229370117,16.1258112830754,6.1,0.186694878,0,9.91709682465196,18.8894102925074,0
46013,SD,Brown,31.4747096082752,6.60097116621617,0.974550063292253,0.189363199,0.0270519,0.432830168,0.162311313,0.426365933585135,0.162509143352509,0.811556565,0.676297138,11.6730995178223,22.3717573629803,7.6,0.135259428,0,16.0767567271632,23.1939996167638,0
46015,SD,Brule,34.6337395281888,10.6392070086604,1.79558147548879,0.377643505,0.0,1.321752266,0.0,0.944643869261289,0.377643495798111,0.755287009,0.944108761,10.8045110702515,36.6723259762309,7.7,0.188821752,0,17.3929590865842,25.8420551855376,0
46017,SD,Buffalo,18.3503963959001,11.5974652079764,9.64700750824605,0.0,0.0,0.505816894,0.0,0.99009900990099,0.505816876888275,0.0,0.0,57.3330039978027,,13.6,0.0,0,7.1652719665272,39.2259414225941,1
46019,SD,Butte,24.0816866021416,11.9652522807506,1.39668292650529,0.388085767,0.0,0.58212865,0.194042883,1.02659366445053,0.388123422861099,0.485107209,1.164257301,20.1236629486084,33.703920421299,8.1,0.097021442,0,15.7368941641939,24.9950544015826,0
46021,SD,Campbell,93.3551454055457,28.4306822929674,2.61805444748414,0.0,0.0,0.701754386,0.0,0.716332378223496,,0.0,3.50877193,3.08422303199768,16.2790697674419,9.7,0.0,0,25.2387448840382,19.031377899045,0
46023,SD,Charles Mix,33.2619549580296,16.8901119210517,5.86071591054515,0.54412885,0.0,1.414735009,0.10882577,1.33825231481481,0.54418808221817,0.76178039,0.43530308,31.4301242828369,48.365206662554,10.1,0.0,0,17.7346916420199,29.6308467521087,1
46025,SD,Clark,46.2793123820098,13.2639168666816,1.68770984867873,0.2787068,0.0,1.114827202,0.0,0.557880055788006,0.556328237056732,0.0,0.2787068,6.63593196868897,35.9143327841845,8.9,0.0,0,21.7827147114603,23.7334055811433,0
46027,SD,Clay,22.5547568860612,5.37951833522364,0.400537146711094,0.142989919,0.07149496,0.714949596,0.0,0.418701200669922,0.214592278003693,0.500464717,1.286909273,13.8285751342773,26.0359116022099,5.8,0.07149496,0,10.2495672244662,17.4841315637623,0
46029,SD,Codington,36.4258042787567,7.34380293325276,1.07005382096611,0.109397221,0.0364657,0.692849068,0.109397221,0.470912120553503,0.109381265938282,0.692849068,1.239835175,11.709361076355,19.8169336384439,6.7,0.255260183,0,14.878613141367,24.7878943695596,0
46031,SD,Corson,89.7875601106141,62.9352895534714,7.09529052702821,0.247586036,0.0,0.247586036,0.0,1.49211021175701,0.989853978157044,0.0,0.247586036,55.5828437805176,97.1731448763251,11.9,0.0,0,10.4444444444444,34.320987654321,1
46033,SD,Custer,35.3458479336908,7.16084087594272,1.00167638237277,0.359410567,0.0,0.958428178,0.119803522,0.909381620498061,0.2396070510149,0.718821133,1.557445789,8.30727958679199,36.6757000903342,7.9,0.119803522,1,21.4946445959104,19.8393378773126,0
46035,SD,Davison,23.7707871355069,6.23503901093196,1.62504232265381,0.153264535,0.0510882,0.817410851,0.255440891,0.81356332304787,0.202880904078484,0.715234495,0.868499029,14.4615535736084,21.9225449515906,7.2,0.102176356,0,16.924733388023,23.5079983593109,0
46037,SD,Day,48.8760299451398,19.2713703253531,2.24668366142224,0.174185682,0.0,0.348371364,0.0,1.55888116871548,0.3484927713871,0.696742728,1.219299774,15.2747974395752,30.2904564315353,9.6,0.0,0,22.9246935201401,21.8388791593695,0
46039,SD,Deuel,97.0991189997422,26.6266716266927,3.61471094597131,0.459664445,0.0,0.689496667,0.0,0.399543378995434,0.458085209131241,0.229832222,1.608825557,7.90824127197266,10.4815864022663,8.3,0.0,0,19.2254812098992,23.5563703024748,0
46041,SD,Dewey,43.7554877957393,18.9561273867655,2.68514601318767,0.370507595,0.0,0.926268989,0.0,1.08342361863489,0.370644927024841,0.185253798,0.370507595,60.4019775390625,64.261744966443,13.5,0.0,0,9.71514808526693,34.0124504810413,1
46043,SD,Douglas,93.3212501112179,33.6331055332918,3.47709658332336,0.672494956,0.0,0.336247478,0.336247478,1.0381593714927,1.00874245166779,0.0,1.681237391,5.90796041488648,22.3463687150838,9.5,0.0,0,24.2171885409727,22.8847435043304,0
46045,SD,Edmunds,63.6604181259904,17.4130718657756,3.0850272395472,0.494926998,0.0,0.989853997,0.0,0.993541977148535,0.742390513420105,0.247463499,0.989853997,4.96551132202148,21.4904679376083,8.5,0.0,0,21.6900024563989,23.9990174404323,0
46047,SD,Fall River,37.2067374191435,14.5625303136452,5.20319985575159,0.287232515,0.0,1.148930059,0.0,1.3627886960264,0.431282341480255,1.148930059,1.148930059,12.2615804672241,42.2282120395328,9.8,0.287232515,0,23.0899351564703,18.8046236255991,0
46049,SD,Faulk,99.9113386394091,43.5448905787005,4.33230227095435,0.424448217,0.0,0.424448217,0.0,0.841396718552798,0.424628436565399,0.0,2.546689304,3.04187893867493,17.3913043478261,8.7,0.0,0,23.6886632825719,23.4771573604061,0
46051,SD,Grant,18.8965955805718,5.67031742503797,1.15575951794045,0.413109336,0.0,0.68851556,0.0,0.964320154291225,0.407941251993179,0.963921785,1.101624897,9.92090892791748,23.0769230769231,9.3,0.137703112,0,18.5290918977705,23.1239804241436,0
46053,SD,Gregory,37.0789035203145,15.4699772862017,4.18764821256622,0.710900474,0.0,1.184834123,0.0,1.40679953106682,1.42180097103119,0.0,1.895734597,15.8926610946655,49.3131868131868,10.9,0.0,0,23.7180988059003,22.5708265043315,0
46055,SD,Haakon,41.3268456283347,11.0046339082823,2.83128364831614,0.521104742,0.0,3.126628452,0.0,1.03145951521403,0.521104753017426,0.521104742,1.563314226,4.68262243270874,21.7252396166134,9.4,0.0,0,21.7346411977284,22.2509034589572,0
46057,SD,Hamlin,95.6004060139998,35.9486624302961,3.74335929948705,0.336870473,0.0,0.673740947,0.168435237,0.844880027036161,0.837100267410278,0.0,0.168435237,7.48460721969605,25.4290171606864,8.0,0.0,0,17.2793494833136,30.5776723699814,0
46059,SD,Hand,34.3242216949863,13.1199476082096,1.0822313315646,0.291630213,0.0,0.291630213,0.0,0.590318772136954,0.291205585002899,0.583260426,0.874890639,4.62413454055786,21.8181818181818,10.0,0.0,0,25.2696006995045,20.83940542116,0
46061,SD,Hanson,17.8760819132283,6.96627645495788,1.80918161900299,0.296384114,0.0,0.296384114,0.296384114,0.0,0.296296298503876,0.0,0.296384114,3.2563648223877,15.5555555555556,7.0,0.296384114,0,14.0198138697088,32.4527169018313,0
46063,SD,Harding,99.9999996319857,39.821573427639,5.13307979264711,0.0,0.0,1.567398119,0.0,0.759878419452888,,0.0,0.0,3.83435583114624,18.8888888888889,7.5,0.0,0,14.5019920318725,23.2669322709163,0
46065,SD,Hughes,23.4063550398426,6.87048219910416,2.32449691912637,0.173310225,0.0577701,0.808781051,0.2310803,0.735434574976122,0.173340260982513,0.635470826,0.866551127,12.5267648696899,19.7343453510436,8.9,0.2310803,0,13.4238044883092,23.7163670544002,0
46067,SD,Hutchinson,36.6234054237689,14.5363298491054,3.51827793497758,0.690035882,0.0,0.690035882,0.138007176,1.31023607439358,0.966050207614899,0.276014353,0.828043058,7.08999824523926,24.1797432239658,8.8,0.0,0,25.0306414272096,23.7232738662672,0
46069,SD,Hyde,99.4523286686831,29.0915059987161,1.18507928170593,1.430615165,0.0,2.145922747,0.0,1.39178844815588,0.715307593345642,0.0,0.0,5.60224103927612,23.469387755102,10.2,0.0,0,22.6056338028169,22.3943661971831,0
46071,SD,Jackson,90.8798627579014,46.2897036203857,5.65384409572918,0.633512829,0.0,1.583782072,0.0,2.21978481144887,0.95117312669754,0.316756414,0.633512829,45.7057151794434,39.5136778115502,11.4,0.0,0,13.4279115803365,32.8934345100627,1
46073,SD,Jerauld,100.00000003884,42.255145123618,5.86468127945355,0.481927711,0.0,0.481927711,0.481927711,0.488519785051295,0.48192772269249,0.0,0.963855422,6.49139881134033,35.2542372881356,8.6,0.0,0,25.0603573153066,21.0043457267021,0
46075,SD,Jones,99.999999807327,27.2727272571927,0.424628498045002,0.996015936,0.0,2.988047809,0.0,1.97433366238894,0.997008979320526,0.996015936,2.988047809,9.40860176086426,35.0574712643678,8.7,0.0,0,20.5765407554672,22.3658051689861,0
46077,SD,Kingsbury,52.2430405600089,15.0316164050006,2.15914316831144,0.773544769,0.0,0.580158577,0.0,0.766283524904215,0.580270767211914,0.0,1.160317153,6.81832647323608,19.9813258636788,8.2,0.0,0,21.7560217560218,21.8725718725719,0
46079,SD,Lake,12.3829377148946,2.70964362924248,0.936715402658039,0.172950536,0.0,0.691802145,0.0,0.559284116331096,0.0865276455879211,0.43237634,1.383604289,8.91462993621826,18.475073313783,7.2,0.0,0,16.9017857142857,21.6517857142857,0
46081,SD,Lawrence,14.964423720701,4.86805746648052,2.10973338750173,0.205516051,0.0411032,0.493238522,0.12330963,0.553346722957741,0.164433121681213,0.904270624,1.191993095,12.807110786438,25.332005312085,6.8,0.164412841,0,16.57052745155,19.5875005187368,0
46083,SD,Lincoln,11.9196551370614,2.10614348781457,1.9381153741358,0.085462781,0.0,0.341851124,0.170925562,0.396858262934128,0.0854682624340057,0.363216819,0.320485429,3.63456678390503,12.5379532059296,5.5,0.128194171,1,8.99437851342911,29.666726153297,0
46085,SD,Lyman,53.9646977281949,20.9700648709214,4.94017656603825,1.049593283,0.0,1.574389924,0.0,1.3196093956189,1.04959332942963,0.262398321,0.787194962,27.1307563781738,39.9456521739131,10.2,0.0,0,14.5938748335553,29.4540612516645,0
46087,SD,McCook,80.3664881346949,25.225629350976,2.80915640110116,0.901875902,0.0,0.721500722,0.0,1.06951871657754,0.721891343593597,0.18037518,1.803751804,8.99927997589111,21.823472356935,7.9,0.360750361,1,18.9747241011036,25.8810964756141,0
46089,SD,McPherson,55.714202762658,24.5691173324286,5.40912296983623,0.815993472,0.0,1.631986944,0.0,0.820008200082001,0.81599348783493,0.0,0.815993472,7.41350889205933,42.7331887201735,9.4,0.0,0,29.808865392436,21.7974786498577,0
46091,SD,Marshall,50.4020478333424,22.6926406325352,3.18339463023285,0.653167864,0.0,0.653167864,0.0,0.428173838578463,0.648508429527283,0.0,1.088613107,7.07343435287476,31.8181818181818,9.4,0.0,0,19.0506872852234,22.2508591065292,0
46093,SD,Meade,9.83082455513804,4.0558178118802,0.814751174846035,0.196078431,0.0,0.431372549,0.078431373,0.575771533855366,0.196078434586525,0.31372549,0.745098039,9.40225505828857,28.4750337381916,7.3,0.0392157,1,11.9446410316899,25.2221435873241,0
46095,SD,Mellette,99.3591963133789,48.2622971725824,10.4798518757696,0.965250965,0.0,1.447876448,0.0,0.951927653498334,0.482625484466553,0.482625483,0.0,55.0813026428223,92.1428571428571,12.1,0.0,0,13.525390625,32.275390625,1
46097,SD,Miner,18.4031040041552,5.41584052250368,0.519330147498442,0.430107527,0.0,0.430107527,0.0,0.429922613929493,0.430107533931732,1.290322581,0.430107527,7.86916160583496,25.7294429708223,9.1,0.0,0,22.2687316868983,24.1105064880703,0
46099,SD,Minnehaha,19.9300035028994,4.82906936015129,0.908218948842605,0.12237477,0.0174821,0.518635929,0.08741055,0.872672634928615,0.110830470919609,0.734248619,0.687629659,16.3362770080566,27.3799993038393,7.0,0.12820214,1,11.1189133051668,25.1156560530602,0
46101,SD,Moody,77.53860655514,24.4538130347698,2.76978375094567,0.15417823,0.0,0.77089115,0.0,0.633467783638432,0.153869822621346,0.46253469,0.77089115,11.551155090332,28.4454244762955,8.3,0.0,0,15.1557200123343,26.1332099907493,0
46103,SD,Pennington,30.0993448740245,8.12893034294664,1.66215471267294,0.185579496,0.0195347,0.556738489,0.0586041,0.598963075124345,0.136736109852791,0.810689379,0.898595456,19.093189239502,28.5679975983188,7.5,0.136742787,1,13.4891231128898,24.6037563894282,0
46105,SD,Perkins,49.3112383650677,20.784717043407,1.91712255318091,0.332336324,0.0,1.329345297,0.0,1.31708923279552,0.664672672748566,0.332336324,1.329345297,7.47050380706787,22.9166666666667,9.6,0.0,0,23.1388329979879,21.4285714285714,0
46107,SD,Potter,100.000000137273,32.127790329818,2.14205591088829,1.265822785,0.0,1.687763713,0.0,1.69563374311149,0.843881845474243,0.421940928,0.843881857,3.99201607704163,19.5054945054945,9.5,0.421940928,0,26.9214255045084,19.5792185487334,0
46109,SD,Roberts,43.2585980851139,18.4396959065475,5.29815491687034,0.388462659,0.0,0.582693989,0.097115665,1.20515060338413,0.680272102355957,0.776925318,0.874040983,26.5349597930908,37.8156565656566,9.9,0.0,0,17.3219036358262,28.3771800177357,1
46111,SD,Sanborn,98.5771722997643,29.8089489239462,2.39237748117766,0.42462845,0.0,1.27388535,0.0,0.430292598967298,0.424628436565399,0.8492569,0.42462845,9.16738605499268,36.6161616161616,8.0,0.0,0,20.2547770700637,21.7834394904459,0
46113,SD,Shannon,47.6826839067751,37.4602932987044,12.5646547258092,0.0,0.0,0.0,0.0,0.65794153211466,,0.0,0.0,,,12.4,0.0,0,5.88105402620344,39.3198881201237,1
46115,SD,Spink,43.5972275997302,14.3153525733747,1.54762166631905,0.307929176,0.0,0.615858353,0.153964588,0.605052185751021,0.152369350194931,0.307929176,0.923787529,7.78581476211548,23.7344398340249,8.7,0.153964588,0,20.1247077162899,24.8947778643804,0
46117,SD,Stanley,18.9980399091796,7.16195307728796,0.190217264396493,0.335795836,0.0,1.007387508,0.0,0.673627484001347,0.335795849561691,0.335795836,1.678979181,6.66442632675171,29.490022172949,7.9,0.0,0,15.8125421443021,24.3088334457181,0
46119,SD,Sully,100.000000020669,23.087155852926,3.00134941892479,0.726216412,0.0,0.726216412,0.726216412,0.700770847932726,0.727802038192749,0.0,4.357298475,1.39958012104034,13.135593220339,8.2,0.0,0,19.1551347414421,22.5782957028405,0
46121,SD,Todd,22.2494476168504,13.1226009677816,13.9991494850297,0.304847068,0.0,0.609694137,0.0,1.30758398712533,0.508078455924988,0.101615689,0.0,79.4123611450195,98.32995951417,12.0,0.0,0,6.16937161880982,40.1269246774865,1
46123,SD,Tripp,26.7608346373978,10.4663894118138,1.0914154489559,0.532765051,0.0,0.887941751,0.17758835,1.91431175934366,0.532765030860901,0.710353401,1.065530101,20.5576705932617,36.3443145589798,9.3,0.3551767,0,21.0311835577605,23.4408221119773,0
46125,SD,Turner,24.5230517890346,8.90175571162509,2.78059200619726,0.3591524,0.0,0.838022267,0.0,0.601829561868079,0.4788698554039,0.239434934,1.436609601,9.81160163879395,21.2780898876405,8.7,0.0,1,18.9648975679885,23.769018809153,0
46127,SD,Union,20.1491943076907,3.39218448153446,1.76398357951468,0.20486206,0.0,0.956022945,0.0,0.47683159430046,0.273242712020874,0.409724119,0.819448238,8.12445068359375,14.2652329749104,7.1,0.136574706,1,14.0426418501285,26.1615389957636,0
46129,SD,Walworth,28.6912157109632,9.56522798843825,0.581372991788717,0.539374326,0.0,0.719165768,0.359582884,1.46546986627587,1.07933080196381,1.078748652,1.258540093,16.8135356903076,30.4195804195804,10.4,0.179791442,0,23.9610150790732,22.1404928282457,0
46135,SD,Yankton,28.6689309676182,11.0874458392815,3.97392773782798,0.0444464,0.0444464,0.711142717,0.0444464,0.453479626598239,0.133351117372513,0.755589137,0.844481977,14.094331741333,26.2757527733756,8.0,0.222232099,0,16.3338978518585,22.1677511364649,0
46137,SD,Ziebach,66.5384724471967,45.8724396737019,8.33846934341408,0.352236703,0.0,0.0,0.0,0.551876379690949,0.352236717939377,0.0,0.352236703,60.119255065918,96.8911917098446,12.2,0.352236703,0,6.96179935737237,39.0931810067833,1
47001,TN,Anderson,18.6570355553075,4.85836056336879,2.24762757490639,0.18623708,0.0266053,0.505500645,0.079815891,0.92155510766946,0.172941327095032,0.798158913,0.412382105,26.5927257537842,41.6006898173552,13.1,0.066513243,1,17.3887580029017,21.914307391287,0
47003,TN,Bedford,13.467356453768,6.1665826449779,2.74426738045236,0.198996175,0.0221107,0.663320583,0.0221107,0.859426999904914,0.132625997066498,0.50854578,0.50854578,36.0383262634277,52.4462331782166,11.3,0.0442214,0,12.9477562253096,26.7854764969595,0
47005,TN,Benton,13.4715861710734,6.2572811154617,4.66957400006701,0.303250849,0.0606502,0.849102377,0.0,1.16129820915592,0.242600679397583,0.424551189,0.788452208,27.5831604003906,60.0173085244483,13.5,0.0606502,0,19.8981138941112,20.5045788101158,0
47007,TN,Bledsoe,4.65123179704457,2.69200155173543,2.85625666424618,0.154966682,0.0,0.309933364,0.0,1.46575984990619,0.077465333044529,0.077483341,0.154966682,36.0412940979004,62.6329113924051,11.6,0.0,0,15.354147250699,21.4973594283939,0
47009,TN,Blount,32.9101856143738,9.56241659327087,2.54507491661991,0.137481501,0.0161743,0.533751708,0.05661,0.696586324359584,0.097041055560112,0.509490267,0.590361738,21.6155242919922,36.292189266297,11.2,0.05661,1,16.0718640760914,22.2551012112836,0
47011,TN,Bradley,28.0012974017569,11.4525027166622,1.83435704568079,0.170275847,0.0200325,0.661070935,0.0300487,1.01515481110869,0.110164143145084,0.681103387,0.510827541,25.5951023101807,46.9178521081635,12.0,0.0600974,1,14.1456908137385,22.9742428988612,0
47013,TN,Campbell,15.6487864625787,7.34488950951037,4.75888557440796,0.197204624,0.0246506,0.468360983,0.0246506,0.975177304964539,0.197204619646072,0.591613873,0.369758671,40.9687576293945,64.200942936108,13.2,0.098602312,1,17.2192749778957,21.9790745652815,1
47015,TN,Cannon,2.20367112161217,0.918084910850301,2.84466568178306,0.145740727,0.0,0.291481454,0.0,0.627519127265706,0.14573010802269,0.291481454,0.510092545,30.5066528320313,51.6129032258065,10.5,0.0,1,16.056807477719,22.4693862763568,0
47017,TN,Carroll,7.69441250946897,2.79960011468659,2.8074436375732,0.245355766,0.0350508,0.701016474,0.0,0.977456851003875,0.280347645282745,0.490711532,0.490711532,31.8127880096436,50.6069485140226,12.7,0.0350508,0,17.8914522123273,21.9234275296263,0
47019,TN,Carter,33.0247146114231,15.1672112247171,3.59968678782701,0.139487036,0.0174359,0.366153471,0.0348718,1.02577514311452,0.17431016266346,0.523076387,0.38358935,26.6648044586182,51.4765347383899,12.8,0.0174359,1,17.0973808860407,20.0821955976595,0
47021,TN,Cheatham,0.800193827860128,0.407881772204347,1.97856197759705,0.128300531,0.0256601,0.436221806,0.0,0.513525672039588,0.153932988643646,0.461881912,0.436221806,23.6359004974365,39.0755685986794,10.0,0.0256601,1,10.8681754251375,24.937987469633,0
47023,TN,Chester,13.3308802758615,5.51123867755236,2.68005907010931,0.291953755,0.0,0.467126007,0.0,0.834740745054646,0.291919678449631,0.583907509,0.64229826,26.7857151031494,45.1706608569354,13.3,0.0583908,1,14.593427120425,23.2911096841982,0
47025,TN,Claiborne,18.9237545395615,8.87246011734809,5.33428897050321,0.186991617,0.0,0.280487425,0.0311653,1.05295773464415,0.342807292938232,0.436313772,0.124661078,32.4187812805176,57.7623235835549,11.4,0.0623305,0,15.9624996119579,21.0318815385093,1
47027,TN,Clay,0.0192276834910827,0.00616737016207874,3.31934449635024,0.257499678,0.0,0.643749195,0.0,1.6687925170068,0.386348992586136,0.386249517,0.386249517,33.4541206359863,43.9201451905626,11.8,0.0,0,20.0865029894415,20.8752067167027,0
47029,TN,Cocke,17.9826283688245,9.71946631347631,4.02826291398197,0.169486738,0.0282478,0.875681478,0.0564956,1.51340511465332,0.169477164745331,0.508460213,0.819185899,41.5456199645996,65.5111111111111,13.2,0.0282478,0,16.7264875778139,21.4542089619203,1
47031,TN,Coffee,15.3143854187973,5.86100580187454,2.86902400879904,0.189003761,0.0378008,0.831616549,0.0378008,1.09134067365626,0.207876637578011,0.699313916,0.92611843,28.120138168335,45.7909446618222,13.1,0.0567011,0,15.762557769528,24.3579059019623,0
47033,TN,Crockett,0.753138372769718,0.383511235638643,2.71099811107353,0.274763017,0.0,0.755598296,0.0,1.14545578882582,0.206086412072182,0.343453771,0.068690754,30.1163578033447,56.9197239375227,12.9,0.0,1,16.4198546551488,24.4823803647333,0
47035,TN,Cumberland,14.4205348079114,5.12425610411277,2.65521981712268,0.159230034,0.0176922,0.831534624,0.0,1.15584468720592,0.141520276665688,0.530766781,0.743073494,25.505033493042,53.0356443399922,11.5,0.0353845,0,25.9629279431966,19.0516118673398,0
47037,TN,Davidson,24.5708497515414,8.22742293519885,1.54343288359203,0.204530508,0.0157331,0.459406987,0.0487727,0.970622941716349,0.154129981994629,0.903080859,0.887347743,27.8361721038818,58.5532734437363,9.4,0.086532138,1,10.4364102310426,21.7640234824416,0
47039,TN,Decatur,6.37106215142162,2.70593201178207,5.79679922439602,0.428045544,0.0,1.112918415,0.0,0.849538821782461,0.427935630083084,0.342436435,0.941700197,28.9621486663818,50.2645502645503,12.4,0.085609109,0,20.6515267500213,21.4765671514842,0
47041,TN,DeKalb,2.31114840577186,1.01915695710116,3.92546144311527,0.21324235,0.0533106,0.586416462,0.106621175,1.08018976068286,0.266425102949142,0.373174112,0.799658812,33.2290496826172,56.9062603511096,11.7,0.0,0,15.7880681514715,22.9183357367943,0
47043,TN,Dickson,12.1033656458108,5.04422320651691,3.19422496278627,0.180274017,0.0200304,0.781187405,0.0,0.924621054233408,0.140221551060677,0.640974281,0.721096066,26.7967014312744,43.1699810606061,10.7,0.120182678,1,13.2585672290903,25.0412757218218,0
47045,TN,Dyer,29.4203218111079,14.1819633922378,5.80422215371334,0.209918657,0.0262398,0.682235634,0.0,1.1501764475232,0.104959331452847,0.577276305,0.498556809,33.6318969726563,57.1629016416444,12.7,0.13119916,0,14.3915481935568,24.9171775140211,0
47047,TN,Fayette,11.6336051328614,4.12653710161417,3.39102909830466,0.129647876,0.0259296,0.49266193,0.0259296,0.870862326150875,0.129641160368919,0.285225328,0.414873204,25.6781558990479,71.121029141507,11.5,0.077788726,1,14.8751724676542,23.1119673027361,0
47049,TN,Fentress,0.272866387232195,0.15242074205395,2.96271966428541,0.277885844,0.0555772,0.444617351,0.0,1.22166480862133,0.333444476127625,0.389040182,0.389040182,39.7681732177734,63.8344914718888,12.6,0.0555772,0,16.9664235202405,23.1304638342892,1
47051,TN,Franklin,18.6767706371759,7.61862458513213,3.06343220847795,0.244989955,0.024499,0.710470871,0.0,0.979021550737434,0.171488761901855,0.367484933,0.514478906,19.8551216125488,47.939095662873,11.8,0.073496987,0,17.3170612881224,21.8235408749878,0
47053,TN,Gibson,13.6090147132219,6.2525031802557,3.5176533518876,0.321098156,0.0401373,0.662264946,0.0,0.987385644621771,0.301035553216934,0.581990407,0.581990407,29.0915203094482,48.3919706453702,13.0,0.100343174,0,16.4784735221303,24.9562224503351,0
47055,TN,Giles,15.5263202606859,5.80014677901882,2.87039382522466,0.204596604,0.0340994,0.886585283,0.0340994,1.07778389286369,0.204624518752098,0.681988679,0.545590943,26.4852085113525,48.4079482882452,12.2,0.068198868,0,16.6525351873834,22.075631677124,0
47057,TN,Grainger,0.0,0.0,5.43625863080232,0.175824176,0.0,0.483516484,0.043956,1.14874188907484,0.26373627781868,0.263736264,0.175824176,28.4058361053467,55.3502482073911,12.3,0.0,1,15.9994703623604,22.2800900383987,0
47059,TN,Greene,8.1924621975977,3.61801019825208,2.24553593509628,0.159212621,0.0144739,0.665798234,0.0289477,1.10797890117555,0.173668906092644,0.636850485,0.62237661,24.0166244506836,47.2031687759637,11.0,0.0289477,0,17.4427220293182,21.1866746088245,0
47061,TN,Grundy,6.71540899526727,4.70097521868268,4.68189669700553,0.367998822,0.0,0.956796938,0.0,1.64224664224664,0.515198349952698,0.441598587,0.367998822,46.121208190918,70.8527789563004,11.3,0.073599764,0,17.5217105743268,23.1190250310151,1
47063,TN,Hamblen,33.2589328449805,10.9401122537952,1.55010953556317,0.19107976,0.0159233,0.66877916,0.0318466,1.0717814681414,0.143245950341225,0.875782233,0.52546934,28.1349544525147,49.919727072045,12.4,0.0159233,1,15.8576362240982,23.5674085443848,0
47065,TN,Hamilton,37.8876193890086,12.3154931496799,3.5326626421147,0.187664023,0.023458,0.545398566,0.0527805,1.01819830509292,0.18176594376564,0.879675107,0.82396235,23.0527286529541,48.0898823639907,11.3,0.099696512,1,14.6866074427203,21.5806790048237,0
47067,TN,Hancock,1.39633255997956,0.756261867072132,7.16580490010789,0.149276011,0.0,0.895656068,0.0,1.41369047619048,0.2985520362854,0.298552023,0.298552023,47.2597579956055,73.2142857142857,11.9,0.0,0,16.9966270714181,21.9387006892506,1
47069,TN,Hardeman,29.5779468487095,9.5263150035701,6.68811335575565,0.223480334,0.0372467,0.782181168,0.0,0.95792660711818,0.260717332363129,0.297973778,0.409713945,32.9804878234863,71.4732787674531,12.3,0.0,0,13.9837816020255,21.1976663119657,0
47071,TN,Hardin,11.8075673145898,5.76360610766599,3.23977672051988,0.309250454,0.0386563,0.734469829,0.0,1.29094412331407,0.309250444173813,0.463875681,1.275658124,33.7371139526367,58.6466165413534,11.7,0.193281534,0,18.4776761699839,21.6898486129255,0
47073,TN,Hawkins,23.3653832218195,7.74050487060764,3.63872577166004,0.141522785,0.0176903,0.459949052,0.0176903,0.88506783065604,0.141512766480446,0.566091141,0.406878007,27.3385562896729,51.1704545454546,13.7,0.0353807,1,16.4816215930885,22.3285767071948,0
47075,TN,Haywood,16.1893426549209,7.94389379431522,3.65360791684165,0.215807931,0.053952,0.701375776,0.053952,1.3843201754386,0.161838486790657,0.59347181,0.539519827,42.7079925537109,66.7712492869367,13.2,0.053952,0,13.7488688987066,25.6028104540374,0
47077,TN,Henderson,13.6778018093689,5.48979365505207,2.20553208357264,0.142801042,0.0357003,0.749705473,0.0357003,0.939704290523261,0.178501307964325,0.642604691,0.464103388,30.062349319458,49.5035460992908,10.9,0.107100782,0,14.8078792898556,24.332889192985,0
47079,TN,Henry,20.2333124045427,8.24472506763341,3.87516421427242,0.215982721,0.0308547,0.678802839,0.0,0.925038392958371,0.216016054153442,0.771366862,0.863930886,31.571741104126,54.9330085261876,11.7,0.0308547,0,19.6845035570677,21.7383235385091,0
47081,TN,Hickman,9.23046093829077,3.35931459798233,3.57553667705993,0.082101806,0.0,0.492610837,0.0,0.768859467659633,0.164203613996506,0.205254516,0.492610837,34.0898132324219,55.774720996626,10.9,0.0,1,13.9327663021466,22.5273390036452,0
47083,TN,Houston,3.51061128430635,1.90173393666317,6.58352570672544,0.239721923,0.0,0.599304806,0.0,1.0202464439954,0.359410554170609,0.599304806,0.839026729,23.8194446563721,49.291975724882,12.1,0.0,0,17.8376453833373,23.6411108473772,0
47085,TN,Humphreys,9.05565092979399,4.35784381690607,3.38523272875494,0.21740312,0.0543508,0.706560139,0.0543508,0.79343365253078,0.271753907203674,0.652209359,1.195717159,24.9717426300049,41.2713178294574,12.5,0.0,0,17.2888121695976,23.1578379544719,0
47087,TN,Jackson,0.0137801310276377,0.00608809276651684,5.68803814002222,0.173430454,0.0,0.520291363,0.0,0.983305655100079,0.17343045771122,0.260145682,0.433576136,32.4186477661133,61.9017632241814,13.5,0.0,0,17.6576731397147,20.3729163086441,0
47089,TN,Jefferson,5.14783116143774,2.51716882964034,3.1461176376839,0.077084658,0.0192712,0.481779114,0.0,0.656243413615374,0.0963335484266281,0.539592608,0.462507949,26.4258766174316,48.7769784172662,11.4,0.0,1,16.2117999494232,22.0962125780536,0
47091,TN,Johnson,10.7682482731702,5.04037747295518,3.10018065569878,0.274619652,0.0,0.494315373,0.0,1.17435755733628,0.274649828672409,0.494315373,0.274619652,30.901611328125,58.6236559139785,11.5,0.0549239,0,17.6934882701162,18.4279763209822,1
47093,TN,Knox,38.4893879406251,11.2558065133017,2.22167835455203,0.158020213,0.0183212,0.510703007,0.0526734,0.801400070849507,0.109904199838638,0.79468136,0.769489732,20.4499988555908,37.6977152899824,11.2,0.096186217,1,13.0697829376299,21.8612485135091,0
47095,TN,Lake,0.187705579137457,0.0863601408593939,5.7904339809796,0.128320287,0.0,0.384960862,0.0,1.1703511053316,0.25660765171051,0.256640575,0.51328115,36.2262535095215,66.2564102564103,11.1,0.0,0,13.7129724208376,16.7134831460674,1
47097,TN,Lauderdale,8.6237025251203,5.28932868838407,4.12380884048906,0.180622787,0.0361246,0.939238494,0.0,1.13043269115136,0.180583640933037,0.397370132,0.325121017,38.7161865234375,69.1766211604096,10.2,0.0,0,12.3099047276649,24.2566960273234,0
47099,TN,Lawrence,6.68135876702592,2.74055976481894,3.79820045427326,0.142639787,0.0237733,0.927158615,0.0475466,1.13458157106876,0.19017282128334,0.641879041,0.404146063,26.3331985473633,49.1046048891416,12.6,0.0237733,0,16.0930521388139,25.147483818577,0
47101,TN,Lewis,3.47584955926787,1.51578680836329,2.47378413099253,0.247015233,0.082338411,0.741045698,0.0,1.23290741986102,0.246994897723198,0.576368876,0.411692054,32.2558135986328,56.0060821084643,11.7,0.0,0,16.2075487213223,23.8302771153688,0
47103,TN,Lincoln,15.2398117672805,6.1243548035234,3.69442266778779,0.149826202,0.0299652,0.749131008,0.0,0.865594125899173,0.11983223259449,0.539374326,0.629270047,26.1726360321045,40.7772511848341,10.7,0.0599305,0,16.6361919606726,23.3386289379815,0
47105,TN,Loudon,28.1633366551536,9.52957892418958,2.81303318676555,0.183295656,0.0203662,0.692450256,0.0203662,0.743076336031169,0.162873074412346,0.631351704,0.529520784,18.8397922515869,46.8159270679716,12.0,0.122197104,1,21.4885904934509,20.3229261059395,0
47107,TN,McMinn,15.4201337020342,5.86989910499403,3.38593343390175,0.095587673,0.0191175,0.95587673,0.0382351,1.02862993487993,0.0955675765872002,0.688231246,0.4970559,27.2112407684326,50.7455389880225,12.1,0.0191175,0,16.8618222171201,22.567252133318,0
47109,TN,McNairy,10.6275412093132,4.99039724660974,5.49123226800191,0.115154307,0.0383848,0.72931061,0.076769538,1.25732111026229,0.153521403670311,0.499001996,0.499001996,36.6545448303223,51.8870006621055,14.1,0.076769538,0,17.2847555129434,23.4630872483221,0
47111,TN,Macon,0.823127336161552,0.367150902805039,2.57967943582333,0.267427349,0.0445712,0.401141023,0.0,0.644501733487421,0.178173720836639,0.356569799,0.445712248,35.8949241638184,51.3605442176871,12.2,0.0,1,14.086659475009,25.0224739302409,0
47113,TN,Madison,23.1471757495977,8.81209016406371,2.62412317290481,0.18361726,0.0306029,0.714067122,0.0510048,1.0212252675965,0.1631820499897,0.775272876,0.836478629,27.838695526123,65.1909326030732,11.2,0.112210548,1,13.1564490202861,24.0441939487659,0
47115,TN,Marion,7.49138758070709,3.40922363716614,3.68991437787866,0.142384224,0.0355961,0.605132951,0.0355961,1.72316284330706,0.284738034009933,0.498344783,0.747517175,32.8678436279297,54.0701381509033,11.9,0.0355961,1,15.9117469986188,21.804724297907,0
47117,TN,Marshall,6.24256040041728,2.97007146165213,1.52654372977023,0.194552529,0.0324254,0.972762646,0.0324254,0.866172327817894,0.194539919495583,0.616083009,0.42153048,26.4380836486816,44.3007124109486,12.0,0.064850843,0,13.1234281608257,24.659502890551,0
47119,TN,Maury,16.2003479181411,4.85936014879557,1.51835519216172,0.184116853,0.0122745,0.66282067,0.0122745,0.977761515631988,0.171810761094093,0.85921198,0.699644041,26.2347373962402,43.1827883548194,11.6,0.0613723,1,12.9440683828252,24.2810909629922,0
47121,TN,Meigs,0.809052562060521,0.256096069077348,5.41189348441598,0.257113473,0.0,0.9427494,0.0,1.08992990254744,0.171408981084824,0.342817964,0.428522455,35.2429504394531,62.5068418171866,11.4,0.0,0,16.0384582659746,21.4923849229984,0
47123,TN,Monroe,5.08379020445576,2.22219129510021,3.16256350739212,0.200391877,0.0222658,0.734770217,0.0222658,1.16322867968006,0.222583308815956,0.556644104,0.467581047,29.2762813568115,62.2040703308874,11.4,0.066797292,0,16.4379253801748,22.8621487454795,0
47125,TN,Montgomery,36.0376815608222,12.5690404683453,2.14618320665147,0.096330925,0.0226661,0.3399915,0.0283326,0.524481210833315,0.0736531391739845,0.6573169,0.628984275,18.6845798492432,35.2384150436535,11.7,0.0566653,1,8.00262285949713,27.9775548218254,0
47127,TN,Moore,32.7983249071022,12.9865489148946,3.30329230155661,0.0,0.0,0.313823945,0.0,0.788767944470737,0.156985864043236,0.313823945,0.784559862,16.3497085571289,41.5557830092119,11.9,0.0,0,18.3590066016976,22.1785602011946,0
47129,TN,Morgan,20.2018467314423,9.10206002050107,4.54403513597148,0.227303723,0.0,0.363685957,0.0,1.01834541668567,0.272776871919632,0.136382234,0.272764468,30.4905910491943,51.011168125566,11.5,0.0,1,13.7126483831355,21.0260608541411,0
47131,TN,Obion,10.7414241160708,4.3567357773769,3.62496734507364,0.094732853,0.0315776,0.505241885,0.0,0.837587747287811,0.15789806842804,0.694707591,0.631552356,27.0368824005127,48.7207207207207,13.4,0.063155236,0,16.7541736095828,22.853459930204,0
47133,TN,Overton,1.58549354405967,0.712284336047987,3.27181287027408,0.315870222,0.0,0.496367492,0.0,1.0515247108307,0.27080699801445,0.36099454,0.496367492,26.2989692687988,52.5932155873283,11.1,0.090248635,0,16.804781958973,23.226010958656,0
47135,TN,Perry,6.9430310649707,3.72636825435488,3.83598961690187,0.508841114,0.0,1.017682229,0.127210279,1.04961832061069,0.381630837917328,0.381630836,0.381630836,34.7753143310547,56.6275167785235,11.5,0.0,0,18.7365761212887,22.564750473784,0
47137,TN,Pickett,0.765776340085972,0.337520759796045,4.22854599780295,0.196232339,0.0,0.981161695,0.0,1.51960784313726,0.5880047082901,1.177394035,0.588697017,23.7078952789307,50.9668508287293,13.1,0.0,0,22.4542052393146,19.1845578097302,0
47139,TN,Polk,0.252120608604219,0.0937268813599156,5.53478130447158,0.179157958,0.0,0.71663183,0.0,1.26852850693196,0.238905817270279,0.358315915,0.298596596,29.274263381958,55.1425478166727,12.0,0.0,1,17.0698365527489,22.1396731054978,0
47141,TN,Putnam,21.079558023511,9.53695424315818,2.52859906096384,0.219130054,0.0410869,0.725868303,0.0273913,1.12887881394894,0.16428904235363,0.643694533,0.780650816,27.116907119751,47.8411684162483,11.3,0.068478142,0,14.6084816305084,21.5248682955158,0
47143,TN,Rhea,8.22489051067148,4.52982113168003,3.09765338195349,0.249493217,0.0311867,0.623733042,0.0311867,1.20424638984505,0.187055736780167,0.59254639,0.59254639,34.3948478698731,58.740157480315,11.5,0.0623733,0,15.7062466597504,23.4399069445754,0
47145,TN,Roane,25.5620164704365,8.97451076735719,2.86222544451266,0.12983159,0.0185474,0.51932636,0.0185474,0.838492085756856,0.129807516932488,0.556421099,0.48223162,24.1653900146484,44.3601895734597,12.6,0.07418948,1,18.5581661468042,20.8283346560602,0
47147,TN,Robertson,7.60769667370626,1.88578664531503,2.25939221029878,0.1499138,0.0299828,0.554681058,0.0149914,0.709686094634773,0.149920538067818,0.524698298,0.374784499,24.3575916290283,39.0060240963855,11.9,0.0449741,1,11.7737579771585,25.710966612857,0
47149,TN,Rutherford,23.6021853666303,6.24806304984479,0.897518856939554,0.12641003,0.0148718,0.375512147,0.0334615,0.711412477136423,0.111517533659935,0.63576809,0.646921916,19.5918025970459,34.2008805604355,9.3,0.0557691,1,8.21236538666586,26.1663950282555,0
47151,TN,Scott,5.91266851571194,3.04488208779251,5.13776899570527,0.180979097,0.0452448,0.407202968,0.0,1.21018054991807,0.31671342253685,0.723916388,0.180979097,45.2693939208984,66.8387702417273,11.8,0.0,0,13.7349289184812,25.3284146122008,1
47153,TN,Sequatchie,0.950146666636515,0.481401838352596,3.6903346459445,0.0,0.070180364,0.701803635,0.0,1.30000693337031,0.0701655894517899,0.491262545,0.491262545,34.651050567627,56.6285472257518,10.7,0.070180364,1,15.5895691609977,23.5544217687075,0
47155,TN,Sevier,12.8005469233211,4.84910278726582,2.47052891574062,0.24147431,0.0109761,0.834183981,0.15366547,1.03950478496483,0.120745107531548,0.921992822,1.558606913,23.6110057830811,46.3274123859818,12.0,0.0548805,0,15.4824283282715,22.1295152910812,0
47157,TN,Shelby,27.3917539685921,8.80837717374047,1.893237123115,0.199299665,0.0150011,0.467175559,0.0492892,1.04090930350226,0.112485095858574,0.726479425,0.577540428,39.66796875,58.4499185157327,11.9,0.07179074,1,10.2651448184864,26.3831814791019,0
47159,TN,Smith,2.07258939518934,0.794722034879349,3.03770134552808,0.156813549,0.0,0.574983012,0.0,0.641294105329285,0.209084734320641,0.418169463,0.418169463,26.6101303100586,47.030737093405,11.8,0.0522712,1,13.5813419597203,24.2251904414067,0
47161,TN,Stewart,14.4775372914584,5.213267206623,7.00427628129783,0.226791654,0.0,0.680374962,0.0,0.965129979193302,0.226757362484932,0.604777744,0.529180526,22.1930160522461,45.1896392229417,11.5,0.0,0,16.6841789252477,22.8610027018913,0
47163,TN,Sullivan,37.3579109513663,13.9829959875937,3.05022963331989,0.146607939,0.025497,0.452572332,0.0191228,0.828092644326237,0.133855149149895,0.892396147,0.624677303,23.5572471618652,41.7522464698331,12.9,0.133859422,1,18.6292826945027,20.5920049992667,0
47165,TN,Sumner,28.2042443872121,6.3505984491996,1.34818437015361,0.146713615,0.0122261,0.476819249,0.0366784,0.734395598442118,0.128337547183037,0.562402191,0.550176056,19.420467376709,31.3039739133551,11.6,0.085582942,1,12.6129042298235,25.291792461639,0
47167,TN,Tipton,22.5138235124926,7.97857325590508,2.14865645011111,0.1632893,0.0163289,0.473538969,0.0,0.846770926181023,0.114276386797428,0.359236459,0.408223249,30.1514148712158,44.3511890068296,11.1,0.0326579,1,11.0672713282363,27.227779505902,0
47169,TN,Trousdale,0.0,0.0,2.78733028922807,0.256081946,0.0,1.152368758,0.0,1.00491768227496,0.256081938743591,0.384122919,0.512163892,28.6267719268799,46.7130703789637,11.9,0.0,1,13.5324015247776,24.5870393900889,0
47171,TN,Unicoi,7.38177427089707,2.96197663840268,3.30259645840773,0.164041995,0.0546807,0.437445319,0.0,0.854583676080797,0.273224055767059,0.546806649,0.710848644,26.2202587127686,51.8353726362625,13.9,0.0546807,1,19.6636269316879,20.1550810899361,0
47173,TN,Union,0.100780483726131,0.0486451246807805,3.75855567648566,0.156323277,0.0,0.625293106,0.0,1.00643070005751,0.156339570879936,0.208431035,0.156323277,35.7317352294922,62.8780325689598,11.0,0.0,1,13.7736145271861,23.8788005651787,0
47175,TN,Van Buren,1.76663526013489,0.978706632371712,2.5233523289921,0.0,0.0,0.54200542,0.0,1.02167732764748,0.361336946487427,0.0,0.0,26.4754638671875,51.0855683269476,11.9,0.0,0,16.9790915645278,20.8543619322278,0
47177,TN,Warren,5.88177038364198,2.39563114050097,2.08654709439863,0.225637426,0.0250708,0.601699802,0.0250708,1.11908766116954,0.175425410270691,0.576628977,0.476345677,29.9619102478027,56.2254457540042,10.5,0.0250708,0,15.1233715705716,24.3454905996637,0
47179,TN,Washington,19.7294024461945,6.36610418041248,2.11541976995906,0.177622762,0.032295,0.460204428,0.0484426,0.839368794666411,0.169543519616127,0.847744998,0.847744998,21.1233558654785,39.0062855432505,11.4,0.072663857,1,15.2554501174997,20.1879995771636,0
47181,TN,Wayne,24.5453843117474,8.74141807681194,4.41736689879839,0.295124543,0.0,0.708298902,0.0,1.0051384639523,0.413174360990524,0.177074726,0.354149451,23.2691020965576,54.9373040752351,10.6,0.0,0,15.8510075788732,19.5875682979848,0
47183,TN,Weakley,8.00461241873405,4.47829864341081,3.6293186984113,0.229522307,0.0286903,0.459044613,0.0286903,0.864637522873375,0.22952888906002,0.573805767,0.631186343,28.2577857971191,47.5806451612903,10.8,0.0,0,15.2651266383027,20.0736700836641,0
47185,TN,White,11.2344971852916,5.85740354608022,5.64688092457032,0.153792918,0.0384482,0.845861048,0.076896459,1.26524039567518,0.230671644210815,0.576723442,0.422930524,31.1495056152344,51.3278609367455,11.2,0.0384482,0,17.5457606129794,22.4643009171472,0
47187,TN,Williamson,25.7988975952373,2.8098204440119,0.904405544729856,0.175163884,0.015924,0.3025558,0.069003954,0.502822545111476,0.106130070984364,0.790891478,0.870511425,5.44051551818848,11.1289414414414,8.6,0.159239895,1,9.72093327947069,29.2763481128058,0
47189,TN,Wilson,22.1922566184151,4.47072712826689,1.65083982485495,0.145602796,0.0171297,0.393984035,0.0256946,0.77756575684468,0.119866095483303,0.702319367,0.616670664,16.5887889862061,29.6503716110123,10.4,0.068518963,1,12.165659294869,25.0550472397428,0
48001,TX,Anderson,41.2707618430507,10.4663467992593,3.71873937311443,0.068517789,0.0171294,0.513883417,0.0171294,0.557083118519792,0.0856252387166023,0.30833005,0.376847839,14.9318237304688,52.1058127392969,10.6,0.0513883,0,12.5526018680078,19.6294775736426,0
48003,TX,Andrews,33.9224331303299,13.7827127828327,2.33676483047635,0.064994151,0.0,0.389964903,0.0,0.620462865297512,0.0649856999516487,0.584947355,0.519953204,12.1797256469727,20.0307692307692,9.1,0.0,0,11.2471256594075,29.1627214933045,0
48005,TX,Angelina,32.138258757742,13.2309654328628,3.48021896562097,0.103114044,0.0229142,0.481198873,0.080199812,0.615508141450811,0.0916432812809944,0.698884077,0.504113105,22.89723777771,58.7652482675677,9.3,0.068742696,0,13.6485692224361,26.7439582348941,0
48007,TX,Aransas,38.2827164587082,16.7802938826137,5.58198515873734,0.086102979,0.0430515,0.688823833,0.172205958,1.00064377081759,0.0861549079418182,0.516617875,1.248493198,19.5777568817139,58.2605884254769,10.9,0.129154469,1,24.1903445893428,19.5310475861473,0
48009,TX,Archer,23.5997596009093,5.68257665780099,2.2536234027909,0.0,0.0,0.679194023,0.113199004,0.801373783629079,0.226398006081581,0.339597012,0.226398008,8.47714233398438,27.1948608137045,10.2,0.0,1,15.9818864590236,24.1329798983875,0
48011,TX,Armstrong,99.7479207981141,29.3961939202416,4.28829744914406,0.516262261,0.0,0.516262261,0.0,0.51440329218107,0.516528904438019,0.516262261,0.0,5.2429666519165,26.647564469914,10.4,0.0,1,20.7259337190952,22.2514466070489,0
48013,TX,Atascosa,16.7793134878043,5.91552080343462,3.45285882343196,0.153903656,0.0219862,0.593628389,0.0,0.918629519585469,0.109916679561138,0.527669679,0.549655915,24.7854499816895,60.2818937477412,8.9,0.06595871,1,12.7162610496315,28.6388635300929,0
48015,TX,Austin,14.0636620938488,3.66059882070602,3.32292104637019,0.140007,0.0350018,0.490024501,0.0700035,0.803689985323922,0.139865025877953,0.490024501,0.455022751,14.4363393783569,42.5291754352401,9.8,0.0700035,1,15.5681458282014,25.0870957525425,0
48017,TX,Bailey,9.32172208213347,4.0514524110569,0.982222543904048,0.279368627,0.0,0.698421567,0.0,0.993454885460496,0.278745651245117,0.41905294,0.698421567,19.7809677124023,74.9001331557923,9.4,0.139684313,0,14.0823447313329,30.9281228192603,0
48019,TX,Bandera,12.576670537107,4.72435129499107,2.63944413065841,0.146070698,0.0,0.632973026,0.0486902,0.685754167275324,0.0486807525157929,0.438212095,0.681663258,13.0007286071777,41.2698412698413,9.4,0.097380465,1,20.0829875518672,19.6387600683427,0
48021,TX,Bastrop,41.6533781544376,18.2399613417578,3.81472855579325,0.119856173,0.0133174,0.492742043,0.0133174,0.747918979530873,0.0665415674448013,0.5326941,0.466107338,18.3692302703857,57.5286662643331,10.3,0.0532694,1,11.4613528198352,26.2258834315298,0
48023,TX,Baylor,12.2288572366172,4.18567298323256,1.22033625914325,0.270635995,0.0,1.353179973,0.0,1.10405741098537,0.27063599228859,0.811907984,1.082543978,19.1504173278809,43.6960276338515,10.8,0.0,0,25.0939345142244,20.6119162640902,0
48025,TX,Bee,31.9716940166379,11.9968604122206,2.02288934989781,0.0309483,0.0309483,0.526120327,0.0309483,0.709666840880909,0.0928476378321648,0.402327309,0.495172072,15.6920404434204,60.4410101771579,8.1,0.092844764,0,10.7843444964063,21.9359091051756,1
48027,TX,Bell,38.2513696730769,13.1958251209189,1.81543849184857,0.079161772,0.0189988,0.547799461,0.0474971,0.782934049866321,0.0475014261901379,0.652293,0.500302398,17.6262378692627,42.9932040279776,10.9,0.069662359,1,8.70404693216433,28.4033071703709,0
48029,TX,Bexar,31.3684442314362,11.6020349717358,2.6824752189689,0.087173328,0.0136742,0.403390302,0.0450111,0.651937088490963,0.0558296404778957,0.711060871,0.662061484,21.0755634307861,38.2284081038924,8.1,0.068371238,1,10.2569261354127,27.1339705022181,0
48031,TX,Blanco,9.9828243173663,1.91610397181925,1.88890577345321,0.283848992,0.0,0.851546977,0.0,0.735179102142969,0.18908953666687,0.851546977,1.040779639,9.43722152709961,38.9982110912343,8.7,0.0,0,18.2052014861389,21.8538630084786,0
48033,TX,Borden,100.000000010951,27.8368793819167,1.63934430633503,0.0,0.0,1.582278481,0.0,0.0,,0.0,0.0,6.78610229492188,0.0,9.5,0.0,0,20.7488299531981,21.5288611544462,0
48035,TX,Bosque,23.2500530155827,7.64823232440687,1.95864300072582,0.273822563,0.0,0.547645126,0.0547645,1.38850574712644,0.219022065401077,0.328587076,0.438116101,14.5855178833008,52.9881656804734,9.9,0.0547645,0,21.1069624423457,22.9024818800791,0
48037,TX,Bowie,29.4276164925142,9.45990937676965,3.28753096585569,0.129161419,0.0322904,0.505882226,0.0538173,0.704971300153161,0.118378855288029,0.914893388,0.52740913,21.9730644226074,48.7655010613339,9.5,0.139924871,1,14.1554583265813,24.2553881056555,0
48039,TX,Brazoria,26.3399469662469,6.64022300312904,1.54864649820078,0.093963179,0.0219247,0.444759047,0.0344532,0.49034852464367,0.0877305641770363,0.557514862,0.529325908,12.3941869735718,39.0126067507117,10.3,0.068906331,1,9.55499639169003,27.7760037807425,0
48041,TX,Brazos,33.8771502399158,18.09340239735,2.58246912096342,0.101269412,0.0101269,0.536727884,0.0556982,0.495020722763478,0.0607853457331657,0.83547265,0.592426061,13.0828199386597,43.9245679151202,7.4,0.101269412,1,7.2152567859544,20.4417734576677,1
48043,TX,Brewster,28.6194116233213,10.5308776234657,3.24444626265068,0.641573995,0.0,0.641573995,0.0,0.939244310863031,0.213857993483543,0.748502994,1.497005988,13.2080907821655,38.7548638132296,8.2,0.0,0,16.5836221837088,20.3314558058926,0
48045,TX,Briscoe,100.000000106976,46.833236541209,3.2400589062786,0.603500302,0.0,1.207000604,0.0,1.92184497117233,,0.0,1.810500905,15.3634243011475,45.5223880597015,11.7,0.603500302,0,21.8692730604765,22.1136224801466,0
48047,TX,Brooks,16.322121721399,10.5137506857178,3.56149363248758,0.138465799,0.0,0.415397397,0.138465799,1.7572033701066,0.27712345123291,1.107726392,0.969260593,44.0168571472168,11.3885505481121,9.9,0.0,0,16.9735566938945,27.7723937422124,1
48049,TX,Brown,41.5418051060946,15.589827899686,2.41480320590625,0.13164477,0.026329,0.816197572,0.026329,0.967173386208416,0.105268701910973,0.86885548,0.658223849,17.6201820373535,48.8555078683834,9.6,0.13164477,0,17.3306041043405,23.935863118669,0
48051,TX,Burleson,13.6394162138584,5.09578164557251,4.75059175959279,0.173370319,0.0,1.040221914,0.0,1.18076841516781,0.115446776151657,0.63569117,0.809061489,16.2128791809082,49.4631104953239,11.0,0.115580213,1,17.4957816954675,23.5352301157852,0
48053,TX,Burnet,31.5550347832571,13.1223649434511,2.41298105954926,0.069418734,0.0231396,0.763606072,0.0462792,0.602252501074081,0.0694347992539406,0.67104776,0.971862273,13.109866142273,49.1714940051192,9.6,0.092558312,0,18.5847953216374,23.2070175438597,0
48055,TX,Caldwell,19.4010011899837,7.55709417849575,2.47883861445127,0.078080267,0.0,0.442454844,0.0,0.694910586736889,0.0519858598709106,0.546561866,0.468481599,19.5128040313721,56.9972619409796,9.0,0.0520535,1,11.8478432196711,26.422529291231,0
48057,TX,Calhoun,31.7634925567869,10.7253569673714,3.0364815308822,0.234126241,0.0468252,0.655553474,0.093650496,1.00266864115261,0.0936417281627655,0.561902978,1.123805956,18.2773265838623,55.9546313799622,9.5,0.0,0,15.1255787849025,26.5235489453253,0
48059,TX,Callahan,22.0932265868874,5.6760860277479,2.55015199413178,0.296120817,0.0,0.740302043,0.148060409,0.980247096249168,0.148027539253235,0.740302043,0.370151022,14.5739078521729,42.5059476605868,9.5,0.0,1,18.1999409332546,23.8112817483757,0
48061,TX,Cameron,27.6316083038824,16.3558803573413,3.17246579173635,0.104137151,0.0169526,0.389908868,0.0435923,0.997255891891285,0.164532974362373,0.508576784,0.619979318,38.1158180236816,17.0715995731139,8.7,0.0290615,1,11.0509083747723,33.0360395844616,1
48063,TX,Camp,10.0558189778755,5.77002717614776,2.00609504867096,0.161186331,0.0,0.644745326,0.0,0.756419524995314,0.0805088132619858,0.322372663,0.322372663,28.0430717468262,65.7884231536926,10.5,0.0,0,16.0712845738247,27.0542698169502,0
48065,TX,Carson,45.8022162677931,11.1924671203778,2.01861513863474,0.160410651,0.0,0.802053256,0.160410651,1.13691732986844,0.320615589618683,0.802053256,0.641642605,5.10735034942627,26.5793528505393,10.6,0.0,1,17.1627305079262,25.6713037851828,0
48067,TX,Cass,8.11876061702698,3.71963889391288,3.91659037940381,0.165152766,0.0330306,0.462427746,0.0,0.607748237530111,0.16515277326107,0.495458299,0.594549959,24.6227893829346,51.2679553112254,11.0,0.0,0,19.0881039915966,23.1913077731092,0
48069,TX,Castro,11.864359109754,3.20139565950012,0.209267673044514,0.247831475,0.0,0.743494424,0.0,0.734933855952964,0.247066095471382,0.619578686,0.495662949,20.4961261749268,48.9982827704637,10.1,0.0,0,13.3589679980154,31.294964028777,0
48071,TX,Chambers,18.1204426940572,3.93512723291224,2.3300095307692,0.196171847,0.0,0.700613738,0.0280245,0.481176557262313,0.11208563297987,0.476417342,0.336294594,9.78377056121826,29.3335303679622,9.3,0.0280245,1,9.38568497834511,28.5246181901071,0
48073,TX,Cherokee,16.2836171827626,8.38473369011116,3.66813732099108,0.097893335,0.0195787,0.567781345,0.0195787,0.639573487481936,0.097860760986805,0.548202678,0.33283734,20.3728637695313,61.2294055303979,9.2,0.0391573,0,14.9631232176222,25.9081522273577,0
48075,TX,Childress,44.2688687852457,18.8941069590818,3.20705707420168,0.142247511,0.142247511,0.711237553,0.0,0.735050030824679,0.284657001495361,0.853485064,1.280227596,17.0235748291016,49.2237442922374,9.1,0.142247511,0,15.1256923732424,21.4174122993893,0
48077,TX,Clay,37.7731109395056,9.42810145062649,2.18187745609354,0.09375586,0.0,0.468779299,0.0,0.474608448030375,0.0937470719218254,0.281267579,0.187511719,8.97326278686523,36.3380281690141,9.4,0.0,1,17.8478422619048,22.7120535714286,0
48079,TX,Cochran,21.1756841271151,9.98853021610282,0.106471347844212,0.325203252,0.0,0.650406504,0.0,1.31319763624425,,0.0,0.650406504,23.6676597595215,67.2413793103448,10.6,0.0,0,14.8704828909498,29.3572113847138,0
48081,TX,Coke,99.9762920333831,36.6281753549666,2.7968070470863,0.306184936,0.0,1.224739743,0.0,1.47013308573197,,0.0,1.224739743,9.52827262878418,40.6998158379374,11.3,0.0,0,25.9638554216868,21.0542168674699,0
48083,TX,Coleman,19.6261599473782,8.13002936744647,2.87893887248696,0.343053173,0.0,0.914808462,0.0,1.31604226705091,0.114364132285118,0.457404231,0.686106346,19.2374248504639,55.4393305439331,10.2,0.0,0,21.7425519955031,22.2484541877459,0
48085,TX,Collin,14.8986502674267,2.10876642148513,0.650692896257574,0.106881445,0.0270275,0.368556707,0.0429983,0.341663451715426,0.0700815618038178,0.732199325,0.716228535,6.48142290115356,19.7358988870025,7.4,0.094596222,1,7.67542542190682,28.7185511177351,0
48087,TX,Collingsworth,7.07484111458777,2.16540986011485,2.23168783155209,0.324569945,0.0,0.973709834,0.0,1.31752305665349,0.32414910197258,0.973709834,0.324569945,22.8828525543213,53.9708265802269,10.7,0.324569945,0,17.8606476938175,27.6414785737651,0
48089,TX,Colorado,20.8755435807517,6.15467071092119,1.48938922416436,0.288669714,0.0,1.202790474,0.096223238,0.946237598247648,0.192252233624458,0.721674284,0.817897522,15.4886140823364,54.1944847605225,11.0,0.240558095,0,19.354220561464,23.7999425122162,0
48091,TX,Comal,19.0080543114422,5.63299672170217,1.60017829551678,0.071403708,0.0089255,0.4641241,0.0089255,0.544219471254721,0.0803055167198181,0.72296254,0.892546345,10.1386661529541,30.0511117906601,8.5,0.133881952,1,15.5385721660889,23.6899845121322,0
48093,TX,Comanche,15.5454252114636,5.46483737911437,1.42701131059805,0.14437306,0.0,0.64967877,0.07218653,0.684102191548614,0.216372162103653,0.50530571,0.57749224,15.1117267608643,55.5956678700361,10.4,0.14437306,0,20.9174180621154,24.1877773007013,0
48095,TX,Concho,26.6948946931072,10.2103107545871,0.530132442179493,0.242895312,0.0,1.214476561,0.242895312,1.01828761429759,0.242013558745384,0.485790624,0.485790624,8.4669132232666,52.9556650246305,8.3,0.0,0,13.7019818938096,14.117934915586,0
48097,TX,Cooke,8.70122276909148,2.73967871114502,1.58665155238342,0.104210088,0.0260525,0.8336807,0.130262609,0.484646401985112,0.13005930185318,0.41684035,0.703418091,13.8461542129517,48.5057111563136,11.3,0.052105,0,15.8701251398392,25.576918073731,0
48099,TX,Coryell,36.2548413955638,11.4005698623799,1.43450512754671,0.065239232,0.0260957,0.326196161,0.0260957,0.393840124647702,0.0652383789420128,0.417531086,0.391435394,11.9296369552612,37.8032435330385,8.1,0.0521914,1,7.53966148458641,27.8625245397145,0
48101,TX,Cottle,9.30525799576525,4.48954716022502,0.0,0.664010624,0.0,1.992031873,0.0,1.34589502018843,0.663569986820221,1.328021248,1.328021248,18.5871524810791,59.8326359832636,12.0,0.0,0,23.7873754152824,23.2558139534884,0
48103,TX,Crane,8.89285838655918,2.92236147206821,0.629482766914284,0.229463056,0.0,0.917852226,0.0,1.09601052170101,0.229463055729866,0.458926113,0.458926113,10.5110082626343,15.0887573964497,10.1,0.0,0,11.2685714285714,29.4628571428571,0
48105,TX,Crockett,7.84732088300637,3.97087498254751,0.199681959102504,0.820568928,0.0,1.36761488,0.0,0.556594532015317,0.547645151615143,1.36761488,2.461706783,11.3871631622314,44.3121693121693,10.1,0.0,0,14.6544770099489,26.7276149502554,0
48107,TX,Crosby,4.58184244471733,1.87733575594263,1.35269855183352,0.496688742,0.0,0.82781457,0.0,1.63238654913484,0.496524333953857,0.165562914,0.165562914,26.7274742126465,51.8231186966641,9.9,0.0,1,17.4616273312428,28.8331407823073,1
48109,TX,Culberson,7.81633819278983,3.60965326732383,18.1761301054775,0.418060201,0.0,1.672240803,0.0,1.74672489082969,0.417885512113571,1.254180602,1.254180602,26.3858890533447,64.7311827956989,10.0,0.0,0,14.7623019182652,27.814845704754,0
48111,TX,Dallam,36.3674141511049,15.5268983415051,2.89121472236777,0.145306597,0.0,0.435919791,0.0,0.714694110920526,,0.581226388,1.453065969,14.7086639404297,50.1030927835052,8.8,0.0,0,9.38385797404147,29.8821423243324,0
48113,TX,Dallas,19.9850254694634,7.98898664468961,1.44807228884657,0.147417107,0.0137036,0.439759764,0.0494159,0.571926022433655,0.0867878943681717,0.767399475,0.695974849,22.8590316772461,64.235951378322,9.3,0.071424626,1,8.78208584884587,27.6277279331999,0
48115,TX,Dawson,29.5057952270543,10.7629645993424,1.60981550661053,0.145518044,0.0,0.509313155,0.0,0.93475073313783,0.145496875047684,1.01862631,0.654831199,18.5035419464111,24.2316784869976,9.8,0.072759022,0,13.9738306947155,24.7379454926625,0
48117,TX,Deaf Smith,19.2483922167516,11.3488936894949,1.3595617384673,0.15392509,0.0513084,0.667008722,0.0,0.882403581267218,0.153672784566879,0.769625449,0.667008722,23.3050479888916,70.6430155210643,9.3,0.0513084,0,11.4804873012595,32.2166012801982,0
48119,TX,Delta,7.21091171105781,2.65279610340937,1.40321273836115,0.0,0.0,0.38865138,0.0,1.09463939450804,,0.58297707,0.19432569,18.0309104919434,54.672395273899,10.3,0.0,0,19.8241254062321,22.6534123494552,0
48121,TX,Denton,21.6140051555141,4.43110848114652,0.741521544364632,0.071435444,0.0233259,0.329477763,0.0408203,0.314103506648721,0.0670838505029678,0.599183012,0.51900037,7.42839097976685,26.0064562187665,8.5,0.069977578,1,6.94869109315529,27.5062102521227,0
48123,TX,DeWitt,19.1531485893237,8.03605315255212,3.12735755541081,0.148500149,0.0,0.643500644,0.198000198,0.737030702825963,0.0989805012941361,0.891000891,0.792000792,19.0031909942627,54.8839347276488,10.5,0.0,0,18.2962631238493,22.3565706324327,0
48125,TX,Dickens,19.8428362373363,6.30411328627234,1.82226734194232,0.416666667,0.0,0.833333333,0.0,0.86095566078347,0.416666656732559,0.833333333,2.083333333,14.6847620010376,34.7394540942928,9.8,0.0,0,19.6808510638298,20.1309328968903,0
48127,TX,Dimmit,22.3508538899222,14.2056928503159,5.99452642379547,0.197804371,0.0,0.791217486,0.0,1.70474460695281,0.0989021882414818,0.6923153,0.494510929,32.0702476501465,69.3333333333333,9.1,0.0,0,14.1956782713085,30.0220088035214,1
48129,TX,Donley,14.5487858502088,5.18715293290397,1.0509984182901,0.271149675,0.0,1.084598698,0.0,0.856957569019826,0.271296799182892,1.626898048,1.084598698,13.100136756897,48.0,10.9,0.0,0,21.1585531683438,20.614631493065,0
48131,TX,Duval,33.8181990751673,18.3436395106706,10.1977931439276,0.254345061,0.0,0.847816872,0.084781687,1.50066854428039,0.0847673118114471,0.339126749,0.339126749,26.3127613067627,46.5530303030303,9.4,0.0,0,16.0499066372433,26.0991342726193,1
48133,TX,Eastland,21.696713880351,10.6844991811059,3.80361517600346,0.269164513,0.0538329,1.184323859,0.0,1.03143151837577,0.215285256505013,0.968992248,0.592161929,18.021312713623,55.0328947368421,10.4,0.107665805,0,19.8514771565409,22.3968142926331,0
48135,TX,Ector,22.5682991415232,8.39028518013338,1.39331658900735,0.11460415,0.0214883,0.4584166,0.0501393,0.685374444251978,0.0859321877360344,0.766415254,0.472742119,18.2230911254883,52.4233963344788,9.4,0.071627594,1,10.1757456428207,29.0293881718078,0
48137,TX,Edwards,31.8685539021809,10.0814406693689,0.743503197579832,0.50530571,0.0,1.01061142,0.0,0.550474254742547,0.505305707454681,0.50530571,0.50530571,18.0248165130615,56.6591422121896,9.0,0.0,0,21.8281718281718,20.8291708291708,1
48139,TX,Ellis,25.6815061287608,6.5138246151249,1.39143325529599,0.09842778,0.0196856,0.446205937,0.0131237,0.412961916576281,0.078750491142273,0.551195569,0.433082233,15.3940486907959,40.6504305625425,8.3,0.0524948,1,9.98930552770537,28.951941715126,0
48141,TX,El Paso,22.3740356577893,12.0333169816053,1.4948315780731,0.140357558,0.014646,0.317330131,0.04882,0.783077390405424,0.0902201384305954,0.640762764,0.650526768,29.3007125854492,59.1709130973695,7.7,0.0573635,1,10.2695694856785,30.0772999836382,1
48143,TX,Erath,35.6326289339071,14.8270044081014,1.87153086320273,0.102761721,0.0256904,0.565189467,0.102761721,0.559497469545536,0.0770673304796219,0.82209377,0.693641618,13.0093364715576,47.0216130732736,8.8,0.128452152,0,12.6128266033254,22.2961203483769,0
48145,TX,Falls,36.4337653639186,17.6273348191588,4.99165118285692,0.168067227,0.0,0.672268908,0.0560224,1.11678970282037,0.112051092088223,0.448179272,0.280112045,20.7087669372559,68.6096888538795,11.0,0.0,1,16.092018358894,21.7004365834546,1
48147,TX,Fannin,38.1864258418364,13.8265151196741,2.71592480942148,0.147614549,0.0295229,0.531412376,0.0590458,0.758673011931857,0.0590388476848602,0.442843647,0.383797827,14.9337816238403,46.7182890855457,9.6,0.0295229,0,16.9983782986879,22.1229544449359,0
48149,TX,Fayette,29.9834518459497,9.31842541080468,1.9999549571053,0.242483026,0.0,1.091173618,0.202069188,0.715394479314301,0.0807982906699181,0.727449079,0.889104429,8.7511157989502,44.4535073409462,10.8,0.0404138,0,21.4588254459559,21.9475441883196,0
48151,TX,Fisher,17.0266986659358,5.78839247844987,1.868065848192,0.758150114,0.0,0.505433409,0.0,1.30072840790843,0.252461493015289,0.252716705,0.758150114,12.4956684112549,45.1708766716196,10.8,0.0,0,22.2445898339205,22.5968797181681,0
48153,TX,Floyd,5.25236786339223,1.35988490645065,0.549688512718884,0.314021039,0.0,0.314021039,0.0,0.942359038793781,0.314070343971252,0.628042079,0.785052599,27.2483863830566,63.4843205574913,10.7,0.0,0,17.7629537697797,28.8861309339125,1
48155,TX,Foard,100.000000388567,53.0014641733617,8.34813499531621,0.0,0.0,0.734214391,0.0,1.53022188217292,0.73421436548233,1.468428781,0.734214391,12.0772943496704,48.75,11.4,0.0,0,23.877245508982,20.8083832335329,0
48157,TX,Fort Bend,30.3684959307401,7.78838317160514,1.17922291927189,0.126958165,0.0164881,0.453422017,0.034625,0.367717584393046,0.0577497705817223,0.560594494,0.512779081,9.5363883972168,27.826995271979,8.2,0.072547523,1,7.30437753576767,29.6963484945548,0
48159,TX,Franklin,7.01434413606817,1.73003220585794,2.82506935618024,0.094670075,0.0,0.378680299,0.0,0.744047619047619,0.0946700721979141,0.378680299,0.473350374,13.3471193313599,47.4522292993631,9.5,0.0,0,18.6798679867987,24.5355964167845,0
48161,TX,Freestone,18.4251378544791,7.20130789967052,3.74768282948717,0.102061645,0.0,0.510308226,0.0510308,0.704586215731489,0.102046020328999,0.612369871,0.510308226,13.5986309051514,42.8802588996764,10.1,0.0510308,0,16.5775131207105,23.3649576100121,0
48163,TX,Frio,13.9937720242881,6.28725943925667,3.87174364278033,0.228636753,0.0,0.971706202,0.0,1.13452340601815,0.171497166156769,0.914547013,0.400114318,25.2401161193848,58.7291795188155,8.2,0.0,0,11.2447000058082,24.7371783702155,1
48165,TX,Gaines,10.4737002586438,4.01700952115635,0.817129188779813,0.223438722,0.0,0.391017763,0.111719361,0.737703434167889,0.167485490441322,0.391017763,0.670316166,9.37978553771973,46.463376296762,9.0,0.0558597,0,8.99806002510556,34.8396667807828,0
48167,TX,Galveston,34.9377017159641,8.98423203284564,1.73711522741375,0.145462418,0.0202971,0.551404051,0.067656939,0.6428517547246,0.0913470610976219,0.690100775,0.767906255,15.7502346038818,38.9662790060796,9.7,0.07780548,1,11.2608947886952,25.4599068343237,0
48169,TX,Garza,6.01370569253631,1.83491408262422,0.215194829896162,0.152322925,0.0,0.913937548,0.0,1.09170305676856,0.152068123221397,0.913937548,0.152322925,12.3240346908569,54.6653144016227,9.6,0.0,0,10.8651911468813,19.7492648196874,0
48171,TX,Gillespie,16.1263393443718,3.63461685516895,1.73968310056014,0.119817877,0.0399393,0.599089384,0.119817877,0.278296823440544,0.0798307582736015,0.599089384,1.75732886,8.47845077514648,41.304347826087,10.1,0.199696461,0,26.5168901236059,20.2963320851955,0
48173,TX,Glasscock,98.241492118978,26.4125312673374,0.780413670587236,0.0,0.0,0.808407437,0.0,0.0,,0.0,0.808407437,4.71327590942383,30.0353356890459,9.7,0.0,0,13.0505709624796,28.7112561174551,0
48175,TX,Goliad,37.0372028207563,7.88851098978319,1.11045631432267,0.138734739,0.0,0.693673696,0.0,0.419444066566907,0.138734742999077,0.554938957,0.832408435,13.7297687530518,45.6317689530686,10.0,0.138734739,1,19.0291262135922,22.8571428571429,0
48177,TX,Gonzales,27.9002874733038,14.0446952422646,4.53223595434287,0.151960288,0.0,0.861108297,0.0506534,0.843934480751642,0.101214572787285,0.861108297,0.607841151,21.9014148712158,66.6920731707317,10.1,0.101306858,0,15.1057706871308,27.1015297622053,0
48179,TX,Gray,16.9224178052894,7.45359608387641,0.621864287148271,0.088296322,0.0441482,0.573926096,0.0,0.754344735544144,0.132409408688545,0.529777935,0.70637058,13.8561496734619,50.7194244604317,10.7,0.0441482,0,16.0284002662525,24.7215442644775,0
48181,TX,Grayson,27.0813884033586,10.6801735340092,3.25891967858817,0.098869591,0.0247174,0.609695811,0.0494348,0.653353562690504,0.0988329499959946,0.667369739,0.593217546,17.0698146820068,44.6294358291314,9.0,0.107108724,1,15.5323179761245,24.1005319456969,0
48183,TX,Gregg,24.3590108969026,9.02642784515921,3.04505716514857,0.138658924,0.040782,0.758545876,0.0570949,0.854679950213874,0.10598661005497,0.962456057,0.766702283,20.8267269134522,50.2474890672305,10.3,0.081564073,1,13.5348722582765,25.4834469728087,0
48185,TX,Grimes,43.7100966489817,16.4007431796966,4.23308483867064,0.150138878,0.0,0.638090233,0.0,0.740519483752131,0.0750412717461586,0.337812477,0.450416635,17.0809593200684,57.341361741547,9.9,0.0375347,0,13.8024357239513,22.7747707111713,0
48187,TX,Guadalupe,31.6929235445143,9.35250443813522,2.51839905739664,0.073643668,0.0147287,0.427133273,0.0294575,0.415948589231103,0.0662690550088882,0.471319474,0.368218339,12.9149770736694,36.1867879497456,8.5,0.0220931,1,11.629781119567,27.6767047052831,0
48189,TX,Hale,26.0896614336352,14.2072108749668,2.86477111727581,0.137370185,0.027474,0.412110556,0.0,0.661902798772388,0.164912179112434,0.522006704,0.576954778,22.3147411346436,62.2812702527544,9.5,0.137370185,0,12.2267251123425,28.765197254156,0
48191,TX,Hall,24.4547203379681,14.483968319575,2.29838563606289,0.302023558,0.0,0.906070674,0.0,1.54367850997064,0.301932364702225,1.208094231,1.510117789,20.6929988861084,62.3869801084991,11.2,0.0,0,22.6364449746496,25.8574410975246,1
48193,TX,Hamilton,25.0569926427389,7.7951382796131,1.01793064447721,0.357824427,0.0,0.477099237,0.238549618,1.0633602182898,0.238435864448547,0.834923664,0.954198473,15.8089570999146,34.3112244897959,10.6,0.0,0,24.7152753316896,21.3220617588353,0
48195,TX,Hansford,37.514066874848,12.8332729754228,1.47377013679049,0.358808755,0.0,0.538213132,0.0,0.935820805409648,0.179179355502129,0.538213132,1.43523502,8.47969055175781,48.7982520029133,9.3,0.0,0,13.646891145555,30.3402814893996,0
48197,TX,Hardeman,29.7203089385339,13.2062978236171,1.37345228493616,0.480884828,0.0,0.721327242,0.240442414,1.00032663726931,0.240442410111427,0.721327242,0.721327242,18.1681308746338,61.2244897959184,10.4,0.0,0,19.521623580575,24.6194733027301,0
48199,TX,Hardin,27.8440673666904,8.00515220330525,2.77093433300432,0.145293402,0.0363234,0.671981984,0.0363234,0.62058343902881,0.127131730318069,0.617496958,0.345071829,15.8496170043945,34.6636041726481,10.4,0.072646701,1,13.5114853116134,25.8259357554681,0
48201,TX,Harris,21.6512534001317,7.14831325188264,0.969045606577359,0.17269356,0.012677,0.485551146,0.066015821,0.599517282992846,0.0787119790911675,0.675705413,0.618539539,19.3188705444336,46.747388789911,8.8,0.068646886,1,8.14881712926141,28.0475626023376,0
48203,TX,Harrison,17.613376822382,6.62058544541484,3.09023160781602,0.165852482,0.0150775,0.63325493,0.030155,0.714109216703731,0.105509079992771,0.557867439,0.422169954,20.4527835845947,49.7270280661284,11.1,0.0452325,0,13.2803096097881,25.8734439517911,0
48205,TX,Hartley,23.9207505225135,6.52503576903215,0.0352090810668993,0.165892502,0.0,0.0,0.0,0.325520833333333,0.165837481617928,0.165892502,0.663570007,3.31634044647217,45.897000565931,9.4,0.0,0,12.4876278455955,22.5833058396569,0
48207,TX,Haskell,14.9023596663347,8.70947507209173,3.21842412439529,0.335683115,0.0,0.67136623,0.0,1.18623962040332,0.335683107376099,0.67136623,1.678415576,16.6468486785889,52.5911708253359,11.7,0.0,0,21.8003051364638,20.8170876419732,0
48209,TX,Hays,19.4533931165454,6.57534620077985,1.2254196249618,0.079640271,0.0183785,0.324687259,0.0428832,0.476359547902243,0.0551271289587021,0.698383915,0.594238945,12.0020618438721,40.4512841145309,6.8,0.122523494,1,8.45602041920475,24.671720547143,0
48211,TX,Hemphill,10.5974562936049,2.34344621465308,2.29314922359839,0.253100481,0.0,1.265502404,0.0,0.939542483660131,0.252780586481094,0.506200962,1.265502404,6.10403394699097,31.7216981132075,10.2,0.253100481,0,12.9235618597321,29.3144208037825,0
48213,TX,Henderson,24.3283155495317,11.0156370063626,3.27440044573517,0.152299726,0.0253833,0.494974109,0.0126916,0.670088755152098,0.114224791526794,0.583815616,0.69804041,21.8346462249756,55.0513622152747,10.2,0.114224794,0,19.1412417867876,22.7194010085061,0
48215,TX,Hidalgo,42.6534484084903,26.5512652809769,3.03243128226805,0.08179815,0.0125843,0.369979324,0.0616632,1.08135205996224,0.216150730848312,0.460586505,0.464361805,41.2338981628418,9.92103061894793,9.6,0.0352361,1,9.32510206267933,34.6534257307662,1
48217,TX,Hill,3.18982537996879,1.09039653024222,2.69576827818165,0.14211005,0.028422,0.82423829,0.028422,1.07741231192748,0.142045453190804,0.59686221,0.54001819,19.4754371643066,58.0694743313864,10.0,0.11368804,0,18.2906323919177,24.2811137393485,0
48219,TX,Hockley,35.7394022573749,11.7659563199853,1.24929165996481,0.130850089,0.0436167,0.479783661,0.0,0.610407998150717,0.130838677287102,0.610633751,0.74148384,16.400728225708,51.555929352397,9.5,0.0436167,0,12.762153913233,27.1506431218661,0
48221,TX,Hood,35.1097683288605,10.0410427301129,1.75990695626338,0.213414043,0.0194013,0.698445958,0.135808936,0.747764711910435,0.116373792290688,0.659643405,0.582038298,14.1615858078003,38.4277784949013,10.0,0.0582038,1,21.2809190731116,21.3004571919816,0
48223,TX,Hopkins,16.0288050492669,6.15077196192327,3.13235075873587,0.0567328,0.0283664,0.709159504,0.0283664,0.556824269080042,0.0850991383194923,0.510594843,0.595693983,14.7797317504883,50.1140684410646,10.6,0.0567328,0,15.4944398623475,25.5794772617389,0
48225,TX,Houston,38.4935124642509,12.460895860059,5.518145534157,0.213447172,0.0426894,0.68303095,0.0,0.838334556654146,0.128051906824112,0.597652081,0.512273212,19.9401035308838,59.7471331961188,11.5,0.0426894,0,19.2229900556211,20.7567840889938,1
48227,TX,Howard,49.1826699498049,22.4924459192224,2.3383099185983,0.0571608,0.0285804,0.628769042,0.0,0.463642867901792,0.0571167469024658,0.714510275,0.600188631,14.4956130981445,49.1930996104619,9.0,0.0571608,0,13.1811950188507,22.4408774134582,0
48229,TX,Hudspeth,99.9235430181439,72.2744560727175,7.09274649870193,0.586338317,0.0,1.172676634,0.0,1.79802217560683,0.293083250522614,0.0,0.879507476,28.9379482269287,75.0636132315522,10.0,0.0,1,13.5788262370541,30.1208285385501,1
48231,TX,Hunt,13.3414734996736,5.7372449527412,2.62044193577161,0.115332272,0.0345997,0.518995225,0.0115332,0.668932808139735,0.103805027902126,0.495928771,0.380596499,20.0199604034424,50.3891926664522,10.1,0.080732591,1,13.9337505369852,24.8685111867083,0
48233,TX,Hutchinson,42.9087718042694,11.8922623094446,1.30993718929187,0.181710807,0.0,0.681415527,0.0454277,0.786880759054831,0.181644797325134,0.772270931,0.726843229,14.2852811813355,39.9337591672581,10.9,0.090855404,0,14.744920993228,26.3115124153499,0
48235,TX,Irion,99.9741998253602,28.0854199808012,3.87882381390556,0.628140704,0.0,0.628140704,0.0,0.635727908455181,,0.0,0.628140704,6.41025638580322,33.4346504559271,9.5,0.628140704,1,18.1988742964353,23.0143839899937,0
48237,TX,Jack,46.6660767994879,14.0871640272881,3.35219744264659,0.221385876,0.0,0.774850565,0.0,0.667928309028164,0.221434891223907,0.774850565,0.774850565,10.1632785797119,43.9056356487549,9.8,0.0,0,14.9270234409553,22.0256523662096,0
48239,TX,Jackson,22.1927913183177,6.23348415895191,2.64741743610225,0.14240957,0.0,0.996866989,0.0,1.08149187419619,0.142369017004967,0.71204785,0.498433495,16.6760120391846,45.3130287648054,11.2,0.0,0,16.4333925399645,25.4280639431616,0
48241,TX,Jasper,20.1234050180763,8.71330869668393,4.36718719146086,0.138152078,0.0276304,0.49734748,0.165782493,0.758566934832837,0.110500290989876,0.552608311,0.469717065,24.7811851501465,51.9147621988882,10.9,0.0552608,0,16.6115933912069,24.9089890786894,0
48243,TX,Jeff Davis,30.2468133176637,10.9462032326667,0.957893902059882,0.438212095,0.0,1.314636284,0.0,0.433463372345037,0.438212096691132,0.438212095,1.752848379,7.4404764175415,41.7827298050139,10.0,0.0,0,23.1853116994022,19.8121263877028,0
48245,TX,Jefferson,28.9334824250737,10.5914676407615,3.04211145124168,0.161801442,0.0157855,0.765597067,0.071034779,0.893189258166444,0.0828546211123467,0.674830404,0.548546352,23.8565349578857,56.51419188365,11.2,0.0552493,1,12.6854637634626,23.9415236668213,0
48247,TX,Jim Hogg,2.10038429153415,0.812113752077872,1.66821451440548,0.945894816,0.0,0.378357927,0.0,1.73048834698673,0.378000378608704,0.756715853,0.56753689,33.0963668823242,26.7129228100607,10.1,0.0,0,14.8867924528302,29.0188679245283,0
48249,TX,Jim Wells,18.5305793070152,9.90519834261274,3.68186917539977,0.266951415,0.0242683,0.630976071,0.0485366,1.2713352812505,0.145592197775841,0.703781003,0.461097898,25.3795528411865,63.3495420106299,9.0,0.0485366,0,13.0564670160145,28.791811548068,1
48251,TX,Johnson,22.6898328149718,6.64878158089735,1.43309904312674,0.111799445,0.0131529,0.460350656,0.00657644,0.606096154222144,0.0920622572302818,0.631338042,0.434044904,15.5697832107544,42.4066837353456,10.0,0.0263058,1,11.4825022857673,27.2629096161236,0
48253,TX,Jones,21.8634508892073,7.96178357326304,4.72073605044712,0.148023881,0.0,0.39473035,0.0493413,0.584121897895492,0.0986874550580978,0.542754231,0.148023881,13.8623323440552,54.8208348725526,9.1,0.0,1,13.6818136818137,18.4833184833185,0
48255,TX,Karnes,24.4257654871755,10.3900141496031,2.0433152590529,0.334515287,0.066903057,0.669030575,0.0,0.727587036915469,0.133734539151192,0.468321402,0.735933632,17.348014831543,55.8231173380035,8.6,0.066903057,0,13.9503507825148,19.9811117107393,1
48257,TX,Kaufman,8.46018889932763,4.21072397374771,2.44767401212899,0.085561091,0.0190136,0.532380119,0.0380272,0.559703240189971,0.0760362297296524,0.579914059,0.456325817,15.783842086792,42.6695478723404,8.5,0.076054303,1,10.2776971456217,28.7895500725689,0
48259,TX,Kendall,11.8941368276032,1.87064434418013,1.26086435605982,0.058045,0.0290225,0.667517994,0.087067564,0.396317721659807,0.0870903134346008,0.78360808,0.957743209,7.16815662384033,24.4806914819462,8.3,0.116090086,1,16.7135588147261,24.2412451361868,0
48261,TX,Kenedy,97.38463268422,33.13502061282,15.2173911778901,0.0,0.0,0.0,0.0,0.0,,0.0,0.0,21.2087078094482,45.9227467811159,9.4,0.0,0,14.1826923076923,24.5192307692308,0
48263,TX,Kent,97.195259048246,29.0820460089724,4.10958899813123,2.463054187,0.0,0.0,0.0,1.19189511323004,,0.0,1.231527094,9.09090900421143,36.6013071895425,11.3,0.0,0,25.7425742574257,22.8960396039604,0
48265,TX,Kerr,29.9980907527807,12.3765729150159,2.26312125741777,0.161267563,0.0201584,0.564436471,0.0604753,0.66451077277414,0.0806175321340561,0.685387143,0.766020924,12.8305759429932,20.6254545454545,10.7,0.120950672,0,24.8141057934509,20.1793450881612,0
48267,TX,Kimble,24.9727983018991,5.16596961078264,1.21982344634279,0.435350457,0.0,1.741401828,0.217675229,1.09649122807018,0.217675223946571,0.435350457,1.741401828,15.7976140975952,49.6402877697842,10.2,0.435350457,0,22.813110484046,20.3820273496853,0
48269,TX,King,99.9999996064566,5.47945209991406,0.0,0.0,0.0,0.0,0.0,0.0,,0.0,0.0,3.69003701210022,20.6896551724138,9.2,0.0,0,13.2867132867133,23.7762237762238,0
48271,TX,Kinney,4.15029535831003,2.25702742501846,0.321040214452422,0.277161863,0.0,0.831485588,0.0,1.13331483023406,0.277238696813583,0.0,0.277161863,16.9048919677734,58.957654723127,10.8,0.0,0,24.2912729294052,20.1222901612007,1
48273,TX,Kleberg,29.9421494729931,17.0897267525019,3.60605552304116,0.0624493,0.0312246,0.65571723,0.0,1.2047879260994,0.156089037656784,0.81184038,0.84306501,23.3936805725098,63.3968609865471,8.3,0.09367389,0,11.481238888369,25.1083871370201,1
48275,TX,Knox,12.6324943179501,6.06276755821992,1.32262381220653,0.537634409,0.0,0.537634409,0.0,1.3196093956189,0.537489950656891,0.268817204,0.806451613,19.822114944458,58.5173501577287,12.0,0.0,0,21.2422694272654,25.3293896208658,0
48277,TX,Lamar,31.6398785953136,12.1386592905501,3.7118314990056,0.140384654,0.020055,0.621703468,0.080219802,0.945239672629205,0.0802342817187309,0.601648517,0.72197822,22.5491771697998,51.2970900067674,10.8,0.080219802,0,16.6208101540377,24.2905629305324,0
48279,TX,Lamb,3.6134029829274,1.96348107166862,0.676898779440959,0.427015871,0.0,0.498185183,0.142338624,1.21359223300971,0.355719983577728,0.427015871,0.640523806,21.8123626708984,56.4272211720227,10.1,0.071169312,0,15.933319024111,29.27666881305,1
48281,TX,Lampasas,20.4022948027102,8.2730168535291,2.38147207084292,0.0501857,0.0501857,0.451671183,0.0501857,0.522206196846869,0.100376412272453,0.602228245,0.85315668,16.6400699615479,44.5192754296331,9.2,0.0501857,1,15.7595161864105,24.7802002337755,0
48283,TX,La Salle,43.1244826973466,28.4760519264259,6.95808695946639,0.142877554,0.0,0.71438777,0.0,1.7466122755193,0.142836734652519,0.571510216,0.571510216,23.0387363433838,79.3248945147679,8.7,0.0,0,12.4455416787685,21.6961951786233,1
48285,TX,Lavaca,16.1333711419336,4.83383003864901,2.56086440156278,0.310800311,0.0,0.56980057,0.103600104,0.719128826792685,0.103573277592659,0.259000259,0.310800311,10.5297756195068,28.9827255278311,11.3,0.103600104,0,21.2272231739604,23.0908996521829,0
48287,TX,Lee,7.53801384364791,2.5859143156122,2.53659583288604,0.302023558,0.0,0.966475385,0.241618846,0.763006244603739,0.12080942094326,0.664451827,0.966475385,12.5676603317261,54.9480757483201,10.1,0.0604047,0,15.7837707681194,26.1557909944618,0
48289,TX,Leon,20.3743603807084,7.81000935248021,2.7500950415738,0.297088532,0.0,0.772430184,0.0,0.803427959292983,0.237670823931694,0.713012478,0.534759358,16.4944553375244,47.3851030110935,10.5,0.0,0,21.5165763942622,22.3141479673829,0
48291,TX,Liberty,20.8729574629495,6.2018087191543,2.84268604958163,0.19744636,0.0263262,0.460708174,0.065815453,0.859768493729131,0.105289481580257,0.579175991,0.447545084,20.0462837219238,54.8624721227276,9.4,0.0131631,1,11.2343508321986,25.6031622225454,0
48293,TX,Limestone,20.61315093379,8.90236713386859,1.75285980022023,0.254604091,0.042434,0.848680302,0.0,0.840929969613455,0.169549003243446,0.636510227,0.678944242,18.7213649749756,60.8511697361872,10.7,0.042434,0,16.1264112213479,23.5930550803969,0
48295,TX,Lipscomb,99.9995537005618,31.22655707805,1.49674775806283,0.600781015,0.0,1.201562031,0.0,1.41283524904215,0.600240111351013,0.300390508,0.901171523,6.31900072097778,48.854041013269,9.8,0.0,0,14.6577831617202,27.5893397940642,0
48297,TX,Live Oak,10.2439970751154,2.68760694481627,2.68947990196944,0.173882803,0.0,1.304121022,0.0,0.88591678097851,0.173807248473167,0.60858981,0.956355416,11.4816722869873,45.8920187793427,9.6,0.0,0,19.2264330934004,20.4145347324603,0
48299,TX,Llano,31.0965427541751,12.6807189212651,2.48946607046207,0.157389434,0.0,0.996799748,0.0,0.628766046633482,0.104882270097733,0.944336604,0.78694717,11.7842054367065,50.1570680628272,11.3,0.104926289,0,31.0968343609139,15.9421791617015,0
48301,TX,Loving,99.9999994035065,0.0,0.0,0.0,0.0,0.0,0.0,0.0,,0.0,0.0,5.8139533996582,,11.3,0.0,0,14.6341463414634,10.9756097560976,0
48303,TX,Lubbock,20.9806640594319,9.69950922453866,1.67068528763004,0.07763208,0.0211724,0.352873093,0.0423448,0.580907054871221,0.0635155886411667,0.924527503,0.575183141,18.4566345214844,48.421275694003,7.7,0.091747004,1,10.9822795887114,24.3380398879608,0
48305,TX,Lynn,33.8857279709332,15.3562146080535,1.1157581030837,0.169865806,0.0,0.339731612,0.169865806,0.77814283243991,0.16989466547966,0.509597418,0.339731612,19.7118701934814,48.2315112540193,10.2,0.0,1,15.7734573119189,27.810650887574,0
48307,TX,McCulloch,16.0895245813203,5.05771786846363,1.51143680238173,0.12115338,0.0,0.848073661,0.12115338,0.98239704879907,0.242306753993034,0.726920281,1.090380422,19.8903846740723,53.6213468869123,10.4,0.0,0,19.8599541229023,24.6166847760473,1
48309,TX,McLennan,28.410896776811,12.5016496997298,3.20558866746988,0.096709359,0.016819,0.660146494,0.0504571,0.729625300752247,0.0672692880034447,0.819927174,0.538208606,21.2324275970459,53.9030065240203,10.1,0.0588666,1,12.4556205460908,25.4335776863937,0
48311,TX,McMullen,98.0002215924714,28.4058611788516,1.62866449112169,0.0,0.0,4.304160689,0.0,0.0,,0.0,1.43472023,3.65296792984009,34.8314606741573,10.8,0.0,0,26.4497878359264,16.8316831683168,0
48313,TX,Madison,28.3353191794295,4.47123246158722,1.83469484190027,0.072785501,0.0,0.727855011,0.0,0.664131997757793,0.14546512067318,0.946211515,0.873426014,17.4898624420166,61.957773512476,9.5,0.0,0,13.9124707259953,21.9555035128806,0
48315,TX,Marion,10.9467945102661,4.93834136709603,8.09817776646274,0.286286859,0.0,1.145147438,0.095428953,1.28341728012398,0.0954471677541733,0.763431625,0.381715813,22.6440544128418,32.3265306122449,12.4,0.0,0,21.5247487198938,19.0498767305139,1
48317,TX,Martin,21.0735252166051,9.45731999353499,0.602171572368232,0.204540806,0.0,0.204540806,0.0,0.714238256594246,0.20470829308033,0.613622418,0.204540806,7.511878490448,28.6286286286286,9.2,0.0,1,12.3150656386747,30.339654094603,0
48319,TX,Mason,20.8259229766405,4.16414540754823,0.397448640115482,0.248632521,0.0,0.994530085,0.0,0.520443001082522,0.24795438349247,1.243162606,1.740427648,9.7359733581543,48.7444608567208,10.3,0.0,0,24.4017946161515,21.2113659022931,0
48321,TX,Matagorda,37.1728017483756,15.6967503089005,4.24511467752848,0.109048281,0.0272621,0.817862108,0.163572422,1.28601526801105,0.0817795246839523,0.654289687,0.845124179,24.5236206054688,57.7175583182009,11.3,0.0272621,0,14.3016729333551,26.3500626668846,0
48323,TX,Maverick,31.6579307605072,23.1979258427543,2.46808467929972,0.199188759,0.0181081,0.235404896,0.0362161,0.886540835064271,0.198943793773651,0.561350138,0.380269448,33.1294097900391,0.808080808080808,9.4,0.0181081,0,10.5551255114453,33.7701352795901,1
48325,TX,Medina,19.5970655646815,7.56359812389704,2.36494687615435,0.128968467,0.0214947,0.601852847,0.085978978,0.693182223172601,0.0860011577606201,0.537368613,0.687831825,16.9293918609619,41.5729166666667,9.0,0.0429895,1,13.4982393600835,25.7901143329131,0
48327,TX,Menard,20.2833835940402,4.36284099615139,1.92952482237423,0.452079566,0.0,0.904159132,0.0,0.483630952380952,0.451875269412994,0.0,0.904159132,14.7214651107788,66.3636363636364,11.1,0.0,0,26.8510258697591,19.5807314897413,0
48329,TX,Midland,29.6332012174742,9.96595318627411,1.23347178035744,0.071340924,0.0214023,0.420911452,0.0285364,0.48018457272097,0.0570503547787666,0.820420626,0.53505693,10.6872863769531,43.2008884501481,8.3,0.085609109,1,11.0424338067684,27.41904845403,0
48331,TX,Milam,23.1498316600048,8.32426616266478,3.04959889549592,0.162621458,0.0406554,0.406553645,0.0,0.993500848615308,0.16258180141449,0.650485832,0.569175103,24.6041622161865,58.1270182992465,11.4,0.0,0,17.3890212869088,26.4652421537343,0
48333,TX,Mills,24.6776463053549,9.74691365457506,0.631723814556704,0.20487605,0.0,1.02438025,0.0,0.828500414250207,0.204834088683128,0.61462815,0.61462815,11.04896068573,51.8676627534685,10.3,0.20487605,0,23.4602917341977,24.2504051863857,0
48335,TX,Mitchell,29.7864898311931,4.72806886937353,1.62509633362451,0.319352778,0.0,0.745156483,0.0,0.705155669808626,0.106439597904682,0.638705557,0.745156483,13.1071081161499,51.1675824175824,9.9,0.106450926,0,13.1128363288312,19.3555248325003,0
48337,TX,Montague,19.7634113163132,7.53613709850216,1.55121775893885,0.151852602,0.0506175,0.556792873,0.0,0.583525002129653,0.151860281825066,0.607410407,0.506175339,13.5822124481201,42.7345368452205,10.4,0.0506175,0,19.6764541812465,22.9575536284801,0
48339,TX,Montgomery,22.0412650500178,6.01849081503127,1.51739085636634,0.103937315,0.0169694,0.42211277,0.0381811,0.449784591321391,0.0721261948347092,0.604533364,0.557867631,11.720606803894,36.2565315439195,8.4,0.078483279,1,10.4014078017141,27.6423709697946,0
48341,TX,Moore,31.6350794695872,18.3801646859528,1.82954719870599,0.226346763,0.0452694,0.588501584,0.0452694,0.773091919508807,0.181192249059677,0.67904029,0.905387053,14.3550090789795,56.9792694965449,8.6,0.0,0,9.61924762600438,31.9530679327977,0
48343,TX,Morris,3.98363072333126,1.84046229685861,3.53114465913682,0.234925607,0.0,0.548159749,0.0,0.586533197778994,0.234925612807274,0.861393892,0.469851214,27.2225284576416,60.5954465849387,13.0,0.0,0,19.3752899335086,23.2951909695377,0
48345,TX,Motley,18.4537493393056,8.21434279862388,2.76226599088301,0.833333333,0.0,2.5,0.0,1.66389351081531,0.833333313465118,0.0,2.5,12.6009464263916,63.9344262295082,11.6,0.0,0,27.1074380165289,21.8181818181818,0
48347,TX,Nacogdoches,30.1605332400279,14.6347844733843,2.86824492966941,0.152348451,0.0152348,0.472280199,0.0152348,0.426547939950127,0.0761579796671867,0.700802876,0.56368927,20.2506294250488,58.2105937242704,9.2,0.0609394,0,11.8126588556196,23.3417023123179,0
48349,TX,Navarro,27.0693293822728,9.96842212288985,4.32574733355194,0.166482842,0.0208104,0.582689947,0.0624311,0.772907591515733,0.124799802899361,0.457827815,0.43701746,24.0575714111328,60.1514531313958,9.7,0.0624311,0,14.377291295695,27.0723787577249,0
48351,TX,Newton,26.4074875708667,9.98152318482292,3.77053055215981,0.206029806,0.0,1.167502232,0.0,0.62793427230047,0.13735319674015,0.0,0.206029806,21.1870269775391,61.5819209039548,10.9,0.0,1,16.2132225683628,23.2121841467636,0
48353,TX,Nolan,23.8219792598228,6.34556939004501,0.513747690454654,0.066098222,0.066098222,0.859276885,0.0,0.787322433663897,0.132056787610054,0.594883998,0.859276885,20.8277378082275,53.6441234405778,10.8,0.0,0,16.5549421661409,25.8609358569926,0
48355,TX,Nueces,35.0021657014782,11.9698367853533,2.97455942053619,0.064097895,0.0116542,0.539005026,0.064097895,0.877695041478401,0.0670061632990837,0.792483065,0.839099716,23.6022624969482,52.4993903925872,10.5,0.0611844,1,12.0253480805237,25.9403391305115,0
48357,TX,Ochiltree,9.47772280669766,2.16385761535231,0.252403675717319,0.191901746,0.0,0.575705239,0.0,0.722408650260999,0.191515848040581,0.383803493,0.479754366,8.45855808258057,50.6771515945828,8.4,0.095950873,0,10.3296488310672,31.6052039518732,0
48359,TX,Oldham,100.000000302281,40.1664601156814,2.79790063386793,0.482858522,0.0,1.93143409,0.0,0.970873786407767,,0.482858522,0.965717045,10.5490388870239,19.6919691969197,9.9,0.0,1,12.4269005847953,34.0155945419103,0
48361,TX,Orange,24.3764353582422,8.20430646195712,2.48581119322374,0.182178122,0.0121452,0.655841238,0.0364356,0.776319542363145,0.10931483656168,0.655841238,0.461517908,21.0180683135986,45.7067114961852,9.8,0.072871249,1,14.0193311094004,25.0583476911421,0
48363,TX,Palo Pinto,37.4640993259635,11.8020526832981,2.17211893558964,0.213888493,0.0356481,0.784257807,0.0,1.11286616886847,0.106948055326939,0.891202053,0.962498218,17.548583984375,50.5510204081633,9.3,0.071296164,0,16.2996691686528,25.011561310519,0
48365,TX,Panola,19.7406943502422,8.11423533101479,4.59512645887608,0.166638894,0.0,0.666555574,0.0416597,0.541215653621982,0.166611135005951,0.24995834,0.291618064,16.4880981445313,38.6745796241345,10.5,0.0416597,0,15.5698436712052,24.6680114304925,0
48367,TX,Parker,18.0567791727852,4.98745712154011,2.56969115291141,0.076070052,0.0169045,0.439515856,0.0591656,0.343880869642698,0.0591625943779945,0.633917101,0.481776996,11.707971572876,30.952967249446,9.3,0.0338089,1,12.215313828286,25.5449981612459,0
48369,TX,Parmer,13.4856967885732,6.35246338852263,0.786664092883809,0.194931774,0.0,0.487329435,0.0,0.982028871648827,0.291885584592819,0.292397661,0.292397661,12.1192722320557,29.5740365111562,9.8,0.097465887,0,11.9193689745837,31.2980816048301,0
48371,TX,Pecos,21.1862116493845,10.3191335638792,2.20814018247771,0.383656244,0.0,1.150968732,0.063942707,0.784301171649913,0.255738109350204,0.639427073,0.831255195,15.7267045974731,53.9162727886563,9.4,0.0,0,11.7430837686206,24.646933642871,0
48373,TX,Polk,22.8813496865977,13.1381163047465,5.01103568206064,0.131636683,0.0219394,0.438788943,0.0,0.80310729513463,0.109702050685883,0.438788943,0.394910048,21.2324962615967,57.4164746543779,11.0,0.0,0,19.0386012815714,21.0886750489948,0
48375,TX,Potter,30.6063544081813,16.1312160197262,3.08279181647176,0.114460442,0.0245272,0.49054475,0.032703,0.911431724363429,0.0735829174518585,0.964738008,0.874804804,25.6477642059326,63.2798292085079,8.9,0.065405967,1,10.8546083767644,27.7956274313844,0
48377,TX,Presidio,16.8610860837951,7.72198211164573,2.16635940778123,0.128932439,0.0,0.773594636,0.128932439,1.06312292358804,0.257665544748306,0.773594636,0.902527076,30.1339282989502,45.8356015242243,9.7,0.0,0,17.7666922486569,28.9588129956511,1
48379,TX,Rains,0.0,0.0,1.24800077136725,0.181818182,0.0,0.363636364,0.0,0.723445733954735,0.090892568230629,0.636363636,0.909090909,13.8266410827637,47.6894639556377,9.7,0.090909091,0,20.3683342495877,21.6510903426791,0
48381,TX,Randall,21.2175815483853,4.75346975291074,0.936371705427098,0.0405065,0.0243039,0.364558439,0.0324052,0.497007296546799,0.0486160628497601,0.623799995,0.469875321,9.12768936157227,31.3338556458721,8.6,0.081012986,1,12.4903706771588,24.9351832677573,0
48383,TX,Reagan,6.36638795372254,2.13522888441872,0.0,0.29489826,0.0,0.58979652,0.0,1.17505995203837,0.294637590646744,0.29489826,0.88469478,9.20863342285156,41.6876574307305,9.6,0.0,0,10.3653103653104,29.99702999703,0
48385,TX,Real,99.9999995764358,52.4083416685255,5.13140346235368,0.291460216,0.0,0.874380647,0.0,1.8056792322153,0.29146021604538,0.582920431,1.457301078,18.8388500213623,57.6271186440678,10.6,0.582920431,0,25.7781807192505,19.9456029011786,1
48387,TX,Red River,46.6584064875867,17.8128884332198,2.62825765571576,0.394197414,0.0,0.709555345,0.0,1.39173362743553,0.15766653418541,0.236518448,0.867234311,20.5698280334473,55.7173447537473,11.2,0.0,0,21.0886469673406,21.3608087091757,0
48389,TX,Reeves,22.1709281606988,13.0701841758185,4.66627448227841,0.144938039,0.0,0.507283136,0.0,0.724742716335701,0.0724008083343506,0.362345097,0.579752156,18.0528697967529,63.6833046471601,10.2,0.0,0,12.0002902125807,22.7961982151926,1
48391,TX,Refugio,19.8103841740675,7.88971758742815,4.51973366771401,0.409892062,0.0,0.956414811,0.0,1.25132020021123,0.13661202788353,1.366306873,1.093045498,17.3974990844727,48.1268011527378,10.7,0.0,0,19.5042665583096,24.1229852363538,0
48393,TX,Roberts,90.763091677655,25.045231817548,3.96341461093011,1.079913607,0.0,0.0,0.0,1.17096018735363,,0.0,1.079913607,4.95399856567383,18.1347150259067,10.2,0.0,0,16.0387513455328,25.4036598493003,0
48395,TX,Robertson,17.564324925547,7.6145814331859,5.21224905377988,0.180136904,0.0,1.080821424,0.0,1.13830966052181,0.240153700113297,0.480365077,0.720547616,25.5502185821533,59.2188919164396,11.5,0.0600456,1,16.6646612922633,25.3459270845867,1
48397,TX,Rockwall,23.4523482505156,3.43398648806735,0.618445816076751,0.086383493,0.024681,0.345533973,0.0370215,0.361354356126763,0.0740484744310379,0.740429943,0.814472937,7.85374593734741,23.0802603036876,8.1,0.160426488,1,9.62508137916949,30.0075315623524,0
48399,TX,Runnels,28.8200574228296,12.0362451962974,1.86788724631254,0.285877644,0.0,0.762340385,0.095292548,1.08463329824226,0.190421789884567,0.571755289,0.571755289,15.0898933410645,43.599615014437,11.0,0.0,0,19.4648128749643,25.0642795924198,0
48401,TX,Rusk,26.886856808901,8.66133304184688,3.32223970735046,0.09314456,0.0186289,0.372578241,0.0,0.439603154036945,0.111738085746765,0.44709389,0.465722802,14.722562789917,53.5533489096573,11.3,0.09314456,1,14.0390024376524,23.2120757547347,0
48403,TX,Sabine,25.962768056649,12.5714369486169,2.81703050428985,0.186480186,0.0,0.932400932,0.0,0.958497076583917,0.0932140201330185,0.27972028,0.466200466,16.94069480896,41.7992047713718,11.8,0.0,0,26.7768137345394,19.5680265829795,0
48405,TX,San Augustine,35.7142903623859,15.1257910180471,2.51526343069396,0.113726828,0.0,0.909814625,0.113726828,0.444167233688667,0.113649278879166,0.113726828,0.568634141,29.6203594207764,82.6086956521739,12.2,0.0,0,23.0569655950367,21.0490693739425,1
48407,TX,San Jacinto,1.85487655209145,0.762983587111992,6.05693599790133,0.149359621,0.0,0.224039431,0.0373399,0.635921256359213,0.0746881738305092,0.149359621,0.186699526,28.1055946350098,60.7711651299246,10.4,0.0,0,17.32868405094,23.9766525166768,0
48409,TX,San Patricio,16.9052003292905,7.12003409004836,2.26071195708446,0.139632302,0.0310294,0.698161508,0.0310294,1.14075203252033,0.139634475111961,0.760220309,0.496470406,21.5608158111572,54.8318169285911,10.1,0.077573501,1,12.9019813591754,28.2004197271773,0
48411,TX,San Saba,30.5329735960287,11.8264414173519,2.24495258602775,0.662580752,0.0,1.325161504,0.0,1.01355103854271,0.165398612618446,0.993871128,1.325161504,15.2835988998413,54.2143600416233,9.9,0.0,0,19.197520795955,20.9590605121514,0
48413,TX,Schleicher,10.6274801411071,1.4097677726116,0.985851733823164,0.302388872,0.0,0.604777744,0.302388872,0.63827614379085,0.302206099033356,0.0,0.302388872,9.94986724853516,19.8319327731092,10.1,0.0,0,12.7130887026871,31.8694019069633,0
48415,TX,Scurry,34.3155130964903,13.3610684613213,3.1166781689968,0.0592557,0.0,0.711068974,0.0,0.583907509050566,0.0593084618449211,1.066603461,1.185114956,14.4427556991577,45.099846390169,9.1,0.118511496,0,14.0830920158383,25.0221618107677,0
48417,TX,Shackelford,15.3391445136163,4.71095935996685,0.868922969994002,0.299580587,0.0,1.198322349,0.0,0.893921334922527,0.299580574035645,0.898741762,0.599161174,10.6736011505127,41.7417417417417,10.1,0.0,0,17.4363528715216,24.6891651865009,0
48419,TX,Shelby,15.0585571396498,5.76607038469668,4.32608126846065,0.233190828,0.0388651,0.466381656,0.0,0.688599356880229,0.194287940859795,0.19432569,0.505246794,23.9680461883545,60.9626647144949,10.6,0.0388651,0,15.6711725872367,26.4342973907576,0
48421,TX,Sherman,24.8573435993571,4.63756409617383,0.606109047677314,0.0,0.0,0.331785003,0.0,0.97624471200781,0.331784993410111,0.331785003,0.331785003,5.57018995285034,39.9791231732777,8.9,0.0,0,13.3487145682268,30.1911667765326,0
48423,TX,Smith,20.203691280519,6.84183635702366,2.69579899857149,0.094049931,0.0235125,0.451439669,0.05643,0.529510615815028,0.0846007764339447,0.747696952,0.587812069,16.4697322845459,51.5632223763292,9.1,0.098752428,1,14.2341474579666,25.6520785450661,0
48425,TX,Somervell,0.0,0.0,1.62914544885773,0.356336857,0.0,1.187789524,0.0,0.668760176785299,0.237332388758659,0.950231619,1.069010571,13.6239519119263,40.1015228426396,9.3,0.0,1,14.8174322732627,26.454652532391,0
48427,TX,Starr,46.7259106348332,33.4183005760747,5.61549001303195,0.097431068,0.0162385,0.422201293,0.0162385,1.86372366036409,0.14593805372715,0.470916826,0.25981618,46.9647216796875,33.4418500224517,8.5,0.0162385,0,10.3086865240782,33.9161527358614,1
48429,TX,Stephens,24.1028297944137,13.3599836603619,0.759363470739236,0.104975856,0.0,0.9447827,0.0,1.11827275288814,0.104920782148838,0.734830989,0.524879278,18.0970726013184,55.1569506726457,9.7,0.0,0,18.1516095534787,23.9356178608515,0
48431,TX,Sterling,100.000000417739,38.2608696220645,10.089686091584,0.855431993,0.0,0.0,0.0,0.839630562552477,,1.710863986,0.855431993,8.28419017791748,40.2777777777778,10.0,0.0,0,16.3604549431321,24.4094488188976,0
48433,TX,Stonewall,15.6352355696274,4.11083719794,0.0140046340394828,0.683526999,0.0,0.683526999,0.0,1.35593220338983,0.683526992797852,0.683526999,2.050580998,10.6749315261841,40.4166666666667,11.4,0.0,0,23.6912751677852,22.751677852349,0
48435,TX,Sutton,10.8703918819116,2.9993847203251,2.43053225558223,0.250752257,0.0,1.504513541,0.0,1.77215189873418,0.25075227022171,1.003009027,1.253761284,11.6675186157227,41.3943355119826,9.0,0.0,0,13.8808139534884,27.4709302325581,0
48437,TX,Swisher,31.460946606103,10.8333540733176,1.03396041684533,0.128205128,0.0,0.512820513,0.0,0.88708655430237,0.128155842423439,0.512820513,1.025641026,20.179801940918,59.8318240620957,10.4,0.0,0,17.0868347338936,26.1268143621085,0
48439,TX,Tarrant,27.8465238092119,8.07267707967429,1.33032157334013,0.121220321,0.0216465,0.453493878,0.0449165,0.605580148707756,0.0822628363966942,0.69106406,0.58770209,16.5529899597168,45.1348993114649,8.4,0.071974565,1,8.92105952679717,28.0293792156477,0
48441,TX,Taylor,28.8113827620818,12.3022489044273,1.95451520932389,0.090321998,0.0225805,0.654834485,0.0150537,0.844740134708892,0.0978628247976303,0.85805898,0.609673486,16.5063323974609,46.3660454407229,8.7,0.112902497,1,13.1963560597996,24.4536370964062,0
48443,TX,Terrell,99.9999998142569,46.9411762717538,7.25806449881542,0.0,0.0,2.105263158,0.0,0.0,,1.052631579,0.0,10.8577632904053,32.6086956521739,11.6,0.0,0,20.8333333333333,22.1544715447155,0
48445,TX,Terry,37.2092714622642,21.7030988498553,3.04124578328057,0.079082641,0.0,0.474495848,0.0,0.720156452337535,0.0789889395236969,0.711743772,0.474495848,19.6933650970459,63.4920634920635,9.5,0.079082641,0,14.4415461228361,25.918899691724,0
48447,TX,Throckmorton,100.000000238294,35.1772044693218,6.24812387011205,0.610873549,0.0,0.610873549,0.0,1.24921923797626,,0.0,1.832620648,9.57556915283203,49.5238095238095,11.1,0.0,0,24.558196221816,22.3034734917733,0
48449,TX,Titus,14.034521778209,6.49903022008338,2.23349286329236,0.246738426,0.0308423,0.709372976,0.0616846,0.808764249048363,0.123251371085644,0.616846066,0.555161459,21.1078433990479,67.6165803108808,9.1,0.0616846,0,11.5389373414981,30.5653491680584,0
48451,TX,Tom Green,30.6686005662445,11.9503095871702,1.56675261227621,0.125276279,0.0268449,0.527950033,0.062638139,0.567909299294086,0.0805441215634346,0.689019534,0.680071229,14.4034194946289,45.4120805369128,10.4,0.071586445,1,13.8490709827261,23.5284511540136,0
48453,TX,Travis,28.9466639142926,7.98974081248004,1.36151501967371,0.125272326,0.0131866,0.446459267,0.0583976,0.530006523157208,0.0565121285617352,0.791193638,0.827927628,15.9691667556763,48.6800537419659,6.8,0.115853354,1,7.29878761962225,23.9231801114164,0
48455,TX,Trinity,13.814821996899,5.64740593388124,1.54954211653626,0.204262273,0.0,0.612786818,0.0,1.0657628066252,0.136202663183212,0.340437121,0.340437121,24.7854328155518,46.8968531468532,11.3,0.068087424,0,22.4340075419952,20.85018854988,0
48457,TX,Tyler,53.6876328050781,23.2424421272365,4.32356249154604,0.138504155,0.0461681,0.600184672,0.0,0.625252431105726,0.0923105329275131,0.415512465,0.323176362,18.6999626159668,47.5225225225225,10.4,0.0,0,18.9699531379215,19.9944868142975,0
48459,TX,Upshur,16.5409715742428,6.16460488470076,4.715183897182,0.075503989,0.025168,0.402687942,0.025168,0.308371879818311,0.100679583847523,0.427855938,0.402687942,19.4242649078369,40.4900816802801,10.3,0.050336,1,15.7495738889313,24.7322496120481,0
48461,TX,Upton,33.4059384449255,6.79022413800501,1.22714792990792,0.304692261,0.0,1.828153565,0.0,1.24378109452736,0.304414004087448,1.218769043,1.218769043,13.5694570541382,24.6844319775596,10.5,0.0,0,14.6944858420268,27.2727272727273,0
48463,TX,Uvalde,36.3370250688891,20.9187253520741,3.4341125694243,0.0376435,0.0376435,0.715226802,0.0376435,0.953199760765551,0.0752190724015236,0.715226802,0.978731414,28.0959510803223,67.186452045607,9.5,0.0376435,0,14.7547812914221,28.9074039007764,1
48465,TX,Val Verde,33.8714179262571,14.9316227102016,1.78491870748338,0.061287,0.020429,0.429009193,0.143003064,0.734010881839647,0.0816659852862358,0.551583248,0.592441267,26.6626472473145,62.236614065493,10.6,0.040858,0,12.381595368154,29.7960269236277,1
48467,TX,Van Zandt,4.81937596540619,1.85030911532335,2.63580553659681,0.095254425,0.0190509,0.647730087,0.0,0.61355154150851,0.114296600222588,0.400068583,0.628679202,17.0811614990234,44.5640148848436,9.5,0.0190509,0,17.9672492820328,24.059034975941,0
48469,TX,Victoria,40.5953131086212,13.9090973791918,3.27563952592923,0.079972581,0.0228493,0.708328573,0.091397235,0.895234254519113,0.0685322657227516,0.765451845,0.651205301,17.9752330780029,57.3256724993471,10.3,0.125671198,1,13.4388717984169,26.7037664327768,0
48471,TX,Walker,29.7038956531874,11.3129340005027,3.41605815792431,0.08770904,0.0146182,0.555490586,0.0146182,0.55792694811523,0.0584735497832298,0.511636066,0.599345106,13.4604539871216,31.0309278350515,8.8,0.0438545,0,10.2857311268623,16.6782098701758,0
48473,TX,Waller,14.2079467892334,3.61495806261808,2.4317348702311,0.113409545,0.0,0.476320087,0.090727636,0.610576308887737,0.0680133327841759,0.385592451,0.249500998,15.6471939086914,64.2659279778393,9.7,0.0226819,1,10.1747482930216,24.6638120587895,0
48475,TX,Ward,35.9244327037418,11.5568761838505,2.43917171597077,0.281109445,0.0,0.937031484,0.0,0.827281919294053,0.0937119275331497,0.749625187,1.311844078,12.3864507675171,44.8871819491119,9.9,0.0,0,14.7776318258585,27.3972602739726,0
48477,TX,Washington,13.4867186243371,4.90552759296121,2.22708042343593,0.147245045,0.029449,0.647878199,0.117796036,0.679513878704328,0.088352233171463,0.854021262,0.854021262,12.5672101974487,47.9467680608365,11.4,0.088347027,0,18.3848389584198,22.0950234296222,0
48479,TX,Webb,17.8971607198979,8.83340995906833,0.987820014397899,0.14867096,0.0117372,0.395151762,0.066510693,0.758505291209442,0.167981222271919,0.586859052,0.496873997,39.3958396911621,43.2315178519083,9.1,0.0547735,1,7.79332331884429,35.2203720276144,1
48481,TX,Wharton,16.9018461326282,7.43370545007076,3.73707316422971,0.19389239,0.0484731,0.799806108,0.072709646,0.845747042913084,0.121097631752491,0.702859913,0.605913718,19.8470687866211,52.9642332190103,11.2,0.0242365,0,14.5809108527132,26.8217054263566,0
48483,TX,Wheeler,10.2788378098719,2.03957446330085,1.1169795381032,0.734618916,0.0,1.101928375,0.0,1.25903543073824,0.550761878490448,0.918273646,1.652892562,9.61538505554199,40.4315196998124,10.5,0.183654729,0,18.3918669131238,25.3419593345656,0
48485,TX,Wichita,32.7785343183041,12.7984990181313,1.82573156043974,0.107053282,0.0305867,0.489386432,0.0535266,0.676502557787761,0.114692054688931,0.718786322,0.741726311,17.220272064209,47.2824305978185,10.6,0.068819967,1,13.0623574144487,23.1247148288973,0
48487,TX,Wilbarger,25.1025552531794,12.0457651059124,3.1228706355276,0.148809524,0.074404762,0.520833333,0.0,0.848544275154624,0.22298201918602,0.892857143,0.520833333,18.6294460296631,54.3093270365998,10.0,0.074404762,0,15.5744366457333,25.6150720354636,0
48489,TX,Willacy,4.04232369355874,2.67535864436743,2.10742852944662,0.0451141,0.0451141,0.406027249,0.090228278,1.15982107776468,0.135311886668205,0.315798971,0.225570694,39.9735717773438,9.81833910034602,9.0,0.0,0,11.6879009668383,26.7958796421795,1
48491,TX,Williamson,34.0715908376198,7.03903879386584,1.31741158920966,0.076892285,0.0203538,0.375415275,0.0361846,0.401477026308252,0.0475098080933094,0.671676727,0.517892156,9.75142669677734,28.0584895845113,6.9,0.074630747,1,8.91480295921964,28.7338618668067,0
48493,TX,Wilson,10.0069039435339,3.20069929121599,1.98252570296388,0.091600256,0.0,0.412201154,0.0458001,0.473292765382015,0.0915960595011711,0.480901347,0.549601539,12.6307601928711,36.5749525616698,10.0,0.0458001,1,12.6100936669929,26.4084999300993,0
48495,TX,Winkler,6.04307084354889,1.41562574817059,0.797048791724783,0.279290602,0.0,0.837871806,0.139645301,1.50068212824011,0.279095739126205,0.418935903,0.418935903,13.5098438262939,21.2484237074401,9.7,0.0,0,11.8143459915612,29.662447257384,0
48497,TX,Wise,6.19300016004602,1.77100546182646,2.08025268725335,0.150117592,0.0166797,0.467032509,0.0333595,0.555721030800459,0.116765916347504,0.633829833,0.583790636,11.569091796875,36.1025268133067,8.6,0.0500392,1,12.310788641399,26.0507044159183,0
48499,TX,Wood,9.17882996989341,3.79271345915945,2.89722493652108,0.09492169,0.0237304,0.59326056,0.0237304,0.610791172877699,0.118784599006176,0.474608448,0.830564784,13.9733142852783,47.5178455548345,11.2,0.0474608,0,24.1826327328186,20.3221809169765,0
48501,TX,Yoakum,11.4794239720024,4.33262225688671,1.12143091359134,0.251256281,0.0,0.502512563,0.125628141,0.990712074303406,0.250878065824509,0.753768844,1.130653266,10.7108793258667,45.9764474975466,9.4,0.0,0,11.3593095570504,31.7426069298134,0
48503,TX,Young,35.1297614054893,15.2800707536143,1.4617229240817,0.163523384,0.0545078,0.763109125,0.0,0.654343203009979,0.16346101462841,0.981140303,0.872124714,15.5705709457397,46.3654792933681,10.3,0.0545078,0,18.4474393530997,24.0377358490566,0
48505,TX,Zapata,43.14153742759,28.7269490015119,2.91562745727796,0.210925965,0.0,0.773395205,0.0,1.55120130627478,0.140558019280434,0.42185193,0.492160585,38.4691772460938,70.7194053623573,8.9,0.0,0,10.4151804822371,34.277357682979,1
48507,TX,Zavala,31.7020711011379,22.0959471266659,3.78573333311909,0.252844501,0.0,0.589970501,0.0,1.37948332079258,0.16837851703167,0.505689001,0.505689001,42.7775917053223,73.2399557685219,8.7,0.0,0,12.0578915817419,31.3436670377665,1
49001,UT,Beaver,14.3878937089929,4.84332134825287,0.232188917215128,0.304971028,0.0,2.287282708,0.0,0.807568066451315,0.457526296377182,1.372369625,0.762427569,10.6840887069702,32.3845667299178,7.5,0.152485514,0,12.5509126565093,33.8512596168351,0
49003,UT,Box Elder,17.7546492740971,4.48350943692616,0.968430862669268,0.099522293,0.0199045,0.358280255,0.0597134,0.446805259346369,0.099536158144474,0.477707006,0.358280255,10.7517776489258,30.9814323607427,7.5,0.099522293,1,11.1315657828914,33.9729864932466,0
49005,UT,Cache,32.709826528061,8.75564482723551,0.762403650723979,0.113230555,0.0348402,0.165490811,0.0348402,0.337603878116343,0.113266073167324,0.696803414,0.304851494,9.85905170440674,27.2353459488944,5.2,0.069680341,1,7.71729867916489,31.6352435733561,0
49007,UT,Carbon,23.343515322788,8.2159029650734,2.78139285432912,0.234675678,0.0469351,0.516286492,0.093870271,0.576579120775675,0.234708726406097,0.75096217,0.563221628,17.5969543457031,44.1997063142438,8.9,0.093870271,0,13.5635191328318,26.7345699201047,0
49009,UT,Daggett,99.9999991115052,33.6387435494966,0.0,0.860585198,0.0,0.0,0.0,0.91743119266055,,0.0,0.0,4.26569175720215,18.5714285714286,8.9,0.0,0,18.9801699716714,22.9461756373938,0
49011,UT,Davis,27.7611761077149,4.15683759385446,0.381540754084265,0.067329488,0.0288555,0.224431627,0.057711,0.318230322758376,0.0897902101278305,0.634820888,0.355884437,8.33225154876709,18.6848525171878,5.8,0.089772651,1,8.15455545078129,34.3707072915273,0
49013,UT,Duchesne,27.664254877718,8.386615433888,1.47159828905866,0.267308206,0.0,0.748462978,0.0,0.666874523661055,0.213892310857773,0.641539695,0.481154771,11.4044780731201,34.3876723438767,9.4,0.106923283,0,10.6626538399527,33.9065942924706,0
49015,UT,Emery,40.3471306532481,12.0343858122932,1.5644655389691,0.455207575,0.0,1.001456664,0.091041515,0.914662032379036,0.364166051149368,0.637290605,0.18208303,11.824221611023,36.4123711340206,8.5,0.0,0,12.463556851312,31.7784256559767,0
49017,UT,Garfield,35.0288332368403,11.0085098508478,2.04797927394642,0.388424937,0.0,1.553699748,0.0,0.98135426889107,0.777000784873962,1.553699748,2.136337153,8.08150672912598,40.6313645621181,8.7,0.0,0,16.0672853828306,26.6627996906419,0
49019,UT,Grand,18.6207332646919,7.00802757741241,0.830721791631615,0.322719449,0.0,0.753012048,0.10757315,1.17924528301887,0.215169444680214,1.506024096,2.581755594,15.2681274414063,38.8923459863099,8.2,0.0,0,13.5609756097561,22.9593495934959,0
49021,UT,Iron,25.8124396648171,12.0479145712927,1.87119621630834,0.085800086,0.02145,0.45045045,0.02145,0.402852049910873,0.10726161301136,0.836550837,0.643500644,17.3681087493897,40.221052631579,5.7,0.02145,0,9.81955245542967,30.2060091415203,0
49023,UT,Juab,43.0046787659936,13.1862935220717,1.49470197866827,0.096983804,0.0,0.678886626,0.096983804,0.572156142217065,0.19396761059761,0.872854233,0.77587043,10.9033508300781,30.3423848878394,7.2,0.0,1,10.1795822760102,37.4487604918993,0
49025,UT,Kane,43.6405391596678,15.9902476507353,1.39398170184272,0.274235568,0.0,1.234060058,0.0,0.415454923140839,0.27423557639122,0.685588921,2.193884547,9.74720001220703,31.0,9.1,0.274235568,0,19.480701754386,24.2666666666667,0
49027,UT,Millard,40.6118874217861,12.3683138870276,2.43121943280552,0.39818428,0.0,0.955642271,0.079636856,0.981250165751717,0.3182432949543,1.035279127,0.39818428,11.1811466217041,38.5766544728966,7.9,0.0,0,14.1566024154203,32.4802047508598,0
49029,UT,Morgan,0.418102646582564,0.0543482865981639,0.874969934547347,0.10360547,0.0,0.518027352,0.0,0.13576349998303,0.103605471551418,0.207210941,0.310816411,3.07728934288025,12.2637716123844,6.7,0.10360547,1,10.5290949413877,35.3680430879713,0
49031,UT,Piute,100.000000216289,41.0518536616257,0.366744780043113,1.334222815,0.0,1.334222815,0.0,0.656167979002625,1.33511352539063,0.667111408,0.667111408,12.8590517044067,58.3577712609971,8.7,0.0,0,21.3367609254499,30.0771208226221,0
49033,UT,Rich,99.9999994971891,32.8152759511295,3.96239703287155,0.435729847,0.0,1.74291939,0.0,1.32333480370534,0.871459722518921,2.614379085,0.435729847,8.0526008605957,56.3894523326572,8.4,0.0,0,15.1501766784452,31.095406360424,0
49035,UT,Salt Lake,11.4775355566035,3.05570719980692,0.567977092662873,0.134501814,0.0209861,0.258510578,0.062958296,0.476809526226638,0.0906871929764748,0.809872624,0.563762922,12.7681760787964,34.6990117703772,6.9,0.082036567,1,8.67931491616124,29.1147034686376,0
49037,UT,San Juan,49.0764842520573,27.4834138569512,4.33461865197738,0.13479814,0.0,0.808788839,0.0,1.00233879051119,0.337018072605133,0.26959628,0.606591629,31.8943729400635,60.5939272605939,9.6,0.0,0,10.850400108504,34.0227858402279,1
49039,UT,Sanpete,9.3353323669757,3.7994361093843,0.935863985413837,0.142836738,0.0357092,0.357091844,0.0357092,0.358345875438974,0.214293360710144,0.535637766,0.214255106,11.6726293563843,38.1482146061367,7.4,0.0357092,0,11.4909064768888,29.9798720437064,0
49041,UT,Sevier,2.06829474580061,0.690147649814379,1.02592582478218,0.143747005,0.0479157,0.670819358,0.0479157,0.613452655889146,0.191662669181824,0.718735026,0.814566363,16.1793899536133,38.2700421940928,7.6,0.095831337,0,14.4986059032785,31.7277184886069,0
49043,UT,Summit,20.4504618905193,3.72857203952932,1.13604192418826,0.427373257,0.0,0.347240771,0.0267108,0.405669727828505,0.160350635647774,1.041722314,2.2437096,3.46095323562622,17.8251425468368,3.9,0.160264971,0,7.62030613368572,27.722717762361,0
49045,UT,Tooele,27.3767201916404,6.52583325801199,1.5934897580577,0.084482293,0.0168965,0.304136253,0.0506894,0.375814264239185,0.084485150873661,0.388618546,0.304136253,12.4871768951416,33.7659604321594,7.7,0.0337929,1,7.52172867498025,36.1022364217252,0
49047,UT,Uintah,24.5546531366447,5.46986523188247,1.71501959856935,0.0601576,0.0300788,0.421103291,0.0300788,0.533445332715406,0.120333321392536,0.541418517,0.541418517,8.63064289093018,35.8760429082241,8.7,0.0300788,0,9.19663679882165,33.315944519455,0
49049,UT,Utah,22.9405262012529,6.34171781686864,0.5962237979761,0.09041932,0.0226048,0.182722375,0.0452097,0.262255228453443,0.0734936594963074,0.66307501,0.325886298,9.06703281402588,27.0231024185344,5.6,0.0527446,1,6.4768353969692,35.2283550537784,0
49051,UT,Wasatch,4.96092035292112,0.770373535750132,0.919676540600902,0.245569517,0.0409283,0.245569517,0.0,0.395679183318166,0.122910521924496,0.654852044,0.695780297,6.52168226242065,30.1931922723091,5.6,0.122784758,0,8.57203569910752,33.9141521461963,0
49053,UT,Washington,27.639869458581,8.30674638561633,1.59381869718187,0.106175147,0.0283134,0.31852544,0.077861774,0.394197414064964,0.0991185531020165,0.806931114,0.587502477,14.88161277771,30.5548590464592,7.7,0.11325349,1,17.2508416898961,30.1820946312855,0
49055,UT,Wayne,36.3212820315914,13.5013701881389,1.0996102029239,1.093693037,0.0,1.093693037,0.0,0.365363536719035,0.729394614696503,1.458257382,2.187386074,8.92088127136231,33.3333333333333,8.5,0.364564346,0,15.2987760979122,30.1655867530598,0
49057,UT,Weber,24.7759070503861,6.0057717846693,0.793935273003567,0.149642995,0.0256531,0.299285989,0.0513062,0.491604687852152,0.106914363801479,0.66270469,0.483133097,15.3936529159546,37.0180554959901,7.4,0.064132712,1,10.1143420574651,29.9741389749001,0
50001,VT,Addison,2.42918956753835,1.10845351966577,1.92034181131785,0.434239809,0.0,0.759919666,0.05428,0.650882206195854,0.162306919693947,0.434239809,0.759919666,12.3337678909302,25.2841518335835,5.9,0.162839928,0,13.8562233508052,20.3742429591809,0
50003,VT,Bennington,11.5618818389198,3.8792188882974,2.34182750601386,0.326122405,0.0,0.951190347,0.108707468,1.00825680573344,0.21730862557888,0.597891075,1.549081422,24.7338562011719,39.9668325041459,7.9,0.244591803,0,18.8417508417508,20.4794612794613,0
50005,VT,Caledonia,6.38638573554748,2.12820882582051,2.87292603592965,0.32158477,0.0,0.996912786,0.128633908,1.08983216049184,0.385827273130417,0.418060201,0.803961924,21.9463691711426,40.0637958532695,7.4,0.128633908,0,15.348896788036,21.7536106574439,0
50007,VT,Chittenden,19.8829746125199,3.50213467502443,1.53338154975847,0.279155934,0.00634445,0.596378586,0.095166796,0.865908746782416,0.126563861966133,0.672512023,1.10393483,13.8649654388428,22.1355368848675,5.2,0.177644685,1,11.2970711297071,20.002555175828,0
50009,VT,Essex,29.7701701916721,11.835670801983,4.45339192003474,0.316305551,0.0,0.632611102,0.0,0.88339222614841,0.158152773976326,0.158152776,0.948916653,25.8408317565918,44.2451420029895,6.8,0.0,0,19.3466539803362,18.9819219790676,0
50011,VT,Franklin,4.37098629959234,0.978026589970678,1.64953907339677,0.332039762,0.0,0.89235686,0.0207525,0.96445015970465,0.145186051726341,0.394297217,0.705584494,22.9061393737793,31.4666027101571,7.8,0.041505,1,12.1643697901395,24.7287730909396,0
50013,VT,Grand Isle,3.18594297277281,0.524972374796,2.68643395684504,0.43047783,0.0,1.434926101,0.14349261,1.51558546947348,0.143410295248032,0.43047783,0.28698522,17.2120952606201,51.1475409836066,6.5,0.0,1,14.0459110473458,20.3299856527977,0
50015,VT,Lamoille,2.21923523496907,0.44728494672583,3.4459863892232,0.405284915,0.0,0.851098322,0.121585475,0.954937628549296,0.242855980992317,0.648455864,1.661668153,18.9982204437256,31.5545875306289,6.6,0.162113966,0,13.3360572012257,22.3370786516854,0
50017,VT,Orange,11.1374308813931,3.52135932847519,3.35082054576818,0.344744372,0.0,0.792912056,0.068948874,1.05736873645877,0.379075050354004,0.24132106,0.723963181,18.0871181488037,35.8856559469117,6.9,0.0344744,0,14.7774398672933,20.9047553220901,0
50019,VT,Orleans,16.0112842718202,5.49012552701003,3.42579605560865,0.588819784,0.0,0.883229677,0.073602473,1.68763141392158,0.441322505474091,0.404813602,0.920030913,29.8309574127197,43.8848920863309,7.6,0.11040371,0,17.7151041092872,21.2845653850391,0
50021,VT,Rutland,10.3148084642824,3.46637848559417,2.37061884492466,0.408523433,0.0,0.996797176,0.098045624,1.04733115378929,0.24501796066761,0.719001242,1.372638735,25.524055480957,35.7520253610426,8.1,0.081704687,0,16.6396288245028,19.2758184354823,0
50023,VT,Washington,9.87737045043869,2.32630187676484,1.74075829194299,0.436541916,0.0,0.90666398,0.201480885,1.04543288769304,0.201396346092224,0.45333199,1.057774644,16.4017238616943,26.2508809020437,7.7,0.167900737,0,14.4740820371552,20.6940571774112,0
50025,VT,Windham,9.56740328696529,4.21634785142001,4.21476171250151,0.407221393,0.0,0.882313018,0.226234107,1.10643780076541,0.226044893264771,0.904936428,1.719379214,22.0925998687744,34.1611577630874,7.2,0.113117054,0,16.1009143396311,19.8548738570755,0
50027,VT,Windsor,12.4920375313768,3.99452992329296,4.029752136753,0.477335408,0.0,0.990028994,0.141432713,0.824275201176519,0.17666283249855,0.512693586,1.520401669,18.1750946044922,28.0261577472308,7.4,0.141432713,0,17.8065996117875,19.8500088230104,0
51001,VA,Accomack,4.60604866975829,1.68587340807913,7.70641741794253,0.331105894,0.0301005,0.842815002,0.120402143,1.19222578806874,0.240811541676521,0.57191018,1.083619288,25.9038791656494,58.2154088050314,11.8,0.0602011,0,19.1050536726571,20.8810758653962,0
51003,VA,Albemarle,15.6229105261032,2.73204779173776,1.94120447320827,0.169560837,0.0099742,0.568527514,0.0299225,0.435203567691269,0.0898185670375824,0.54857918,0.658295016,,21.1882605583393,8.6,0.089767502,1,14.2709912094574,21.5065171264019,0
51005,VA,Alleghany,13.6671371798648,4.16629679023863,2.21040430403297,0.185666543,0.0,0.618888476,0.0,1.07311562949271,0.061885017901659,0.495110781,0.309444238,,38.4413638066692,11.1,0.0618888,0,20.3384615384615,21.2307692307692,0
51007,VA,Amelia,14.6152398256744,3.28532477776173,2.77935561124497,0.078419072,0.0,0.470514429,0.078419072,0.803354494866369,0.0784190744161606,0.392095358,0.392095358,20.7761306762695,40.044994375703,11.0,0.078419072,1,15.75256107171,22.2379826635146,0
51009,VA,Amherst,20.1722981386941,7.57977880164167,4.56058006595391,0.186857677,0.0311429,0.654001869,0.0311429,0.887784090909091,0.124420665204525,0.56057303,0.467144192,14.6185312271118,37.8343118069145,12.2,0.0311429,1,16.4745155008809,21.4508700893271,0
51011,VA,Appomattox,2.96973637983324,0.75142785960366,6.08517532362248,0.198622881,0.066207627,0.595868644,0.066207627,0.699585757095012,0.198570296168327,0.397245763,0.46345339,20.6679344177246,39.0,11.9,0.198622881,1,17.4113404127429,22.2066386161758,0
51013,VA,Arlington,2.47375536903708,0.0842677096855019,0.0545509970522653,0.194058125,0.00462043,0.341911935,0.0600656,0.354377313819961,0.0324116088449955,1.053458393,1.058078825,4.20971870422363,25.2874098208052,6.9,0.14785381,1,8.69540088716785,15.7137559180646,0
51015,VA,Augusta,12.8753268161208,2.93839260420068,2.5791696791418,0.135793919,0.0,0.475278717,0.0407382,0.560020635911917,0.0543197803199291,0.407381757,0.339484798,,28.0049923195085,9.4,0.0543176,1,16.0528813559322,21.3627118644068,0
51017,VA,Bath,20.7030495456637,4.20521144493462,2.87375999700891,0.214822771,0.0,1.288936627,0.214822771,0.429922613929493,,0.214822771,1.074113856,9.93175315856934,29.6352583586626,11.2,0.0,0,22.2363136757557,16.994292961319,0
51019,VA,Bedford,11.1218906404716,1.7778077116135,3.98982423826452,0.145579672,0.0132345,0.397035469,0.0397035,0.501748335488815,0.0926452875137329,0.251455797,0.54261514,11.0978374481201,27.7736172033808,9.1,0.066172578,1,16.2312889510164,22.2858058128021,0
51021,VA,Bland,40.3321638553816,13.8185322517947,4.50587089926773,0.0,0.0,0.737898465,0.0,0.890471950133571,0.147623270750046,0.295159386,0.0,10.2564105987549,30.3232998885173,10.6,0.147579693,0,17.3651817116061,17.8780773739742,0
51023,VA,Botetourt,22.0107733696555,2.93826263429603,1.83405683680488,0.151524335,0.0,0.606097339,0.0,0.661056483883292,0.0909118428826332,0.515182738,0.484877871,5.6892523765564,16.0910361349571,10.4,0.090914601,1,16.3659949318209,22.4266924097985,0
51025,VA,Brunswick,20.5538786751334,4.51834056431814,8.14984313474651,0.116747417,0.0,0.933979336,0.0,0.96511855771115,0.116781502962112,0.291868542,0.350242251,27.4826335906982,70.481640438722,12.5,0.0583737,0,16.5309165997476,19.3128369852013,0
51027,VA,Buchanan,5.63038658280654,2.85741978925793,11.4864771570955,0.293895373,0.0419851,0.50382064,0.0419851,1.31327102281459,0.167947262525558,0.37786548,0.083970107,22.0152854919434,53.6296770067157,13.3,0.083970107,0,16.0511245746535,18.7276952444186,0
51029,VA,Buckingham,12.1030163929003,4.3733730550175,11.6617497620237,0.116198001,0.0,0.755287009,0.0,0.794904806491885,0.1743273884058,0.058099,0.174297002,26.0965938568115,52.2850122850123,12.2,0.058099,1,14.3007115362184,19.2289746879739,0
51031,VA,Campbell,21.0736313481144,6.22230228407489,4.1340162617673,0.164260554,0.0182512,0.730046906,0.0182512,0.950214213633535,0.10952902585268,0.474530489,0.456279316,,30.7692307692308,10.5,0.109507036,1,15.8364027570111,21.9612705590606,0
51033,VA,Caroline,5.01526283296371,1.03982483887943,2.88732594677396,0.104613453,0.0,0.523067266,0.104613453,0.73634313590133,0.069744735956192,0.31384036,0.453324964,23.2639122009277,41.1322527601597,10.7,0.0,1,13.1161324224908,23.9761779646173,0
51035,VA,Carroll,6.64780861788263,2.0595124686919,6.73717811115886,0.066462847,0.0,0.897248438,0.066462847,1.07757417395285,0.166157111525536,0.332314236,0.465239931,,41.0974244120941,12.0,0.0332314,0,19.4294654150856,20.6976899008055,0
51036,VA,Charles City,1.93654865970258,0.510475182777383,4.83334962892586,0.138811771,0.0,0.416435314,0.0,0.221228633971403,,0.0,0.277623542,20.4532699584961,54.739336492891,14.5,0.0,1,16.7309812568908,17.9299889746417,0
51037,VA,Charlotte,33.5368358870544,14.3401421594614,8.00626756998462,0.160128102,0.0,0.560448359,0.0,1.08835859400194,0.0800512358546257,0.080064051,0.480384307,22.3678894042969,44.3916349809886,11.5,0.080064051,0,18.6794851422215,23.0494199904656,0
51041,VA,Chesterfield,36.8438861278188,6.11338069337659,0.930141321205576,0.124835373,0.0187253,0.421319385,0.0405715,0.552972102827594,0.103035166859627,0.642902173,0.630418635,12.4388093948364,17.1415108627972,8.6,0.118593605,1,10.396665781252,26.0928547034493,0
51043,VA,Clarke,2.22397474071922,0.458809528664497,1.17950064116561,0.140974131,0.0,0.704870656,0.140974131,0.488724429239684,0.0704870671033859,0.563896525,0.493409459,7.10925436019898,15.8021133525456,10.3,0.0,1,16.2961379506912,22.9514037337894,0
51045,VA,Craig,12.4056296145012,4.16177548603603,1.20292864093034,0.386922035,0.0,0.386922035,0.0,0.575484366008057,0.193461015820503,0.193461018,0.580383053,12.6670560836792,32.3119777158774,9.5,0.0,1,17.0712909441233,21.4065510597303,0
51047,VA,Culpeper,4.70018354345163,0.822975202844989,2.11321058083957,0.253485425,0.0211238,0.443599493,0.0211238,0.692255779813961,0.0844897851347923,0.464723278,0.675961132,15.8424081802368,32.0749838396897,9.1,0.126742712,1,12.2041594379833,25.8840412088501,0
51049,VA,Cumberland,58.8259834757145,22.1594526488966,9.48661854485224,0.200360649,0.0,0.901622921,0.0,0.879953971638407,0.100180327892303,0.0,0.300540974,27.5011005401611,55.4890219560878,11.6,0.0,0,16.0863509749304,22.7516912057302,0
51051,VA,Dickenson,0.189322268250763,0.110770116226405,6.73326699270399,0.253453301,0.0,0.570269928,0.0,1.52432547270023,0.190162271261215,0.380179952,0.506906602,22.9972839355469,44.3474811582705,10.5,0.0,0,16.7452681883921,20.8954285354964,0
51053,VA,Dinwiddie,20.8853951151182,5.62469819576515,4.52490530221959,0.213416803,0.0,0.604680942,0.0,0.857326569979281,0.14228293299675,0.24898627,0.355694672,,46.4989059080963,11.6,0.0355695,1,13.6637977215099,22.7813292382415,0
51057,VA,Essex,26.6793044535659,9.011408144894,4.19231806967689,0.179115171,0.089557586,0.80601827,0.0,0.964420309207988,0.268648684024811,0.80601827,1.074691026,30.5583019256592,58.1395348837209,12.8,0.268672757,0,17.3616715989597,21.9800914716169,0
51059,VA,Fairfax,18.9987755276171,1.28066231883789,0.363757197586004,0.16098108,0.00361755,0.237854068,0.0542633,0.312294572451447,0.0543787591159344,0.785008863,0.65387259,,19.8101432715127,7.8,0.108526571,1,9.82596332158051,24.2804554942749,0
51061,VA,Fauquier,12.4587742020755,1.10460736691075,1.54631976795835,0.211918926,0.0,0.499523182,0.0454112,0.453347760311783,0.07571741938591,0.650893844,0.635756778,8.59725761413574,18.955078125,9.5,0.121096529,1,12.7126052482248,25.2212321518949,0
51063,VA,Floyd,27.8388186215337,10.8034099308516,5.52821756877535,0.194817845,0.0,0.584453536,0.0,0.806800952999784,0.12987856566906,0.324696409,0.649392818,15.8123254776001,35.9110169491525,9.5,0.064939282,1,17.5796845343282,21.9058838929249,0
51065,VA,Fluvanna,26.8147004160807,2.42064641475598,3.28644816317723,0.15410695,0.0,0.269687163,0.077053475,0.446078997702212,0.115571305155754,0.15410695,0.539374326,8.85648059844971,20.7792207792208,10.6,0.077053475,1,15.6552878439921,23.0353041921295,0
51067,VA,Franklin,15.9047459304203,7.10146977768144,4.30686287716358,0.088742169,0.0177484,0.62119518,0.0177484,0.828739075712184,0.0709962546825409,0.532453011,0.443710843,18.7096271514893,40.6992440604752,10.2,0.070993735,1,17.5875638811232,20.7927491586389,0
51069,VA,Frederick,18.7609490859281,3.07016923766429,1.73824153508589,0.125741877,0.0377226,0.477819133,0.0377226,0.550941892749978,0.100606150925159,0.60356101,0.452670757,,24.3369734789392,9.1,0.113167689,1,12.7118319392121,25.1261094438414,0
51071,VA,Giles,10.7175015523426,4.00150070632504,4.17699165755249,0.349874628,0.0583124,0.932999009,0.0,1.3734640831758,0.233249753713608,0.699749257,0.58312438,15.8713836669922,34.982050259274,11.1,0.0,1,18.0261483281268,21.6649311581627,0
51073,VA,Gloucester,10.2149197048385,2.19175943205995,2.06595173023875,0.135556459,0.0271113,0.650671004,0.162667751,0.811057492454228,0.108445167541504,0.73200488,0.73200488,15.4906702041626,26.9326683291771,9.6,0.108445167,1,14.677953225894,22.0847577188127,0
51075,VA,Goochland,15.2534761705311,4.45041097340612,2.26931931513426,0.093558497,0.0,0.608130233,0.0,0.421604909354945,0.0935716256499291,0.327454741,0.421013239,7.55831241607666,20.6143896523848,9.5,0.0467792,1,14.9053736703965,20.2606253165723,0
51077,VA,Grayson,17.6150772506146,6.32187355144377,6.01242891190649,0.065078745,0.0,0.325393726,0.0,0.675097148126194,0.0650787428021431,0.260314981,0.455551217,21.8802967071533,45.1282051282051,11.6,0.0,0,20.981136934269,18.9918238588811,0
51079,VA,Greene,0.0,0.0,2.59408659568884,0.160711416,0.0535705,0.428563776,0.0,0.528297196029336,0.107152424752712,0.321422832,0.642845663,14.367205619812,28.5912560721721,8.7,0.0535705,1,12.7424876378851,24.947019507689,0
51081,VA,Greensville,7.06070484697559,2.91228284976076,7.39126140524585,0.0,0.0,0.668560923,0.0,0.689112029927151,,0.167140231,0.083570115,,65.0078575170246,11.3,0.0,0,12.5541125541126,16.3848729886466,0
51083,VA,Halifax,26.3065038745501,11.3347538926715,7.79830948573417,0.250166778,0.0277963,0.83388926,0.0277963,1.33662491747794,0.111175961792469,0.667111408,0.667111408,22.8322639465332,52.3366097603035,14.7,0.111185235,0,19.3675671201126,22.0275378714715,0
51085,VA,Hanover,19.8484891054865,2.38658088517169,1.04503256035434,0.130122315,0.0300282,0.510479851,0.070065862,0.583601541701434,0.0800816863775253,0.720677437,0.730686846,7.79236078262329,9.32144573167476,9.3,0.140131724,1,13.1219771086388,25.0322942431131,0
51087,VA,Henrico,22.4869085148328,3.70415084677323,0.835830315550646,0.199477498,0.0225217,0.456867817,0.06434758,0.710470831798611,0.122399017214775,0.820431644,0.778605717,14.6848516464233,31.1055565474419,9.1,0.138347297,1,12.3557104924495,24.2305374102009,0
51089,VA,Henry,19.2091456509643,6.64756103206567,5.33243023612609,0.242750173,0.0,0.87763524,0.0186731,1.33883340570271,0.149420991539955,0.504173436,0.317442534,,49.2057135228941,12.0,0.093365451,0,19.6783069564736,20.5130099167144,0
51091,VA,Highland,100.00000049754,30.4480632752693,1.97205485791712,0.442673749,0.0,1.770694998,0.0,1.4105419450631,,0.0,1.328021248,8.39301681518555,51.2605042016807,11.4,0.0,0,24.9461439034899,14.9073675140026,0
51093,VA,Isle of Wight,16.4423032824678,2.5642228003425,2.94408224188277,0.170024654,0.0,0.736773499,0.170024654,0.68269348475004,0.0850147381424904,0.595086288,0.566748845,15.0494728088379,28.2051282051282,11.9,0.113349769,1,14.644173518571,22.7700595406861,0
51095,VA,James City,32.1432896386256,5.76363067415426,2.16056360302157,0.161016453,0.0,0.278119328,0.0439136,0.418074344734922,0.0732075124979019,0.556238656,0.644065812,,22.2818503810239,9.5,0.146378594,1,20.6987121132982,21.4672655911892,0
51097,VA,King and Queen,10.5370460220039,4.93695762909656,3.58011438802741,0.0,0.0,0.429430289,0.0,0.141924496168039,,0.0,0.14314343,21.4605026245117,61.9718309859155,12.1,0.0,0,17.3218142548596,20.7631389488841,0
51099,VA,King George,0.0,0.0,3.20839605807089,0.082379109,0.0411896,0.535464206,0.0,0.554421768707483,0.164792150259018,0.617843315,0.411895543,15.9488010406494,21.6288061865636,8.9,0.123568663,0,10.1636702849389,27.7306648575305,0
51101,VA,King William,10.2059874113084,2.15423170651783,4.07636241132599,0.124882922,0.0,0.499531689,0.124882922,0.949043656008176,0.1248829215765,0.437090228,0.749297534,15.8248319625855,27.5083056478405,9.9,0.124882922,1,12.3627235644807,24.6940696579856,0
51103,VA,Lancaster,3.08870250302886,0.24671663958539,6.30921368952275,0.532103583,0.08868393,1.241575027,0.08868393,1.56491040702504,0.266098976135254,0.798155374,1.507626818,19.408239364624,63.890991672975,13.4,0.0,0,31.200070230884,16.074093582653,0
51105,VA,Lee,0.0726988135342768,0.0246469024920949,7.51208236131209,0.234990013,0.039165,0.704970039,0.0,1.22346968150533,0.23499920964241,0.234990013,0.352485019,27.9821147918701,49.596886294134,12.6,0.0,0,16.0393950052761,20.2329307851643,1
51107,VA,Loudoun,12.6252542961831,0.517075565021994,0.424120113655393,0.149894768,0.0122363,0.253903382,0.0489452,0.280252974688679,0.0612897202372551,0.703587685,0.654642455,3.46463680267334,12.4099038446307,6.6,0.131540306,1,6.53995536500475,30.5573610919884,0
51109,VA,Louisa,2.34926162858073,0.810655589245884,3.83696059873412,0.119542154,0.0298855,0.687367383,0.089656615,0.501046963804966,0.149427697062492,0.268969845,0.388511999,17.1870803833008,36.1657154935532,10.2,0.119542154,0,14.4662624800169,22.1337435526197,0
51111,VA,Lunenburg,0.0352944902150359,0.0119526233897363,5.988613210414,0.232360003,0.0,0.464720006,0.0,0.748066942061222,0.154918670654297,0.154906669,0.232360003,22.4257526397705,56.2575941676792,12.1,0.077453334,0,17.198389344897,19.3123741675701,0
51113,VA,Madison,1.85487214603228,0.64101084072753,2.69818878762404,0.380459595,0.0,0.456551514,0.0,0.789141414141414,0.0760919153690338,0.380459595,0.380459595,15.2922658920288,28.0151433207139,9.9,0.076091919,0,17.5082657048392,22.3174030658251,0
51115,VA,Mathews,0.0,0.0,3.09299821301833,0.2236386,0.0,0.6709158,0.0,0.562809545249888,0.11180679500103,0.4472772,0.8945544,13.8327722549438,28.6303630363036,11.7,0.1118193,1,25.5067943862776,18.2000445533526,0
51117,VA,Mecklenburg,10.9984296899747,4.25828159874568,5.37334925405142,0.245647435,0.0307059,1.044001597,0.092117788,1.34912385691938,0.184263870120049,0.736942304,0.829060092,19.1031379699707,50.4152823920266,12.7,0.0614119,0,20.7290616310691,19.482384575427,0
51119,VA,Middlesex,0.981860527292609,0.369437419819248,2.56692708261285,0.276472215,0.0,1.013731453,0.092157405,1.10885233783035,0.184314802289009,0.552944429,1.198046263,19.3407096862793,41.3937867338371,11.9,0.092157405,0,25.1847796331782,16.0689843963865,0
51121,VA,Montgomery,8.35944914786867,2.30530952345177,2.62735471646856,0.168703409,0.010544,0.4850223,0.0421759,0.665308037621419,0.105566523969173,0.653725709,0.790797229,,30.3766207038485,6.6,0.094895667,1,9.77625222476481,16.0130095770828,0
51125,VA,Nelson,5.23911108514589,1.86879423412376,6.92348105713419,0.26634705,0.0,1.198561726,0.066586763,0.85429734043749,0.0665867626667023,0.399520575,0.5326941,19.1290054321289,39.4201424211597,10.7,0.0,1,19.8934753661784,19.254327563249,0
51127,VA,New Kent,0.000239484741053984,6.3053955778765e-05,1.47485252599723,0.159863583,0.0,0.586166471,0.0,0.391256716573635,0.106598444283009,0.586166471,0.53287861,8.07701015472412,17.9016620498615,9.5,0.106575722,1,12.0787888653752,22.2529708611428,0
51131,VA,Northampton,0.310409565974006,0.094799616607526,8.20459192057759,0.241818475,0.0,1.128486216,0.322424633,1.47227220677245,0.241760015487671,1.047880058,0.644849266,27.8959999084473,67.3333333333333,13.3,0.080606158,0,22.447332310921,19.6626039228348,1
51133,VA,Northumberland,7.36105663432463,1.39024517219136,2.93181201094513,0.321207741,0.0,0.883321288,0.080301935,1.07997192073006,0.160642564296722,0.240905806,1.043925159,16.360782623291,43.8263229308005,13.2,0.0,0,30.1135442011354,16.3909164639092,0
51135,VA,Nottoway,50.3148323724677,21.4993321480999,8.72913097620014,0.314901121,0.062980224,1.133644036,0.0,1.15287428932407,0.188940674066544,0.566822018,0.818742915,28.7932643890381,52.1516829995739,11.8,0.0,0,17.0504005551,20.5828549801299,0
51137,VA,Orange,22.2301369944476,4.3487168179931,2.13326029237809,0.11765398,0.0,0.558856403,0.0294135,0.608343553505032,0.0882560610771179,0.617683393,0.823577858,12.6798906326294,30.5438529299119,9.9,0.11765398,0,18.1087781129596,22.8846211284012,0
51139,VA,Page,2.87894861675503,0.668972545223334,2.40944736206437,0.250490544,0.0417484,0.667974784,0.0417484,0.749808188602916,0.208724692463875,0.62622636,0.751471632,20.0966205596924,43.1160400324588,9.5,0.083496848,0,17.6690791115548,21.5997005240829,0
51141,VA,Patrick,4.90497143298446,1.87897638038589,3.29699036314701,0.218233401,0.0545584,0.654700202,0.0545584,0.952974545191769,0.218185782432556,0.491025151,0.545583502,21.9997081756592,48.1451934583167,11.4,0.0545584,0,21.4926987560844,19.2861005949162,0
51143,VA,Pittsylvania,15.4161238283653,4.85125449472949,5.18696141255513,0.094848164,0.0,0.695553202,0.015808,0.85977677647396,0.0632311105728149,0.205504355,0.316160546,,45.3445668610931,11.5,0.0,0,17.1889270305168,21.2342140900072,0
51145,VA,Powhatan,9.43205316760465,2.10381719602646,1.49166867665813,0.142222222,0.0,0.497777778,0.0,0.248906588912989,0.0711186975240707,0.32,0.497777778,6.87172365188599,13.6353829557713,8.9,0.0355556,1,12.1478998787706,23.0942023818013,0
51147,VA,Prince Edward,15.0184310637459,6.36710300339546,4.79336634577573,0.172213372,0.0430533,0.861066862,0.0430533,0.943139111225866,0.179291799664497,0.688853489,0.947173548,18.6624069213867,55.3116424931399,11.0,0.0430533,0,13.9121876069839,17.3613488531325,0
51149,VA,Prince George,28.6726658566223,8.87295045139614,1.68702759526265,0.081730507,0.0,0.326922029,0.0272435,0.453425732925476,0.0817149206995964,0.245191522,0.190704517,,26.2080825451419,9.4,0.0272435,1,10.3904828551435,22.5388383484955,0
51153,VA,Prince William,20.580268846648,3.02638957269424,0.624361274073628,0.152529487,0.0119164,0.276459695,0.0309826,0.39275928503866,0.0715860575437546,0.650633593,0.517170292,,28.3065698920687,9.2,0.102480749,1,6.77111059148959,28.8991099546768,0
51155,VA,Pulaski,14.9886632917728,5.91629725142068,3.17934080062616,0.201520037,0.0575772,0.546982957,0.0287886,1.12755258713343,0.201514229178429,0.950023031,0.403040074,20.6192245483398,43.6286019210246,11.4,0.115154307,1,17.8682037164487,19.5027529249828,0
51157,VA,Rappahannock,79.01065601175,18.6728967982639,5.91014653474769,0.133832976,0.0,0.669164882,0.0,0.13412017167382,,0.133832976,0.669164882,8.46275043487549,27.801724137931,10.7,0.0,1,19.096704190967,19.869795198698,0
51159,VA,Richmond,6.95787427518166,2.43439759214312,3.76751905827816,0.108613012,0.0,0.651678071,0.0,1.07627773484932,0.108601219952106,0.434452047,0.651678071,20.4341926574707,44.2339373970346,10.9,0.108613012,0,18.1759239247893,17.1925653771342,0
51161,VA,Roanoke,21.3096541746889,2.92972084309033,1.34067388239862,0.140015294,0.0,0.420045882,0.0215408,0.557044595860109,0.140086203813553,0.50620914,0.570831583,,18.8225957723108,10.2,0.11847448,1,17.2252533125487,21.7729713345458,0
51163,VA,Rockbridge,16.3270811274778,6.35740124799987,4.33617116348747,0.089130532,0.0445653,1.025001114,0.133695797,0.777738084605996,0.133654102683067,0.579348456,0.623913722,,32.1517723414878,10.7,0.0445653,0,20.7109875823732,19.1150759851168,0
51165,VA,Rockingham,19.4583041074504,5.50609907943852,5.40435626767111,0.130125311,0.0130125,0.468451118,0.078075186,0.444711486693113,0.0650618076324463,0.36435087,0.390375932,,29.0131409430559,9.5,0.065062655,1,15.6773331236732,23.6811070052677,0
51167,VA,Russell,7.32938608538274,2.97401846219483,7.71796014997332,0.139586823,0.0348967,0.628140704,0.0,1.08396320384367,0.104675509035587,0.593243998,0.418760469,23.8057518005371,44.1509433962264,12.2,0.0348967,0,16.403086825622,20.4346471952106,0
51169,VA,Scott,11.9967904219354,5.15326946538098,5.97284685661913,0.260179524,0.0,0.910628334,0.0433633,1.51441991132962,0.216872692108154,0.607085556,0.346906032,19.2190418243408,46.9288793103448,10.4,0.086726508,1,19.7178237045347,19.3122492125814,0
51171,VA,Shenandoah,6.93826650583783,2.56022005255988,2.79305941260522,0.236619185,0.0236619,0.709857555,0.094647674,0.765172330116087,0.0946454331278801,0.567886044,0.686195637,16.4503593444824,32.9462989840348,11.5,0.0473238,0,18.4983211487629,21.9774724358822,0
51173,VA,Smyth,8.12959282712394,3.67256940262751,6.4953777013281,0.187242542,0.0,0.655348895,0.0624142,1.01940013031507,0.218449637293816,0.561727625,0.530520534,24.7416648864746,47.7857878475798,9.8,0.0624142,0,18.1507699950323,20.8550670640835,0
51175,VA,Southampton,22.7888837496347,14.663404918329,6.20968739818845,0.161021953,0.0,0.858783748,0.053674,0.832925923914028,0.0536653436720371,0.161021953,0.161021953,,36.3352961551784,11.5,0.0,0,15.2288637587507,21.0985460420032,0
51177,VA,Spotsylvania,27.0372146636614,5.14381397664516,1.77222484856875,0.168628648,0.0321197,0.441646458,0.064239485,0.627234439812015,0.0963731557130814,0.698604397,0.634364912,,23.8244647021412,9.5,0.104389163,1,9.89730140444619,27.8135902023742,0
51179,VA,Stafford,28.2923077510993,2.97510552120444,1.15585690087356,0.098330648,0.0075639,0.287428048,0.0151278,0.455891985232821,0.0832091495394707,0.521908825,0.461397657,9.55131816864014,17.2684862065166,8.1,0.098330648,1,7.33865277099278,28.8436038802429,0
51181,VA,Surry,23.275701538297,6.63652371360941,4.96588021080057,0.433338148,0.0,0.577784198,0.144446049,0.888856419248003,,0.144446049,0.433338148,18.8258514404297,48.2088024564995,12.7,0.0,0,15.8826863134032,21.0682913006517,0
51183,VA,Sussex,28.9173239874353,12.1812439724698,7.61782661012161,0.330988829,0.0,0.992966487,0.0,1.55919367412852,0.248262166976929,0.330988829,0.579230451,20.0483894348145,69.327731092437,12.0,0.165494415,1,14.4949118888062,16.7783569123852,0
51185,VA,Tazewell,18.271678720795,6.92510240162634,5.56258858890791,0.178818901,0.067057088,0.84938978,0.0447047,1.29137676576007,0.17883089184761,0.737627967,0.357637802,20.5430202484131,40.3140570738336,11.3,0.067057088,0,17.2079506632947,20.3536092994365,0
51187,VA,Warren,5.10135016220695,1.51616386323003,1.91404823126561,0.13289743,0.0265795,0.691066635,0.0265795,0.801155765694773,0.0797299817204475,0.637907663,0.930282008,17.5799999237061,30.6554307116105,9.9,0.079738458,1,12.7212242182302,24.16500332668,0
51191,VA,Washington,12.5058366539861,3.55869007183135,3.41677561978515,0.218970111,0.036495,0.711652859,0.0182475,0.875762517364257,0.127732560038567,0.656910332,0.492682749,,35.2988800431791,11.3,0.0182475,1,17.7454624972666,19.5969093957286,0
51193,VA,Westmoreland,17.614226610752,5.18342069826223,2.72295401404984,0.283671848,0.0,0.567343697,0.170203109,1.10800426082325,0.170116245746613,0.283671848,0.964484285,24.1712837219238,56.1335067186823,12.5,0.0567344,0,20.8834651082846,20.0126045605592,0
51195,VA,Wise,9.4674078622748,4.9730743393493,5.50695517185286,0.217186708,0.0,0.844614976,0.0,1.48874985743845,0.192947760224342,0.723955694,0.41024156,,47.1074380165289,10.5,0.0241319,0,14.1488951075943,20.7613625398051,0
51197,VA,Wythe,3.99334264704738,1.66857057604662,3.10248561498594,0.171303275,0.0342607,0.925037687,0.0342607,1.05409501669459,0.205570966005325,0.822255722,0.993558997,17.5779705047607,39.0478370336462,11.2,0.06852131,0,17.8279459551907,20.8996066358817,0
51199,VA,York,29.4512999591844,3.89173279068095,0.992413529069824,0.151834925,0.0455505,0.455504775,0.060734,0.672754210383092,0.136749014258385,0.865459073,0.78954161,,12.8758797184901,10.0,0.106284448,1,12.1196382744715,26.3900769888794,0
51510,VA,Alexandria,0.0,0.0,0.0,0.207471749,0.00691572,0.311207624,0.0622415,0.448867805013648,0.0693385079503059,0.829886997,1.051190196,7.79174137115479,41.5367947328944,7.4,0.117567325,1,9.14936484574825,17.1255876427132,0
51515,VA,Bedford,8.67339597314085,4.51789108646916,1.22829720220443,0.0,0.0,0.0,0.0,2.0819360608093,,0.0,0.0,,,12.6,0.0,1,21.4882674381228,20.5400192864031,0
51520,VA,Bristol,28.1645113500351,15.4982882801683,3.17658563117449,0.28215112,0.0,1.241464929,0.112860448,1.7929264333975,0.225784599781036,1.805767169,1.467185825,,56.2369628702545,10.7,0.169290672,1,18.9571068124474,20.7849733669751,0
51530,VA,Buena Vista,93.7977312520262,40.6101270990907,6.48753727210054,0.0,0.0,0.446428571,0.148809524,0.745489786789921,0.149031296372414,0.744047619,0.595238095,,31.6636851520572,10.3,0.148809524,0,16.0601503759399,21.4135338345865,0
51540,VA,Charlottesville,2.65200925524582,1.30434920715491,0.139794899301864,0.456256416,0.0,0.707197445,0.159689746,1.0976885976886,0.068558894097805,1.323143607,2.851602601,,44.656243306918,8.9,0.250941029,1,9.23979298447384,14.8913168487637,0
51550,VA,Chesapeake,22.4118182090182,3.68604948347527,0.812007245680928,0.10648635,0.0310585,0.483625505,0.0443693,0.661071636524427,0.0931958183646202,0.905133973,0.727656724,13.7677192687988,25.6113515145416,9.7,0.079864762,1,10.4163197710264,25.8859902164179,0
51570,VA,Colonial Heights,18.9504362965667,5.52743642742078,1.22254923492027,0.115700567,0.115700567,0.694203402,0.115700567,1.3206323779011,0.173611104488373,2.082610205,1.966909638,,28.7727741491922,10.3,0.231401134,1,19.6312675894549,22.3307104703923,0
51580,VA,Covington,19.3257641777017,7.79184864581064,1.34143033117509,0.169004563,0.169004563,1.521041068,0.0,1.90608213481199,0.338066250085831,1.690045631,1.521041068,,45.0,11.1,0.0,0,18.7216909914444,21.2548230162724,0
51590,VA,Danville,14.8529145921479,6.98948981451604,2.38748494122445,0.328314807,0.0469021,0.914591248,0.0469021,1.9420411201042,0.211059525609016,1.407063459,1.336710286,,66.318578553616,12.9,0.187608461,0,19.0802461967251,21.5120195099292,0
51595,VA,Emporia,1.71109073119239,0.979495796409389,0.912425398375173,0.685166153,0.171291538,2.398081535,0.0,3.55691056910569,0.513698637485504,1.712915382,1.88420692,,52.1052631578947,13.4,0.342583076,0,16.9056858444407,25.7634553737135,0
51600,VA,Fairfax,0.0,0.0,0.0,0.711680455,0.088960057,0.978560626,0.133440085,1.14729409090263,0.178070604801178,2.935681879,3.78080242,,19.6382428940568,9.6,0.622720399,1,13.6849102592511,20.3500997119433,0
51610,VA,Falls Church,1.34509963491231,0.0829295865753973,0.0,0.707825403,0.078647267,0.865119937,0.157294534,1.13387255272507,0.0787711665034294,2.988596146,3.93236335,,6.83371298405467,10.5,0.471883602,1,10.4849172883555,24.7080765488161,0
51620,VA,Franklin,58.0028911735226,22.0897837378023,10.6067446213958,0.236742424,0.118371212,1.302083333,0.0,1.48530331457161,0.355155676603317,1.302083333,1.420454545,,70.5378020265004,13.0,0.118371212,0,17.2453973432766,23.8405965975297,0
51630,VA,Fredericksburg,26.3127319914262,6.25599757501981,2.67905209655549,0.388183689,0.0388184,0.698730639,0.077636738,0.967395417536407,0.116504855453968,1.591553123,2.911377664,,47.7329192546584,10.0,0.155273475,1,9.9357654615828,19.6780037881907,0
51640,VA,Galax,2.69289594116456,1.47295001676546,0.262123760068302,0.584368152,0.146092038,1.168736304,0.0,2.1955220999807,0.438212096691132,1.753104456,2.483564646,,55.6952081696779,10.7,0.146092038,0,20.2073274637887,21.9255893212156,0
51650,VA,Hampton,23.4306940004569,5.93878652529323,1.6495179716126,0.13912585,0.0146448,0.578470641,0.073224132,0.960395412513276,0.109867572784424,0.812787862,0.585793054,21.6412963867188,41.7339270804342,11.5,0.073224132,1,12.2646177129719,22.7553188393143,0
51660,VA,Harrisonburg,8.6019607892781,3.77873301573605,0.569753715074351,0.300012,0.0400016,0.600024001,0.0800032,0.930085064370386,0.160217896103859,1.100044002,1.380055202,,59.0732802612778,7.7,0.100004,1,8.24508320726173,15.0222840086683,0
51670,VA,Hopewell,28.9548801015234,11.7590965123351,3.10552374471114,0.355476561,0.0,0.755387692,0.0,1.40952210488634,0.177793577313423,1.066429682,0.888691402,,57.3081463990555,11.8,0.08886914,1,14.8687530432473,25.1117701739631,0
51678,VA,Lexington,0.128848428788492,0.0805724720086811,0.050888510623253,0.717772036,0.0,0.143554407,0.287108814,0.571591883395256,0.143616259098053,1.435544071,2.0097617,,24.7856586126267,9.7,0.143554407,0,15.293950582221,10.1391650099404,0
51680,VA,Lynchburg,26.4015595898607,12.4329863337022,3.94526091178312,0.208828213,0.0391553,0.522070532,0.07831058,0.963953332555254,0.169752687215805,1.044141063,1.004985774,,52.6828137675281,11.3,0.143569396,1,13.9688757145882,19.5506034300233,0
51683,VA,Manassas,6.11826800807126,1.10104561807185,0.127129232287572,0.408434166,0.0,0.536069842,0.127635677,0.907113245495218,0.12781186401844,1.250829632,1.021085414,,38.2827884994092,10.4,0.127635677,1,6.89299595462838,28.4154305808942,0
51685,VA,Manassas Park,34.4612986384436,4.76000995360796,1.25237531865706,0.132520541,0.0,0.331301352,0.132520541,0.495843355699034,,0.463821892,0.265041081,,45.0118363205952,8.8,0.0,1,5.64702585300918,28.4383100959854,0
51690,VA,Martinsville,25.2455516180486,10.685683295283,2.65193513115455,0.367836386,0.073567277,0.80924005,0.0,1.58984441369936,0.147112905979157,1.6184801,1.103509159,,63.1357713324926,13.2,0.220701832,0,19.1664857825049,21.3805079227263,0
51700,VA,Newport News,18.6733957125115,3.51594898894452,0.890584121911344,0.183195936,0.0166542,0.510728065,0.0610653,0.880707074060548,0.0999455824494362,0.77164349,0.74388653,27.2996482849121,45.385069535555,9.9,0.094373664,1,10.6347423347849,24.299049906208,0
51710,VA,Norfolk,13.1979087152333,4.48321314037318,1.19679978322639,0.160016412,0.0205149,0.529285055,0.073853729,0.79643749338845,0.0944046750664711,0.968304441,0.832905939,27.4503040313721,55.5331932400036,10.4,0.077956714,1,9.38868135896179,20.8448824767404,0
51720,VA,Norton,12.3371444713605,6.68631758446867,0.360501995070705,0.48828125,0.244140625,1.220703125,0.244140625,2.56063585709603,0.489356487989426,3.173828125,1.708984375,,45.0913242009132,10.3,0.244140625,0,14.6538655886812,21.8292066700354,0
51730,VA,Petersburg,22.2570644606835,12.7166902812044,5.2497162704594,0.436422582,0.031173,1.091056454,0.093519125,1.85833880670149,0.249353244900703,1.028710371,0.716979956,,63.9341047264169,14.8,0.093519125,1,14.9722393584207,20.6878470080197,0
51735,VA,Poquoson,42.8947842573831,4.05994060303855,1.06460264981409,0.249190132,0.0,0.332253509,0.166126755,0.730208591661845,0.0830702781677246,0.581443641,0.996760528,,9.98278829604131,10.1,0.083063377,1,15.5637860082305,24.4362139917696,0
51740,VA,Portsmouth,14.9052982340092,3.39309100163705,0.689160968413244,0.135787253,0.0104452,0.584929704,0.06267104,1.05818734667081,0.135804280638695,0.772942823,0.532703838,33.8801651000977,51.7786561264822,12.5,0.0417807,1,13.2087716543675,23.7253362641964,0
51750,VA,Radford,15.8455968731326,6.56075211603785,1.73392666230629,0.118877794,0.0,0.594388968,0.0,0.674258315852562,0.118983879685402,0.713266762,1.069900143,,37.4601148691768,7.7,0.118877794,1,8.42272062408581,13.07289127255,0
51760,VA,Richmond,20.3555902087848,7.87090976530355,3.48733378912926,0.276149411,0.00484473,0.697640618,0.082360351,1.18119845877574,0.116321340203285,0.867206046,1.2790078,35.8732299804688,65.8583422650947,12.7,0.0581367,1,11.0761260246604,18.6123380375488,0
51770,VA,Roanoke,23.7206679864717,10.7184527078267,2.25052615050912,0.289118807,0.030977,0.557586271,0.0516284,1.38249084324247,0.10333140194416,1.022241497,1.332011647,31.9841728210449,54.0289855072464,11.7,0.134233732,1,14.2592134553549,21.772198862231,0
51775,VA,Salem,48.9463008198105,11.1142617218769,2.84841031986097,0.279899236,0.0399856,0.799712104,0.0399856,1.14804431985049,0.239798575639725,1.319524971,1.239553761,,23.0417090539166,9.9,0.07997121,1,17.0953955326183,19.893556971212,0
51790,VA,Staunton,7.69480551289893,2.29187888404968,0.741150385045949,0.166465521,0.0416164,0.873943984,0.166465521,1.12871535470925,0.208159863948822,0.707478464,1.414956927,,44.7766570605187,11.2,0.166465521,1,19.7506948538701,19.4348521856313,0
51800,VA,Suffolk,19.336632406087,2.77748708760385,1.23698037753603,0.165183944,0.0235977,0.460155273,0.0589943,0.691664416556118,0.117992706596851,0.696132336,0.578143804,19.7026042938232,35.1002964086303,10.9,0.0471954,1,11.4996748832535,26.1713069693208,0
51810,VA,Virginia Beach,17.972809463587,2.6114651960067,0.41217566853579,0.16031865,0.01129,0.413215676,0.072256293,0.603066373466422,0.101686641573906,0.961911902,1.052232268,10.1522769927979,22.9500597035892,9.5,0.10838444,1,10.6017434028777,24.0297812298799,0
51820,VA,Waynesboro,15.5024525763221,5.46829619975959,1.08456050956052,0.379057095,0.0473821,0.805496328,0.0,1.29893716144723,0.236944362521172,1.137171286,1.184553423,,48.4250890167078,10.6,0.094764274,1,16.9808626106827,23.3076263924593,0
51830,VA,Williamsburg,5.84459348401928,0.787728682403398,0.322000713539832,0.283366393,0.0,0.708415982,0.070841598,0.752730709215182,0.0709421113133431,1.133465571,4.037971097,,31.987814166032,9.0,0.070841598,1,13.3565538811487,9.98009667330111,0
51840,VA,Winchester,24.8094043066934,7.66925294355398,1.50312248812153,0.450078764,0.0375066,0.637611582,0.150026255,1.28033431295959,0.150026261806488,1.800315055,1.987847873,,39.9926887223542,9.9,0.187532818,1,14.0289279853452,22.215013548067,0
53001,WA,Adams,20.3458644914253,10.9677016008,0.883467208437418,0.370546821,0.0529353,0.476417342,0.0,0.631412786108919,0.317813456058502,0.582287862,0.741093642,32.3312950134277,62.3391284714382,11.1,0.0529353,0,10.2253310551047,34.771465185818,0
53003,WA,Asotin,19.4785088529906,5.01325206502687,0.241640895105977,0.227603787,0.091041515,0.136562272,0.0455208,0.632005360623782,0.18207474052906,0.455207575,0.591769847,27.4443130493164,44.1306266548985,10.0,0.0455208,1,19.2942699902881,21.7546131434121,0
53005,WA,Benton,21.5715550743236,4.03567437124921,0.904759747187984,0.116400239,0.0277143,0.321486376,0.07760016,0.587542992064972,0.0942198857665062,0.626344146,0.631887014,21.3081607818604,37.6803751803752,8.7,0.133028845,1,11.7515427253578,27.2090514165672,0
53007,WA,Chelan,21.7488048454141,6.14019488598388,1.8646327611264,0.341376156,0.013655,0.382341294,0.191170647,0.705687570399121,0.177544698119164,0.778337635,1.11971379,24.6368732452393,49.0100946865952,8.2,0.191170647,1,15.4237919754876,24.9306446938015,0
53009,WA,Clallam,21.6338539418604,6.71131996427342,1.64046418483622,0.264808362,0.0139373,0.390243902,0.0418118,0.699247178659394,0.111482717096806,0.641114983,1.170731707,21.764627456665,32.0835473377846,9.4,0.097560976,0,24.0728810710885,18.1908576550333,0
53011,WA,Clark,20.771883909334,4.11791062497855,0.878248813241343,0.136509295,0.0300783,0.293842043,0.07403894,0.595690342933588,0.0740296915173531,0.564546916,0.543723465,22.8525390625,33.266746395763,8.4,0.087921241,1,11.4513956314959,26.4656305320397,0
53013,WA,Columbia,26.4953842925665,10.3657824994159,2.19681401022729,0.24975025,0.0,0.999000999,0.24975025,1.50187734668335,0.249750256538391,0.24975025,1.498501499,20.5766487121582,44.7154471544715,10.6,0.0,1,22.9769494850417,20.1814615007357,0
53015,WA,Cowlitz,26.9754115070916,9.89183619940426,2.00139766155031,0.136864436,0.0293281,0.488801556,0.0488802,0.888923748643738,0.11730320006609,0.547457743,0.625665992,35.1372528076172,42.4315898856945,9.1,0.08798428,1,15.4330631774241,24.1392442144322,0
53017,WA,Douglas,46.884656609,14.7694029647489,1.18126505044467,0.206814539,0.077555452,0.129259087,0.10340727,0.552731893265566,0.2069161683321,0.413629078,0.465332713,19.1845455169678,47.5922722029989,7.1,0.0517036,1,14.1630454580937,27.2462335094065,0
53019,WA,Ferry,48.9343364546946,22.7757022485222,1.51056808866777,0.654793085,0.0,0.785751702,0.0,1.47090633787584,0.523765861988068,0.0,0.654793085,32.5590515136719,45.658835546476,7.7,0.0,0,18.9114024632499,19.8384319957622,0
53021,WA,Franklin,31.6586551018431,12.4236153554759,1.71916376340616,0.204548189,0.0120322,0.348935146,0.0601612,0.686314481526783,0.168542712926865,0.50535435,0.3369029,26.9306335449219,62.134291176641,7.1,0.048129,1,7.28733544004196,34.1772961631462,0
53023,WA,Garfield,99.663065359598,35.9501413218805,4.93072516926428,0.447227191,0.0,0.0,0.0,0.897666068222621,0.44722718000412,0.0,0.894454383,16.530797958374,33.4346504559271,11.7,0.0,0,22.3300970873786,20.0353045013239,0
53025,WA,Grant,22.6711955803825,8.81104005640999,2.21507169800187,0.242691671,0.0220629,0.496414782,0.099282956,0.805868393605384,0.220723748207092,0.56260342,0.55157198,30.746265411377,61.5175429241762,9.0,0.0441258,0,11.8166517055655,30.5486983842011,0
53027,WA,Grays Harbor,19.5345210706911,5.7238321005178,1.97727418266748,0.456015256,0.0,0.497471188,0.096730509,1.24374639662259,0.179664716124535,0.608020341,0.912030512,31.6156387329102,50.7792207792208,11.4,0.096730509,0,16.2767696471008,21.5997912001868,0
53029,WA,Island,24.6700631689107,6.08661845100906,1.46208709359963,0.20278577,0.0,0.253482212,0.0506964,0.375740429670232,0.11401642113924,0.481616203,0.659053751,11.6696624755859,25.0816815508604,8.4,0.126741106,0,18.3922247981046,20.7551015209029,0
53031,WA,Jefferson,21.1510811035297,7.76116039380647,1.85077860925625,0.301659125,0.0,0.268141445,0.134070722,0.630847904245104,0.167554706335068,0.56980057,1.340707223,19.0523357391357,34.9120918550413,7.5,0.201106083,0,26.2520085698982,14.8835029459025,0
53033,WA,King,17.2646871099853,2.61026556818513,0.543283595491679,0.248452874,0.0141973,0.292565935,0.10546571,0.603089839131763,0.0952340438961983,0.841190444,1.095220832,14.278847694397,24.2238557332743,6.6,0.162254938,1,10.9089506324663,21.4111178827795,0
53035,WA,Kitsap,31.7622312520933,6.22151362034165,1.6417629160697,0.184857424,0.0157325,0.310717797,0.074729597,0.575183699293962,0.102249085903168,0.593903638,0.664700098,16.6033573150635,22.5703807571999,8.2,0.110127827,1,13.2583133240156,22.4964461062465,0
53037,WA,Kittitas,22.4179557607509,10.1195711663036,2.93971127402108,0.288885144,0.0481475,0.649991574,0.12036881,0.525932680616881,0.120339840650558,1.2036881,1.107393052,17.0708065032959,29.3518141051773,6.3,0.096295048,0,12.7386044238055,18.2915801050959,0
53039,WA,Klickitat,23.5917770654438,8.81765997005306,1.32222646821807,0.290079288,0.0,0.580158577,0.0,0.781036120907612,0.193376839160919,0.290079288,0.725198221,26.6350078582764,42.4631776872454,8.8,0.0483465,0,17.8413229648587,22.0641795452308,0
53041,WA,Lewis,16.8679235578931,6.06683750619926,2.38687850758556,0.370091333,0.0132175,0.502266809,0.0528702,1.16259592793889,0.171821311116219,0.634442286,0.845923047,30.5960578918457,46.9199866086374,10.2,0.079305286,0,17.3295341594328,23.1396196408455,0
53043,WA,Lincoln,71.1184608943274,22.3478051067556,1.67032983294309,0.474969127,0.0,0.284981476,0.0,0.966114145188592,0.569908797740936,0.664956778,0.664956778,13.8063278198242,32.4868231911835,9.5,0.0,0,20.7852412488174,22.6679280983917,0
53045,WA,Mason,6.07547865750271,2.07218264683491,2.10255295595579,0.164316935,0.0328634,0.42722403,0.0492951,0.761660529545853,0.114999175071716,0.394360643,0.52581419,25.2804985046387,47.7639751552795,8.5,0.065726774,0,18.3067266347057,20.385838316941,0
53047,WA,Okanogan,15.8203039959199,6.46428958789871,3.4100552973495,0.33867144,0.0241908,0.725724515,0.096763269,0.906521300222088,0.338736981153488,0.50800716,0.991823504,31.9114513397217,42.9164991288031,8.9,0.096763269,0,17.193579766537,23.5092412451362,0
53049,WA,Pacific,32.9381260138316,11.3071405020778,4.74175083719102,0.57474017,0.0,0.431055127,0.287370085,1.16646415552855,0.239463597536087,0.622635184,1.580535466,27.7251453399658,41.2531806615776,12.2,0.095790028,0,24.7753346080306,17.9158699808795,0
53051,WA,Pend Oreille,33.0641162705287,13.7993911447487,2.84336925504959,0.386100386,0.0,0.463320463,0.0,1.04648176682075,0.231642350554466,0.231660232,1.158301158,32.0345153808594,49.5490078171978,9.8,0.0,1,19.1139143142835,21.5983385893393,0
53053,WA,Pierce,33.5426976040822,8.05513536608528,1.2550920173501,0.186839522,0.0224207,0.286487268,0.079718196,0.618880241539883,0.0909118056297302,0.640236763,0.635254376,22.3512439727783,31.1039208518383,9.0,0.079718196,1,11.0390141155019,24.9145839227891,0
53055,WA,San Juan,0.240979131049281,0.0530764168478764,2.70865330514714,0.883838384,0.0,0.252525253,0.0,0.484496124031008,0.252461493015289,1.073232323,1.893939394,10.208911895752,23.4615384615385,6.1,0.252525253,0,23.1910710888452,15.8094996512144,0
53057,WA,Skagit,25.5084851430157,6.63548523911731,1.38304929945346,0.204119818,0.01701,0.476279576,0.178604841,0.868422685005047,0.102059043943882,0.697409379,0.918539183,26.3194408416748,42.9932617393135,7.9,0.119069894,1,16.1469961762517,23.7269142265678,0
53059,WA,Skamania,4.56027583400816,0.908066453566429,1.50198749636333,0.179372197,0.0,0.627802691,0.089686099,0.707666636870177,0.179323941469193,0.269058296,0.627802691,18.9170684814453,32.9379562043796,7.9,0.0,1,14.4225555756371,22.2121814567143,0
53061,WA,Snohomish,24.2605859844543,3.48707057487146,0.645187231929421,0.207803147,0.019395,0.313090074,0.091433385,0.635143885611803,0.0969469994306564,0.727311013,0.673282195,16.5078086853027,24.8954375936705,7.8,0.096974802,1,10.3098824535457,24.4158775329964,0
53063,WA,Spokane,16.9935446891846,4.20259204740945,0.882859858949762,0.171142067,0.0232415,0.310591159,0.095078926,0.686481619669213,0.114068202674389,0.720486973,0.654988157,26.2704792022705,36.0158256403137,7.9,0.111981846,1,12.938515049202,23.2379287001216,0
53065,WA,Stevens,29.6397837138246,11.6533715541571,2.43451018391793,0.207215712,0.023024,0.391407455,0.0460479,0.907253433781984,0.230207875370979,0.506527295,0.713743006,29.2795906066895,33.5643458790916,8.5,0.11511984,1,17.265856516046,24.1092554731111,0
53067,WA,Thurston,31.4163843490666,5.9149591083421,1.29059075663003,0.187323652,0.027318,0.33952412,0.093661826,0.663551811880319,0.0897312387824059,0.647827631,0.659535359,18.3534488677979,23.9325197773951,8.1,0.081954098,1,12.9879808454635,23.0401484159452,0
53069,WA,Wahkiakum,72.7657345864995,21.3961651157887,3.44566623370609,0.250563768,0.0,0.751691305,0.0,1.27306119041656,0.25050100684166,0.501127537,0.501127537,20.8020668029785,47.4468085106383,11.8,0.0,0,25.5153343388638,18.4514831573655,0
53071,WA,Walla Walla,23.7226388044329,7.09013644178699,0.873489012817929,0.235551443,0.0336502,0.269201649,0.100950618,0.603214149439993,0.151402994990349,0.555228401,0.639353916,23.0391578674316,38.6465646219358,8.7,0.100950618,1,14.9333968459196,22.524285058097,0
53073,WA,Whatcom,25.2979716367642,6.12398251959655,1.78646647060314,0.167119692,0.0147459,0.466952081,0.103220986,0.695858626211054,0.117947712540627,0.629156488,0.928988877,20.0798358917236,28.0849492151431,6.8,0.142543267,1,13.2445063140101,20.9828974843393,0
53075,WA,Whitman,20.4977864002508,8.3382727267475,2.25956517169396,0.200102274,0.0,0.289036619,0.0,0.339727359853524,0.221985444426537,0.711474754,0.667007582,10.7850294113159,24.2692648361382,6.2,0.0222336,0,9.50732535286761,15.0549401465071,0
53077,WA,Yakima,12.4333755190251,4.62266070087407,0.954297815333689,0.239788661,0.0365779,0.377971957,0.081284292,0.885710005385117,0.146371215581894,0.613696403,0.499898395,38.5426979064941,64.2124321062161,9.5,0.0609632,1,11.5618486130469,30.4393765597313,0
54001,WV,Barbour,1.07152164060923,0.51170283335305,5.44105842174301,0.240992891,0.0,0.421737559,0.0,0.788213181349663,0.120481930673122,0.421737559,0.542234004,24.6112194061279,49.859943977591,12.5,0.0602482,0,16.6435589848695,21.7131834348062,0
54003,WV,Berkeley,24.1914757390632,7.17197523782129,2.58876434307959,0.094689796,0.018938,0.378759185,0.0284069,0.640379216543104,0.0851321443915367,0.558669798,0.50185592,19.3425636291504,40.0506614128905,9.8,0.0473449,1,11.3834250112797,25.1667962637637,0
54005,WV,Boone,3.04740387316248,1.21787845251932,9.27346117728533,0.286791216,0.0,0.778433301,0.0,1.15069313941771,0.327788263559341,0.286791216,0.32776139,30.9608860015869,44.8150669389608,14.7,0.0,1,14.166226805798,22.8389297170003,0
54007,WV,Braxton,20.5689210394005,9.36529436973346,9.81596755689405,0.344115623,0.0,0.75705437,0.0,1.90650631278223,0.206426754593849,0.619408121,1.032346869,29.6791019439697,51.7117117117117,13.1,0.068823125,0,17.5308131928665,20.7188597397232,1
54009,WV,Brooke,22.4470833086434,6.34867519302065,3.43407223628726,0.167869733,0.0,0.629511499,0.083934867,0.814013611146047,0.167869731783867,0.797381232,0.629511499,17.1302738189697,38.9235801367826,14.2,0.0,1,19.1200299139973,19.0161618679629,0
54011,WV,Cabell,13.0490138035076,3.32836732029269,1.75580563591856,0.17615485,0.0207241,0.559550702,0.0828964,1.08792047352899,0.155273079872131,1.160549603,0.797877852,24.5896987915039,42.1563654807623,14.3,0.1036205,1,15.9511622836616,19.6306024771852,0
54013,WV,Calhoun,24.1705086005854,12.8794079178332,9.67120387129844,0.130924326,0.0,0.91647028,0.0,1.62131370229175,0.392824411392212,0.130924326,0.261848651,28.7651386260986,53.6541889483066,11.5,0.0,0,18.1591713648879,19.8505310082601,1
54015,WV,Clay,15.4353664005013,6.7614729905043,9.32764842466786,0.214270409,0.0,0.642811228,0.0,1.72994872898067,0.85726535320282,0.107135205,0.428540819,41.4313621520996,59.4881699661999,13.4,0.0,1,15.6829320264223,23.6415938632005,1
54017,WV,Doddridge,2.07208927905155,1.00158527743066,7.55324713544063,0.121256214,0.0,0.485024858,0.0,0.570636667481862,0.121212124824524,0.0,0.242512429,20.665060043335,47.9897348160821,12.3,0.121256214,0,16.2033650329188,20.4340404779322,0
54019,WV,Fayette,13.6581275560695,7.24305413474515,7.36529828698501,0.261380963,0.0217817,0.697015901,0.0217817,1.5660540524828,0.217774778604507,0.479198432,0.718797648,26.0995998382568,53.2855261232255,12.0,0.065345241,1,16.9465018788419,20.5391081474402,0
54021,WV,Gilmer,5.19936040239846,3.57293181294069,4.28046455889837,0.228728271,0.0,0.686184812,0.0,1.4506031455184,0.457195103168488,0.114364135,0.686184812,17.4846515655518,45.3870625662778,12.3,0.0,0,13.7236857241459,14.4599102726332,1
54023,WV,Grant,18.9318699744838,6.48088562597548,2.62137540761635,0.168109607,0.0,0.924602841,0.0,1.10020311442112,0.0840053781867027,0.252164411,0.504328822,19.4759407043457,40.5935347111818,12.3,0.084054804,0,18.3379408561615,21.4207924939264,0
54025,WV,Greenbrier,10.4836222419937,4.20843996619566,4.28322875236896,0.168043691,0.0280073,0.896233021,0.0280073,1.47031453564117,0.223920285701752,0.868225739,0.868225739,20.553804397583,46.1451032392499,11.3,0.0280073,0,19.2728297632469,20.0563697857948,0
54027,WV,Hampshire,25.5277744853472,10.2394446030573,4.32804211127609,0.210198848,0.0,0.378357927,0.0,1.02281833902737,0.210190013051033,0.378357927,0.378357927,26.3091220855713,48.7987186332088,11.3,0.0,1,16.2660657653146,22.4753797362711,0
54029,WV,Hancock,24.4428607603704,8.85902731375421,3.26958133015752,0.32676535,0.0,0.490148025,0.0326765,0.824946378485398,0.130671977996826,0.78423684,0.751560305,20.1467609405518,41.2952646239554,13.6,0.06535307,1,18.7573347242144,20.0841048376581,0
54031,WV,Hardy,34.2082705359424,15.5037757326627,4.10401493937506,0.143400014,0.071700007,0.788700079,0.0,0.895475744026155,0.214915111660957,0.358500036,0.717000072,21.3543930053711,40.4005224205485,12.9,0.0,0,16.6060606060606,21.4545454545455,0
54033,WV,Harrison,16.0523906207967,5.35743809924508,3.61494056676988,0.201999798,0.0288571,0.591570837,0.0577142,1.21852446450008,0.144287645816803,0.807999192,0.764713521,20.3144969940186,39.54792204325,13.8,0.129857013,0,16.509645580978,21.956902415375,0
54035,WV,Jackson,11.8088540740593,4.15504283750676,5.13205315148605,0.068252397,0.0341262,0.750776371,0.0,1.2285922783973,0.17055532336235,0.78490257,0.409514384,23.8062686920166,40.6658739595719,12.7,0.068252397,0,17.6816952517887,22.556571154702,0
54037,WV,Jefferson,5.28455627068272,1.20363457453876,2.34995392229036,0.147351359,0.0184189,0.405216238,0.0,0.669675620137972,0.128560677170753,0.570986517,0.884108156,16.4425601959229,27.8010175240249,10.2,0.0920946,1,11.8023103667427,23.7466821189577,0
54039,WV,Kanawha,24.9731120474264,7.72200398713534,5.0329386184916,0.192627069,0.0208245,0.515407562,0.0572675,1.1382617247462,0.171734571456909,0.968341481,0.708034631,21.5177593231201,44.1781917730295,12.8,0.088504329,1,16.7380595971263,20.5808466666321,0
54041,WV,Lewis,4.11667597750984,2.07659948638005,4.49669682478955,0.243368216,0.0,0.973472864,0.0,1.6848899476717,0.182503953576088,0.973472864,0.730104648,28.2928066253662,46.3339731285989,14.0,0.0608421,0,17.8841925238212,20.7488394820425,0
54043,WV,Lincoln,0.0,0.0,8.06262137265517,0.324449594,0.0,0.463499421,0.0,1.41798061065643,0.324615091085434,0.278099652,0.324449594,35.2786521911621,57.6895306859206,14.2,0.0463499,1,15.1243093922652,22.6979742173112,1
54045,WV,Logan,5.25958469014942,2.23174462707002,7.40188321928866,0.329254239,0.0274379,0.713384185,0.0274379,1.55063407800634,0.246872946619988,0.631070625,0.658508478,30.5920543670654,50.1584283903676,15.2,0.0,0,15.1729581144708,20.3957216340527,0
54047,WV,McDowell,4.31718913305462,2.42877518987825,12.5976560714828,0.322194606,0.0460278,0.920556016,0.0,2.12573071993498,0.552206516265869,0.368222406,0.230139004,45.5647315979004,70.0758640067435,15.3,0.0,0,16.5423054311943,19.9611088499977,1
54049,WV,Marion,13.9956193908904,5.06245187431364,2.79065069216932,0.15887306,0.0176526,0.617839679,0.0176526,1.11889386828517,0.158814191818237,0.812017864,0.564881993,20.2211170196533,43.0306748466258,11.4,0.088262811,0,16.9112694530115,19.860682760821,0
54051,WV,Marshall,25.4268333817176,11.7992244922543,5.67078101223605,0.182348651,0.0303914,0.486263068,0.0,0.744730774724042,0.182315409183502,0.638220277,0.425480185,21.870044708252,42.5491837588949,12.3,0.0303914,1,17.5612408252031,20.8173498051772,0
54053,WV,Mason,21.025857204092,7.64528789607978,7.4235371570133,0.146573837,0.0366435,0.403078051,0.0,1.0271410525283,0.146455764770508,0.403078051,0.476364969,26.9983692169189,51.7690025108423,13.1,0.0,0,17.0326452935149,21.7098521446348,0
54055,WV,Mercer,21.3671457322246,9.83123260795972,4.46187869663564,0.191993856,0.0159995,0.575981569,0.0159995,1.16090611988122,0.223799481987953,0.575981569,0.607980545,30.4428577423096,53.9239130434783,11.9,0.031999,0,18.0088012334575,20.5447770782475,0
54057,WV,Mineral,10.8713104070218,4.68591276459439,3.35228237767398,0.142704245,0.0356761,0.463788798,0.071352123,1.07311489483474,0.14271442592144,0.392436675,0.642169105,18.7073001861572,34.9510138983823,11.6,0.071352123,1,17.3436835389196,20.810293492131,0
54059,WV,Mingo,1.00796915034308,0.398045347587727,7.21091575217712,0.18820341,0.0,0.526969549,0.0,1.13013829827989,0.338333159685135,0.37640682,0.414047503,36.6381225585938,62.1661000485673,12.7,0.0376407,0,13.499012630873,22.0425500204926,1
54061,WV,Monongalia,25.5154495184199,9.70249272378888,2.46750927306362,0.121619978,0.04054,0.476344914,0.04054,0.652832595782004,0.121198654174805,0.912149836,0.871609843,10.5504026412964,31.8143695834498,8.4,0.11148498,1,10.215305284388,15.8562829429561,0
54063,WV,Monroe,5.79392566368221,2.200686524321,2.08810245893438,0.147601476,0.0,0.442804428,0.0,0.854192973334324,0.369003683328629,0.073800738,0.590405904,18.4664001464844,47.6314419573139,13.3,0.0,0,19.6341282772923,21.0191082802548,0
54065,WV,Morgan,9.22329366206733,5.16703309005009,7.47087354075958,0.114711787,0.0,0.401491253,0.114711787,0.820407150897678,0.0572672076523304,0.229423573,0.8603384,20.6023712158203,44.0198700802446,11.7,0.17206768,0,18.3341884727211,20.5233453052848,0
54067,WV,Nicholas,4.02855535206801,1.78028765821685,4.11368747133325,0.190832411,0.0381665,1.030495019,0.0,1.56315528613367,0.190737769007683,0.68699668,0.801496126,27.5301303863525,46.1727183513248,12.8,0.0381665,0,17.0662905500705,21.1565585331453,0
54069,WV,Ohio,29.0588437757035,10.4406069726946,5.77915554432278,0.271542361,0.0226285,0.656227371,0.11314265,0.792210247683872,0.203523218631744,0.995655322,0.973026792,20.1564311981201,40.2081010776663,12.2,0.15839971,1,18.4798505951443,19.0468690232433,0
54071,WV,Pendleton,30.7240753330192,12.0605647655732,7.12923131142959,0.132696391,0.0,0.928874735,0.0,1.54198607806855,0.265392780303955,0.265392781,0.663481953,18.0165100097656,42.3474178403756,12.4,0.0,0,21.8453541260559,19.0123456790123,0
54073,WV,Pleasants,0.270129594655511,0.0820646858740448,3.27663118734875,0.131995776,0.0,0.395987328,0.0,1.17401799429449,0.264061272144318,0.659978881,0.263991552,16.0362758636475,38.5758998435055,12.0,0.0,0,16.1472715318869,20.3944773175542,0
54075,WV,Pocahontas,46.2093379623897,17.3263768240406,6.0936112582917,0.566829158,0.0,0.680194989,0.0,1.8024236846142,0.566636443138123,0.113365832,1.360389978,20.2728595733643,47.8444632290786,13.2,0.0,0,19.314141529992,17.891960087166,0
54077,WV,Preston,22.2169912979239,6.14538791251996,5.07016612827322,0.148539853,0.029708,0.653575354,0.0,1.04930243556396,0.148539856076241,0.356495648,0.326787677,17.3697147369385,38.3527827648115,10.9,0.0,1,15.6831742243437,19.5465393794749,0
54079,WV,Putnam,22.8987443656196,5.28506725322274,2.78218449035249,0.142773009,0.0178466,0.553245409,0.0356933,1.10894539440654,0.12492860853672,0.945871183,0.356932522,13.663743019104,28.0552382930121,11.4,0.071386504,1,14.3765995025772,23.6528133222795,0
54081,WV,Raleigh,31.7750070434529,13.0671389905535,6.47146222001831,0.189219533,0.0378439,0.681190317,0.0126146,1.28657782952211,0.138654291629791,0.592887869,0.643346411,23.9650173187256,43.5397800776197,13.8,0.063073178,1,16.0552378295439,20.7712499524468,0
54083,WV,Randolph,7.9694963005258,3.01617146631732,3.3233242445392,0.237901033,0.0339859,0.747688961,0.067971724,1.36695707414466,0.271831452846527,0.475802066,0.815660685,23.7835998535156,47.0130464637217,12.0,0.135943448,0,17.8405033157626,19.4048631185173,0
54085,WV,Ritchie,3.78165890585812,2.11295637776506,5.28215028403492,0.387935215,0.0,0.872854233,0.096983804,1.85619382571317,0.193986415863037,0.387935215,0.581902822,20.6036357879639,37.4524714828897,12.6,0.096983804,0,17.1978179730118,21.131208728108,0
54087,WV,Roane,17.0367832170532,7.64642008084557,7.39415054735852,0.270288533,0.067572133,0.540577066,0.135144267,1.02152002179243,0.270270258188248,0.4054328,0.2027164,28.7411136627197,48.6626746506986,13.8,0.067572133,0,17.1914779579258,21.6869891464558,0
54089,WV,Summers,12.6235869635491,7.3617542254138,6.50245225768462,0.144331385,0.0,0.721656924,0.0,1.32246244934605,0.144341796636581,0.577325539,0.360828462,25.1174564361572,56.2217923920052,13.3,0.0,0,19.2575572628707,18.1158899978459,0
54091,WV,Taylor,3.4031749617179,1.20911187930531,2.5724617642649,0.118147448,0.0590737,0.29536862,0.0590737,0.843583858120966,0.177221179008484,0.649810964,0.29536862,21.4226779937744,41.3361169102297,11.5,0.0,0,16.2414915655519,20.7990529742527,0
54093,WV,Tucker,1.03888480666647,0.519931983436328,4.29613702883883,0.280622983,0.0,0.561245966,0.140311492,1.25089349535382,0.280583620071411,0.841868949,1.683737898,16.2498226165772,45.5645161290323,13.1,0.280622983,0,21.0194650609158,19.1849880969052,0
54095,WV,Tyler,9.52736740682636,2.37999957421238,4.5060429295092,0.43956044,0.0,0.769230769,0.10989011,0.820700084836413,0.219322293996811,0.32967033,0.32967033,21.1031169891357,45.1021846370684,12.2,0.0,0,18.4622067767159,20.9057341442224,0
54097,WV,Upshur,3.96325307674567,1.95255610835095,4.51883457294025,0.206075094,0.041215,0.535795244,0.0,1.14393103730032,0.206041127443314,0.577010263,0.824300375,22.9349975585938,43.8841479182829,13.6,0.041215,0,16.673538385421,20.6316483878948,0
54099,WV,Wayne,13.9458145050882,5.79024880513086,5.08905009729731,0.142321742,0.0237203,0.616727549,0.0,1.07845726588073,0.189663350582123,0.450685516,0.379524645,27.4040794372559,49.4147026689558,12.1,0.071160871,1,16.5109107601045,22.4147265836492,0
54101,WV,Webster,2.51468024898014,1.29891045857875,4.85034501275738,0.438404209,0.0,0.438404209,0.0,1.38228464005308,0.438452273607254,0.109601052,0.657606313,37.7834701538086,56.3885267275098,13.5,0.109601052,0,17.5223945816037,21.5643434564125,1
54103,WV,Wetzel,43.4376043211518,19.8187404473213,6.28152906007995,0.366278005,0.0610463,0.549417008,0.0,1.56801851175253,0.305436760187149,1.098834015,0.793602344,25.2506732940674,43.5302390998594,11.9,0.0610463,0,19.5320508954954,20.8888620876802,0
54105,WV,Wirt,1.15917509455586,0.472009325580016,3.75119551839805,0.347523892,0.0,0.695047785,0.0,0.855139387720198,0.347523897886276,0.521285838,0.521285838,27.3207473754883,48.1188118811881,14.2,0.0,1,15.6375721532272,21.007521427322,0
54107,WV,Wood,18.9549231072076,6.40147226771017,1.74702223023458,0.172681748,0.0345363,0.541069476,0.0575606,1.06400156860936,0.138129502534866,0.886432971,0.713751223,26.1087303161621,43.2508311784263,12.3,0.138145398,1,16.9258015548093,21.8397810386862,0
54109,WV,Wyoming,3.18122138152737,1.01457441698015,9.51498966457571,0.255808996,0.0,0.810061821,0.0426348,1.75811741789484,0.213174164295197,0.298443829,0.511617992,30.1956310272217,51.2912346842601,15.2,0.0,0,15.0823667843335,21.4910068919146,0
55001,WI,Adams,16.23791686964,5.98583941058807,2.45449783881086,0.0481278,0.0,0.336894793,0.0,0.334477811628544,0.0962880924344063,0.433150448,0.914428723,20.1744499206543,59.5054945054945,9.7,0.0481278,0,23.4682634730539,16.3880239520958,0
55003,WI,Ashland,31.4012552312508,12.8364729602124,2.40997578715129,0.499219969,0.0624025,0.748829953,0.0,0.943179923294981,0.436817467212677,0.686427457,1.497659906,22.1696128845215,49.3797381116471,9.1,0.124804992,0,15.8878504672897,23.1726186792103,0
55005,WI,Barron,8.30854389980321,2.93378225593532,1.95138072447616,0.196168182,0.0217965,0.392336363,0.108982323,0.823621163419559,0.21797414124012,0.632097474,0.959044443,17.1182498931885,37.3386168988879,8.5,0.087185858,0,18.1992587747983,22.1277523435797,0
55007,WI,Bayfield,25.173366739838,7.89276979155828,2.96843790340758,0.398300584,0.0,0.796601168,0.132766861,0.772678102302581,0.398327022790909,0.531067446,2.124269782,11.3254108428955,46.3829787234043,9.0,0.132766861,0,20.7273211669109,19.0022645530838,0
55009,WI,Brown,26.2625095935756,6.43106285378461,0.962034777832276,0.11575691,0.0119749,0.359245584,0.071849117,0.523978521820692,0.12775930762291,0.638658816,0.830256461,13.5922212600708,32.6585823109234,7.4,0.131723381,1,11.60814009282,24.9279254214599,0
55011,WI,Buffalo,24.6695932183677,7.10595579508955,2.76866761971487,0.223164472,0.0,0.595105259,0.074388157,0.525013125328133,0.1488316655159,0.148776315,1.413374991,10.433837890625,25.7539492580182,9.6,0.148776315,0,18.0981820858173,22.2344888496357,0
55013,WI,Burnett,10.1192698016078,3.82932888945084,3.24611727507082,0.388073216,0.0,0.776146433,0.0,0.910154726303472,0.323373436927795,0.129357739,1.616971735,18.06325340271,37.0261317629739,10.1,0.064678869,0,23.0898621983567,19.9391861292618,0
55015,WI,Calumet,18.2290221251902,1.73667568534342,1.11780255726923,0.120926295,0.0403088,0.403087651,0.0403088,0.360975675276356,0.141109123826027,0.403087651,0.685249007,6.12298345565796,20.4253611556982,6.9,0.100771913,1,11.486389904229,27.0323252537216,0
55017,WI,Chippewa,18.1877772193633,5.40565042469682,2.27318451997561,0.20652951,0.0158869,0.476606561,0.079434427,0.615841835923842,0.158873900771141,0.444832791,0.810231154,13.4293918609619,31.2654807475794,7.8,0.127095083,1,14.3154690378915,23.5664503725066,0
55019,WI,Clark,8.86162770159617,2.98956111822277,5.29966343516113,0.201769809,0.0,0.461188136,0.0576485,0.503363825565074,0.173010379076004,0.259418326,0.807079238,10.7368488311768,36.3908872901679,8.2,0.0,0,15.6039204381666,29.0890746612857,0
55021,WI,Columbia,5.92489031685551,1.73169767876161,1.34486694903354,0.123500353,0.0352858,0.494001411,0.123500353,0.571876639723613,0.194017216563225,0.705716302,1.217360621,12.1783065795898,22.3358348968105,7.8,0.07057163,1,14.593633980258,23.343831928633,0
55023,WI,Crawford,34.5678794425365,13.229459750495,6.4233587062616,0.359755366,0.0599592,0.599592277,0.179877683,0.905797101449275,0.359755367040634,0.419714594,0.899388416,13.0277709960938,41.9720767888307,9.0,0.0,0,18.3970199471281,22.3744292237443,0
55025,WI,Dane,22.6911708262059,4.65621695447511,1.55367876614189,0.155199694,0.0080623,0.326524031,0.078607637,0.52116123129761,0.131062120199204,0.798169853,0.83041914,12.4184694290161,26.8484174977269,6.3,0.181402239,1,10.2738729657244,21.7352732070817,0
55027,WI,Dodge,7.80626434909259,2.07414365690979,0.976417862380041,0.135732787,0.0113111,0.395887297,0.090488525,0.356274387830119,0.113136246800423,0.373265165,0.64473074,10.5269718170166,30.007590452897,7.6,0.101799591,0,14.9291902792956,22.0586081411462,0
55029,WI,Door,13.2933373021669,4.65508227210999,2.5700596913745,0.360191622,0.0,0.684364082,0.612325757,0.686031323770836,0.252125054597855,0.540287433,3.27774376,10.568751335144,25.9960991919755,8.9,0.144076649,0,22.4761561993882,18.2688500989743,0
55031,WI,Douglas,25.6744103983107,6.42706552723465,1.197555376943,0.182025028,0.0227531,0.500568828,0.0455063,0.68135967416543,0.204764187335968,0.591581342,0.978384528,20.0746746063232,37.6988984088127,8.3,0.136518771,1,14.4047646006477,21.433909282366,0
55033,WI,Dunn,16.6931311788771,5.08635742704066,1.86547244909445,0.137055142,0.0228425,0.342637855,0.045685,0.519982452955769,0.159831941127777,0.434007949,0.548220567,13.41943359375,32.5517016772513,6.6,0.114212618,0,12.1371730852544,20.6557676083635,0
55035,WI,Eau Claire,26.8888196883476,7.81139460609253,2.12080278429296,0.150096061,0.0300192,0.380243356,0.050032,0.621624932540037,0.150112584233284,0.840537944,0.770493116,14.8176431655884,34.2721001351255,6.9,0.130083253,1,12.5941905687895,21.1391994814455,0
55037,WI,Florence,43.4362230106584,22.2674186183458,3.89788346816272,0.228206298,0.0,0.912825194,0.0,0.223114680946006,0.228206291794777,0.228206298,1.597444089,15.4950008392334,32.8482328482329,9.0,0.0,0,21.0490617228126,17.4994347727787,0
55039,WI,Fond du Lac,13.9997962025102,3.06137117395234,1.39352627928892,0.14728842,0.0098192,0.471322945,0.09819228,0.496679529602755,0.157153949141502,0.667707505,0.746261329,11.3423948287964,29.47753171361,8.1,0.108011508,1,14.9803705489359,22.6737378607342,0
55041,WI,Forest,37.6392053214039,17.3425150960732,3.57865746884896,0.216309756,0.0,0.540774389,0.0,0.977623289159244,0.540832877159119,0.324464633,1.730478045,18.2647151947022,20.8837772397094,10.2,0.108154878,0,20.2923473774721,21.9582975064488,0
55043,WI,Grant,12.8198239936651,4.11116476516181,2.20924717762247,0.23447117,0.0195393,0.586177925,0.078157057,0.724254702761955,0.234503239393234,0.410324547,0.781570566,9.62307071685791,30.9203142536476,8.1,0.0390785,0,15.5717856584909,21.2583971254492,0
55045,WI,Green,14.3896003799336,3.78235898788103,1.93498784518657,0.271377785,0.0,0.407066678,0.298515564,0.641216686083792,0.162813410162926,0.325653342,0.922684469,11.8105058670044,27.5281790760438,7.9,0.162826671,1,14.9204712013463,24.301069431627,0
55047,WI,Green Lake,6.9866691805195,2.13469038455971,2.7890451787096,0.314795383,0.0,0.524658972,0.104931794,0.60402332055255,0.209863588213921,0.262329486,1.259181532,11.4750499725342,30.9817945383615,9.2,0.104931794,0,19.1695973964621,23.0329116581807,0
55049,WI,Iowa,12.6979627888658,3.00377438816086,2.31191204082203,0.127248049,0.042416,0.678656261,0.0,0.504053429663544,0.169620901346207,0.508992195,0.678656261,11.1811037063599,24.6631070429697,8.6,0.0,1,13.8008190146494,24.8617385063537,0
55051,WI,Iron,19.2554816684326,7.09855390051369,3.47713832624565,0.335683115,0.0,1.174890903,0.0,0.800471857094709,0.335683107376099,0.503524673,3.021148036,16.559103012085,41.4664981036663,9.3,0.0,0,25.3887762001352,16.5821501014199,0
55053,WI,Jackson,35.5606675818226,14.1713077004602,6.11504097061872,0.194950775,0.0487377,0.536114631,0.0487377,0.398665690342527,0.243676587939262,0.536114631,0.926016181,13.3811635971069,36.8018617021277,8.8,0.194950775,0,16.152379089442,22.6465841850457,0
55055,WI,Jefferson,9.10590120484845,1.94646654661728,1.46157991242319,0.143133185,0.0238555,0.39361626,0.071566593,0.508887784326256,0.155075743794441,0.500966149,0.811088051,11.4173784255981,27.358660424919,8.0,0.155060951,0,13.1945606194585,23.7279831752025,0
55057,WI,Juneau,14.5114489043718,5.42607461764244,2.8517613745624,0.187286961,0.0,0.67423306,0.074914784,0.801071433041693,0.224727511405945,0.262201746,0.67423306,16.6548366546631,40.6436542953543,8.9,0.149829569,0,17.540504050405,21.2758775877588,0
55059,WI,Kenosha,27.7175806154294,6.60469036134498,1.43123683473377,0.161826845,0.00599359,0.365608799,0.0599359,0.541376873729675,0.215796291828156,0.641313794,0.683268902,21.1497230529785,38.7419632796447,7.9,0.107884564,1,11.2236068883468,25.734560705659,0
55061,WI,Kewaunee,0.348933216568604,0.0859078623650841,1.42078747241068,0.243249818,0.0,0.437849672,0.243249818,0.464668994052237,0.19462825357914,0.243249818,1.410848942,9.37306976318359,17.47022121384,8.3,0.04865,1,16.4916885389326,23.5685817050646,0
55063,WI,La Crosse,20.8834147193779,4.78256770916276,1.27557136827639,0.112831551,0.0260381,0.321135953,0.0607555,0.535944794108471,0.138861164450645,0.729065408,0.729065408,12.7848672866821,27.2598783260616,7.3,0.104152201,1,13.2600010467733,21.3384741534221,0
55065,WI,Lafayette,15.3859187670574,4.17375040280492,2.99390861612527,0.355703106,0.0,0.652122362,0.0592839,0.331296109495837,0.177893742918968,0.237135404,0.829973915,11.2106065750122,26.8817204301075,8.3,0.0592839,0,15.4490377761939,25.8315514373961,0
55067,WI,Langlade,30.1487750059788,10.3693352472821,1.93231303446162,0.252576278,0.0505153,0.757728834,0.0505153,0.928942278326377,0.353696137666702,0.555667812,1.464942413,21.8842353820801,37.2149274360746,9.0,0.303091534,0,19.9529458877709,21.0992641537768,0
55069,WI,Lincoln,17.0614689245797,4.36844199219288,1.80201863199031,0.175654312,0.0,0.667486387,0.105392587,0.619305907767446,0.140350878238678,0.491832074,1.124187599,15.0424766540527,36.2158500790246,9.1,0.070261725,0,18.3314198239571,21.9253383432488,0
55071,WI,Manitowoc,15.8497091505462,4.80612380038188,1.73733724364101,0.123400422,0.01234,0.444241519,0.086380295,0.426629974422861,0.135753870010376,0.431901477,0.765082617,10.9863452911377,25.0439058658237,8.2,0.098720338,0,16.838977431792,22.3594705434542,0
55073,WI,Marathon,20.7473117545757,4.9431672019503,1.62968765574631,0.215849293,0.0223292,0.342381636,0.089316949,0.594995113865489,0.163784310221672,0.543344771,0.833624854,13.734185218811,29.8645258404415,8.7,0.111646186,1,14.1634902993369,24.5175775568203,0
55075,WI,Marinette,18.0148645522686,8.10533413151953,2.36161585997903,0.265655565,0.0,0.917719226,0.12075253,0.599491534938928,0.21734930574894,0.627913155,1.304127321,15.0340633392334,38.206940874036,8.5,0.072451518,0,19.7705334259503,20.5202519820834,0
55077,WI,Marquette,1.66016275029481,0.366873841649747,1.94143523781669,0.130132084,0.0,0.585594378,0.0,0.548065329387263,0.13014055788517,0.260264168,1.041056673,15.5918560028076,40.3116883116883,9.3,0.065066042,0,21.0724487146196,20.0272656452869,0
55078,WI,Menominee,29.6735844655806,18.4049361301073,12.7374499091426,0.0,0.0,0.686655985,0.0,0.940860215053764,0.686498880386353,0.0,0.0,61.2092704772949,77.8588807785888,12.6,0.0,0,11.3894139886578,32.5850661625709,0
55079,WI,Milwaukee,13.0921047526663,3.2338064174838,0.991512385697449,0.205940761,0.00315215,0.356193458,0.0588402,0.839348621500097,0.439415812492371,0.615720845,0.592605046,37.9100494384766,53.8745571578265,9.5,0.094564635,1,11.5151387254876,24.9412546756213,0
55081,WI,Monroe,14.4052315576677,5.34652409248869,2.57523089483287,0.13320309,0.044401,0.532812361,0.13320309,0.705838876570584,0.155396699905396,0.421809786,0.688215967,14.9089279174805,35.3315424855083,8.7,0.066601545,0,13.9301143867661,26.1231616412598,0
55083,WI,Oconto,11.8425090061426,4.16298533556596,2.09303918687297,0.133081366,0.0,0.66540683,0.106465093,0.380588643769029,0.133081361651421,0.399244098,1.064650928,12.462474822998,30.9940357852883,8.4,0.07984882,1,15.9904407859798,22.3898035050451,0
55085,WI,Oneida,11.959201910256,3.74268334236922,2.02962929765117,0.195683775,0.0279548,0.754780275,0.195683775,0.59500476003808,0.223569855093956,0.72682545,1.95683775,14.7193555831909,33.3623883198954,9.2,0.139774125,0,21.6678704372465,18.4426912606256,0
55087,WI,Outagamie,14.5618348080854,2.98402117954839,1.32418839399455,0.140500745,0.0112401,0.399022115,0.112400596,0.506106836077309,0.163000106811523,0.646303425,0.989125242,9.40593719482422,22.6389025954801,8.2,0.174220923,1,11.790939188998,25.1416282294349,0
55089,WI,Ozaukee,30.1721604218498,4.05108104837065,1.40599371510393,0.161307048,0.0115219,0.322614096,0.195872844,0.328254034069313,0.138269558548927,0.587618532,0.875666832,5.12564420700073,12.6114455536082,7.9,0.17282898,1,15.2879217547312,23.5800682909891,0
55091,WI,Pepin,0.0,0.0,3.68988741555526,0.27027027,0.0,0.810810811,0.675675676,0.54127198917456,0.270306795835495,0.540540541,1.216216216,8.82725238800049,29.7473512632437,8.7,0.0,0,17.9006560449859,22.8142991029589,0
55093,WI,Pierce,12.9641760254291,3.19288474886065,1.32624884446756,0.171262202,0.0,0.440388521,0.0489321,0.473693667205697,0.12230022251606,0.415922492,0.636116752,7.54411840438843,17.4714189643578,6.8,0.171262202,1,10.4415027182525,22.328676954582,0
55095,WI,Polk,2.22451968615145,0.728613156789648,1.93047978300139,0.273037543,0.0227531,0.568828214,0.068259386,0.749063670411985,0.182025030255318,0.6370876,0.932878271,12.772198677063,30.9028221172264,7.9,0.068259386,0,15.9800927496889,23.7529691211401,0
55097,WI,Portage,25.1658464579191,6.64233772398062,2.07918234962685,0.128435654,0.0142706,0.299683192,0.085623769,0.502841944353736,0.12842832505703,0.570825128,1.02748523,10.927661895752,28.4114262227702,7.0,0.099894397,0,12.7893857381568,20.7757894285837,0
55099,WI,Price,11.56787141816,3.9659587892941,2.5624287275903,0.28604119,0.0,0.85812357,0.071510297,0.961376691422117,0.286061644554138,0.643592677,1.358695652,14.7706756591797,37.0010787486516,9.8,0.071510297,0,20.9619323398545,19.0620806554135,0
55101,WI,Racine,29.592487598588,7.6556018242202,1.93206704982795,0.210330835,0.01026,0.42066167,0.066690265,0.689606787236628,0.292469680309296,0.492481955,0.651512587,20.9055805206299,42.1673717357422,8.4,0.092340367,1,13.1719274543519,24.8249815770081,0
55103,WI,Richland,20.5237840883705,7.65066255665463,3.19089171937601,0.222234569,0.0555586,0.611145064,0.111117284,0.589291727466607,0.16666667163372,0.444469137,0.444469137,16.4054889678955,39.8915989159892,8.7,0.0555586,0,18.0067698795849,23.3061428333611,0
55105,WI,Rock,30.9048856478176,9.15132617524322,2.15231768385911,0.156365319,0.0187638,0.356512928,0.068800741,0.708046062993762,0.18765951693058,0.594188214,0.775571984,22.8176097869873,40.6158622432403,8.3,0.081309966,1,13.5712993744192,25.0625268974808,0
55107,WI,Rusk,20.8813269963482,8.97063213221247,2.65587972641382,0.20526856,0.068422853,0.821074239,0.068422853,1.23987147247835,0.3421610891819,0.342114266,0.752651386,19.4059944152832,49.7148288973384,9.0,0.0,0,20.0881057268722,22.4669603524229,0
55109,WI,St. Croix,12.9962011991703,2.00524173578593,1.85571712693638,0.12973993,0.0117945,0.40101433,0.070767235,0.48000594386179,0.0943752378225327,0.507165183,0.802028661,7.22409677505493,17.9306416007976,6.9,0.12973993,1,10.0397178255973,27.130238899757,0
55111,WI,Sauk,5.23775361120009,1.59458046102139,1.57836890695826,0.224820144,0.0160586,0.529933196,0.208761562,0.662971068901066,0.224932119250298,0.706577595,1.284686536,13.6545705795288,31.8473855886132,8.1,0.064234327,0,14.9864463663354,23.8269652768814,0
55113,WI,Sawyer,28.9469617765805,11.1587966496083,4.10099817607545,0.241618846,0.0604047,0.845665962,0.120809423,0.939830729951953,0.362647324800491,0.483237693,2.839021444,23.9009876251221,51.6538287267784,9.5,0.0604047,0,20.7102736002899,20.8612671377665,0
55115,WI,Shawano,15.4689811600833,5.46999692569315,2.60576362864548,0.168014785,0.0240021,0.55204858,0.0480042,0.71302104613807,0.264016896486282,0.360031683,1.176103497,13.585036277771,35.9730412805392,8.9,0.072006337,0,18.3079453622256,22.7943455147918,0
55117,WI,Sheboygan,9.90938802941225,1.96886019750289,1.23099671097267,0.182263188,0.0260376,0.381884775,0.086791994,0.581113941807453,0.16493484377861,0.572827162,0.815844746,13.8066158294678,28.8059003791617,8.2,0.104150393,1,14.5627537724986,23.8790722640186,0
55119,WI,Taylor,20.535022595896,6.99684267683677,3.88460547643057,0.145250315,0.0484168,0.484167716,0.193667086,0.561358976862247,0.242072135210037,0.338917401,0.823085117,12.4097805023193,37.6393442622951,8.5,0.0484168,0,16.1148436367152,24.5976122577215,0
55121,WI,Trempealeau,2.25766351467073,0.689624152598171,4.03480478284637,0.206853754,0.0,0.655036889,0.068951251,0.713952509358182,0.241470903158188,0.551610012,0.72398814,10.7291135787964,30.8455114822547,8.9,0.0344756,0,15.8488339811216,24.2400055524709,0
55123,WI,Vernon,17.3753482257007,6.08791726702845,5.5868946357095,0.20085699,0.0334762,0.46866631,0.100428495,0.738048028200044,0.200863718986511,0.301285485,0.803427959,11.4800872802734,31.734496124031,8.2,0.0334762,0,16.6661068753569,26.4602156316125,0
55125,WI,Vilas,12.1492702796534,4.46866640900368,2.89264624658062,0.420600056,0.0,1.07486681,0.186933358,0.54675539725685,0.327133387327194,0.560800075,3.878867184,11.0691146850586,36.6557137641475,9.2,0.140200019,0,25.9262715818945,17.7741483901073,0
55127,WI,Walworth,29.9824546338267,8.13099688863101,2.70834219616726,0.165556464,0.0194772,0.506408009,0.068170309,0.510447151704894,0.126658737659454,0.691441705,1.012816018,14.3507051467896,33.9669926650367,7.3,0.107124771,0,13.4571741597214,23.476933912431,0
55129,WI,Washburn,19.662029537575,6.5577282793189,2.06712849978953,0.378692249,0.0,0.694269124,0.063115375,0.831964278192005,0.315616726875305,0.441807624,1.893461247,19.8212413787842,45.5517373043146,9.6,0.12623075,0,21.2431651059016,20.3129910125071,0
55131,WI,Washington,14.4832242757593,2.26406945517669,0.714184400587067,0.143569593,0.0226689,0.347589542,0.083119238,0.363080835111047,0.136027693748474,0.551609491,0.604503551,7.55663871765137,19.2431362849369,7.2,0.158682182,1,13.4986768976472,24.5490457740338,0
55133,WI,Waukesha,41.0569471679649,5.17771899730968,1.93928845100884,0.138174561,0.00767636,0.29170185,0.074204857,0.402973635285281,0.150972753763199,0.644814616,0.721578261,5.45879602432251,13.1576065701995,7.2,0.148409713,1,14.2829662649305,24.0605707749089,0
55135,WI,Waupaca,15.3231113865992,5.86812579364137,2.44379267215303,0.191277735,0.0,0.6503443,0.076511094,0.669787010927599,0.191274076700211,0.592960979,0.841622035,12.2038145065308,29.5864496260449,8.3,0.076511094,0,18.0538065254722,22.6483495516123,0
55137,WI,Waushara,1.25964145960242,0.344912729851294,3.19903499667094,0.285120769,0.0,0.610973076,0.0407315,0.596187127808893,0.244439005851746,0.366583846,1.059019999,13.6352472305298,48.1212920237311,8.6,0.122194615,0,19.9338667537557,19.7338340953625,0
55139,WI,Winnebago,30.728337607806,8.21288496640616,2.06988000390824,0.071643074,0.0119405,0.32836409,0.07761333,0.519370751724982,0.125393345952034,0.602995875,0.668668693,12.2820806503296,29.8811544991511,7.6,0.071643074,1,13.3753308502102,21.6367055103776,0
55141,WI,Wood,26.373886550775,5.84190686532251,1.35672797336227,0.133960267,0.013396,0.348296695,0.0535841,0.417652011895804,0.133962064981461,0.442068882,0.723385444,16.3264808654785,29.8655849836952,8.7,0.120564241,0,17.073138102182,22.7481304097714,0
56001,WY,Albany,40.1032090309846,13.4063992704419,0.89961585501506,0.0542255,0.0271128,0.27112762,0.081338286,0.268269127588797,0.0814265906810761,0.840495621,0.813382859,6.31495761871338,21.9717544812602,5.0,0.108451048,0,8.72200336097413,16.6313121573597,0
56003,WY,Big Horn,18.6529225632872,6.64274262363769,0.930595486463828,0.255841719,0.0,0.511683439,0.0,0.614719348821435,0.25595086812973,0.426402865,0.852805731,3.21575284004211,29.0633608815427,8.5,0.170561146,0,18.0665066849503,25.8227631127871,0
56005,WY,Campbell,22.6296096908909,3.18595496878447,0.826854890646419,0.107388316,0.0214777,0.386597938,0.085910653,0.398615810948183,0.107427537441254,0.558419244,0.515463918,4.73245429992676,21.1299843392362,6.5,0.128865979,0,5.6705612034769,28.1403767368261,0
56007,WY,Carbon,54.1111345600574,14.2763187739467,1.6925512280165,0.252397779,0.0,0.946491671,0.063099445,0.606408783352483,0.126318454742432,0.315497224,1.514386673,10.9331302642822,28.6935286935287,7.7,0.0,0,12.8674850487882,23.6134718287693,0
56009,WY,Converse,12.5372489355587,2.49342960632034,1.10554120286198,0.218404193,0.0,0.509609785,0.0,0.458071578145821,0.218388289213181,0.65521258,1.019219569,8.43137264251709,23.135593220339,6.7,0.072801398,0,12.8388635870744,25.3885635798453,0
56011,WY,Crook,72.5656073595026,25.9000938415054,0.469463559150332,0.56156114,0.0,0.56156114,0.0,0.698812019566737,0.70214855670929,0.56156114,1.544293135,2.60234332084656,17.6855895196507,7.8,0.0,0,16.2360581674432,23.8458280389665,0
56013,WY,Fremont,15.3663994995517,4.78005219612357,1.4556989646417,0.197433366,0.0246792,0.592300099,0.098716683,0.593934971215438,0.222161889076233,0.493583416,0.93780849,12.887393951416,43.6396835057821,8.2,0.148075025,0,14.4680108665853,25.4517359120704,0
56015,WY,Goshen,29.4294659108393,10.5163223214492,1.48231695192368,0.220913108,0.0,0.147275405,0.073637703,0.256673511293635,0.221027031540871,0.58910162,1.030927835,13.1029176712036,39.2135445111961,8.6,0.0,0,18.8693486300853,20.3864442599442,0
56017,WY,Hot Springs,8.19097747255243,2.62350625055432,1.97607599513427,0.415973378,0.0,0.623960067,0.0,0.950504631549841,0.416233092546463,0.623960067,1.8718802,12.0180702209473,33.7899543378995,8.8,0.623960067,0,22.6101413133832,20.0332502078138,0
56019,WY,Johnson,19.9974315769747,4.85731621590352,1.35237942699056,0.578368999,0.0,0.578368999,0.0,0.909266782743277,0.347021400928497,0.925390399,1.156737999,4.05233287811279,23.336006415397,8.3,0.2313476,0,18.53191737659,22.1262691095811,0
56021,WY,Laramie,24.0926248177701,5.91824877585732,0.697812598489669,0.086405219,0.0216013,0.302418266,0.0432026,0.398660782010168,0.0864294916391373,0.77764697,0.518431313,9.70479965209961,30.0652667423383,8.1,0.0540033,1,12.5411497961586,24.4184525496523,0
56023,WY,Lincoln,13.6483699534022,3.19555251501666,1.39761475309324,0.388694542,0.0,0.610805708,0.0555278,0.695952341183676,0.277638971805573,0.6663335,1.332667,6.44813632965088,23.1443783275916,7.9,0.111055583,0,12.3771125593726,28.1895504252734,0
56025,WY,Natrona,42.7662029977771,12.066377425961,2.23144733582472,0.130854085,0.0392562,0.405647662,0.065427042,0.541627978953884,0.104724377393723,0.758953691,0.876722367,8.56313323974609,29.6552291615239,7.4,0.130854085,1,12.4479787939032,23.8833664678595,0
56027,WY,Niobrara,21.9297178743476,6.18019321639122,0.0882488918706695,0.402738623,0.0,0.402738623,0.0,0.407166123778502,0.402738630771637,1.208215868,1.208215868,11.7797527313232,20.1923076923077,7.9,0.402738623,0,20.6521739130435,18.9210950080515,0
56029,WY,Park,21.0794890312317,7.5316856710746,0.629670922223509,0.105093533,0.0350312,0.77068591,0.105093533,0.508094674006457,0.140617311000824,0.735654733,1.296153577,7.3215126991272,23.6597029952177,6.7,0.140124711,0,17.5217160078,20.9572770785322,0
56031,WY,Platte,20.7550381037376,6.71248121175223,1.86243057799431,0.345025877,0.0,0.80506038,0.0,0.618623420130958,0.34502586722374,0.920069005,1.495112133,7.9610538482666,22.2310756972112,9.3,0.0,0,20.7338179300796,20.3646013614861,0
56033,WY,Sheridan,44.5688334210808,11.779356427292,1.54776182384617,0.273466876,0.0341834,0.376016955,0.068366719,0.495562463395954,0.170975238084793,0.478567034,0.991317427,7.53804302215576,25.5433512502921,8.9,0.136733438,0,15.6202775106471,22.2729770572881,0
56035,WY,Sublette,20.0470554930564,4.19322103196146,0.0628790069817993,0.294435175,0.0,0.785160467,0.0,0.233088991769547,0.196367204189301,0.098145058,1.177740701,1.35960304737091,10.8156028368794,5.3,0.196290117,0,10.1395530399141,23.6947399238802,0
56037,WY,Sweetwater,30.5705051926976,5.51207326876686,0.877134382564625,0.113602799,0.0227206,0.636175675,0.0227206,0.428936458494415,0.0909483656287193,0.568013996,0.749778475,5.09339427947998,25.3013593229033,6.8,0.090882239,0,8.31621239099667,27.0944619458522,0
56039,WY,Teton,29.1745266133601,4.97540881726745,1.37484798687774,0.232818029,0.0,0.605326877,0.279381635,0.242214532871972,0.140095263719559,1.257217359,2.654125535,1.00572729110718,14.4951140065147,4.1,0.419072453,0,9.85254062177139,19.1415422184653,0
56041,WY,Uinta,20.2204144280536,7.19014955369202,0.966219301999317,0.143547538,0.0478492,0.574190153,0.095698359,0.554894966309949,0.14358876645565,0.909134408,1.196229485,9.92507553100586,27.7020890099909,6.3,0.143547538,0,8.87394639643906,30.1685765697509,0
56043,WY,Washakie,10.9154066204495,2.73793925205226,0.396304299402723,0.236406619,0.0,0.472813239,0.0,0.66950220541903,0.236742421984673,0.827423168,1.654846336,8.75786685943604,32.7586206896552,10.5,0.11820331,0,17.6725653345834,25.4541193015352,0
56045,WY,Weston,17.2099486947815,3.98922184620026,1.48303697215601,0.560145638,0.0,0.420109228,0.0,0.976654429069001,0.420050412416458,0.420109228,1.540400504,8.35218143463135,23.2023010546501,7.1,0.140036409,0,15.9406215316315,21.822974472808,0
